{
  "losses": [
    0.000975197495752765,
    0.0007105042391938026,
    0.0006824577425091475,
    0.0006504202312117928,
    0.0006158363464985977
  ],
  "metrics": {
    "both": {
      "optimistic": {
        "adjusted_arithmetic_mean_rank": 0.1223330365810328,
        "adjusted_arithmetic_mean_rank_index": 0.8777899778110253,
        "adjusted_hits_at_k": 0.30771378619449874,
        "adjusted_inverse_harmonic_mean_rank": 0.1809697637390021,
        "arithmetic_mean_rank": 872.9280506898914,
        "count": 40876.0,
        "geometric_mean_rank": 68.13149559739709,
        "harmonic_mean_rank": 5.508020077803989,
        "hits_at_1": 0.11840688912809473,
        "hits_at_10": 0.30820041099911927,
        "hits_at_3": 0.1975976122908308,
        "hits_at_5": 0.24456894020941383,
        "inverse_arithmetic_mean_rank": 0.001145569785745436,
        "inverse_geometric_mean_rank": 0.014677499609126505,
        "inverse_harmonic_mean_rank": 0.18155344132272905,
        "inverse_median_rank": 0.014285714285714285,
        "median_absolute_deviation": 102.29955307688654,
        "median_rank": 70.0,
        "standard_deviation": 1981.9991308986464,
        "variance": 3928320.5548829897,
        "z_arithmetic_mean_rank": 306.9925623551912,
        "z_hits_at_k": 2345.712494633238,
        "z_inverse_harmonic_mean_rank": 3407.770157360449
      },
      "pessimistic": {
        "adjusted_arithmetic_mean_rank": 0.12233337256843348,
        "adjusted_arithmetic_mean_rank_index": 0.8777896417765324,
        "adjusted_hits_at_k": 0.30771378619449874,
        "adjusted_inverse_harmonic_mean_rank": 0.18096974666989954,
        "arithmetic_mean_rank": 872.9304481847539,
        "count": 40876.0,
        "geometric_mean_rank": 68.13161233034441,
        "harmonic_mean_rank": 5.508020595282298,
        "hits_at_1": 0.11840688912809473,
        "hits_at_10": 0.30820041099911927,
        "hits_at_3": 0.1975976122908308,
        "hits_at_5": 0.24456894020941383,
        "inverse_arithmetic_mean_rank": 0.0011455666394493231,
        "inverse_geometric_mean_rank": 0.014677474461508093,
        "inverse_harmonic_mean_rank": 0.18155342426579069,
        "inverse_median_rank": 0.014285714285714285,
        "median_absolute_deviation": 102.29955307688654,
        "median_rank": 70.0,
        "standard_deviation": 1982.0041488880931,
        "variance": 3928340.446209614,
        "z_arithmetic_mean_rank": 306.9924448326714,
        "z_hits_at_k": 2345.712494633238,
        "z_inverse_harmonic_mean_rank": 3407.7698359389187
      },
      "realistic": {
        "adjusted_arithmetic_mean_rank": 0.12233320609058031,
        "adjusted_arithmetic_mean_rank_index": 0.8777898082777192,
        "adjusted_hits_at_k": 0.30771378619449874,
        "adjusted_inverse_harmonic_mean_rank": 0.1809697551097282,
        "arithmetic_mean_rank": 872.9292602539062,
        "count": 40876.0,
        "geometric_mean_rank": 68.13153839111328,
        "harmonic_mean_rank": 5.508020259533576,
        "hits_at_1": 0.11840688912809473,
        "hits_at_10": 0.30820041099911927,
        "hits_at_3": 0.1975976122908308,
        "hits_at_5": 0.24456894020941383,
        "inverse_arithmetic_mean_rank": 0.001145568210631609,
        "inverse_geometric_mean_rank": 0.01467749010771513,
        "inverse_harmonic_mean_rank": 0.18155343269960478,
        "inverse_median_rank": 0.014285714365541935,
        "median_absolute_deviation": 102.29955307688654,
        "median_rank": 70.0,
        "standard_deviation": 1982.0015869140625,
        "variance": 3928330.5,
        "z_arithmetic_mean_rank": 306.9925030637145,
        "z_hits_at_k": 2345.712494633238,
        "z_inverse_harmonic_mean_rank": 3407.769994866
      }
    },
    "head": {
      "optimistic": {
        "adjusted_arithmetic_mean_rank": 0.17011602215789823,
        "adjusted_arithmetic_mean_rank_index": 0.8300019321687586,
        "adjusted_hits_at_k": 0.192592564681411,
        "adjusted_inverse_harmonic_mean_rank": 0.10238267347048406,
        "arithmetic_mean_rank": 1197.0449163323221,
        "count": 20438.0,
        "geometric_mean_rank": 153.8541949078438,
        "harmonic_mean_rank": 9.705733847342007,
        "hits_at_1": 0.05974165769644779,
        "hits_at_10": 0.1931695860651727,
        "hits_at_3": 0.1055876308836481,
        "hits_at_5": 0.13925041589196593,
        "inverse_arithmetic_mean_rank": 0.0008353905407860078,
        "inverse_geometric_mean_rank": 0.00649966028289956,
        "inverse_harmonic_mean_rank": 0.1030318794774965,
        "inverse_median_rank": 0.0043859649122807015,
        "median_absolute_deviation": 335.06810138226604,
        "median_rank": 228.0,
        "standard_deviation": 2263.4322111858924,
        "variance": 5123125.374633859,
        "z_arithmetic_mean_rank": 205.04053161769326,
        "z_hits_at_k": 1029.5678854528737,
        "z_inverse_harmonic_mean_rank": 1352.0445282016553
      },
      "pessimistic": {
        "adjusted_arithmetic_mean_rank": 0.17011651584834828,
        "adjusted_arithmetic_mean_rank_index": 0.8300014384081386,
        "adjusted_hits_at_k": 0.192592564681411,
        "adjusted_inverse_harmonic_mean_rank": 0.1023826397223952,
        "arithmetic_mean_rank": 1197.0483902534495,
        "count": 20438.0,
        "geometric_mean_rank": 153.8546405130579,
        "harmonic_mean_rank": 9.705737024156553,
        "hits_at_1": 0.05974165769644779,
        "hits_at_10": 0.1931695860651727,
        "hits_at_3": 0.1055876308836481,
        "hits_at_5": 0.13925041589196593,
        "inverse_arithmetic_mean_rank": 0.0008353881164221534,
        "inverse_geometric_mean_rank": 0.006499641458101671,
        "inverse_harmonic_mean_rank": 0.10303184575381609,
        "inverse_median_rank": 0.0043859649122807015,
        "median_absolute_deviation": 335.06810138226604,
        "median_rank": 228.0,
        "standard_deviation": 2263.438376850168,
        "variance": 5123153.285798122,
        "z_arithmetic_mean_rank": 205.04040964094105,
        "z_hits_at_k": 1029.5678854528737,
        "z_inverse_harmonic_mean_rank": 1352.0440825313349
      },
      "realistic": {
        "adjusted_arithmetic_mean_rank": 0.17011626581502265,
        "adjusted_arithmetic_mean_rank_index": 0.8300016884770023,
        "adjusted_hits_at_k": 0.192592564681411,
        "adjusted_inverse_harmonic_mean_rank": 0.1023826564070964,
        "arithmetic_mean_rank": 1197.046630859375,
        "count": 20438.0,
        "geometric_mean_rank": 153.8544464111328,
        "harmonic_mean_rank": 9.705735764932905,
        "hits_at_1": 0.05974165769644779,
        "hits_at_10": 0.1931695860651727,
        "hits_at_3": 0.1055876308836481,
        "hits_at_5": 0.13925041589196593,
        "inverse_arithmetic_mean_rank": 0.0008353893645107746,
        "inverse_geometric_mean_rank": 0.006499649491161108,
        "inverse_harmonic_mean_rank": 0.10303186242645,
        "inverse_median_rank": 0.004385964944958687,
        "median_absolute_deviation": 335.06810138226604,
        "median_rank": 228.0,
        "standard_deviation": 2263.435302734375,
        "variance": 5123139.0,
        "z_arithmetic_mean_rank": 205.0404714170054,
        "z_hits_at_k": 1029.5678854528737,
        "z_inverse_harmonic_mean_rank": 1352.0443028660675
      }
    },
    "tail": {
      "optimistic": {
        "adjusted_arithmetic_mean_rank": 0.0758581855656241,
        "adjusted_arithmetic_mean_rank_index": 0.9242695695064783,
        "adjusted_hits_at_k": 0.4228323039013454,
        "adjusted_inverse_harmonic_mean_rank": 0.2595551852130943,
        "arithmetic_mean_rank": 548.8111850474606,
        "count": 20438.0,
        "geometric_mean_rank": 30.1707775671542,
        "harmonic_mean_rank": 3.8450446518083097,
        "hits_at_1": 0.17707212055974167,
        "hits_at_10": 0.42323123593306583,
        "hits_at_3": 0.2896075936980135,
        "hits_at_5": 0.3498874645268617,
        "inverse_arithmetic_mean_rank": 0.0018221202979190757,