{
  "losses": [
    0.0005177027531600979,
    9.552033202193208e-05,
    7.630582763936014e-05,
    6.830938954821957e-05,
    6.340357705154206e-05
  ],
  "metrics": {
    "both": {
      "optimistic": {
        "adjusted_arithmetic_mean_rank": 0.6174970603345358,
        "adjusted_arithmetic_mean_rank_index": 0.3825547282632912,
        "adjusted_hits_at_k": 0.001387949404711147,
        "adjusted_inverse_harmonic_mean_rank": 0.0015853138783117442,
        "arithmetic_mean_rank": 4561.35964347988,
        "count": 118142.0,
        "geometric_mean_rank": 2305.144626685176,
        "harmonic_mean_rank": 439.683412149987,
        "hits_at_1": 0.00024546731898901324,
        "hits_at_10": 0.0020653112356316975,
        "hits_at_3": 0.0005755785410776862,
        "hits_at_5": 0.0008718322019264953,
        "inverse_arithmetic_mean_rank": 0.00021923287751042053,
        "inverse_geometric_mean_rank": 0.0004338122599439721,
        "inverse_harmonic_mean_rank": 0.0022743637179991564,
        "inverse_median_rank": 0.0002976633427593392,
        "median_absolute_deviation": 4103.101639714253,
        "median_rank": 3359.5,
        "standard_deviation": 4113.257051319545,
        "variance": 16918883.57022996,
        "z_arithmetic_mean_rank": 227.55016767242148,
        "z_hits_at_k": 18.31120288173195,
        "z_inverse_harmonic_mean_rank": 51.66200401260044
      },
      "pessimistic": {
        "adjusted_arithmetic_mean_rank": 0.617497263153951,
        "adjusted_arithmetic_mean_rank_index": 0.3825545254164153,
        "adjusted_hits_at_k": 0.001387949404711147,
        "adjusted_inverse_harmonic_mean_rank": 0.001585313588680166,
        "arithmetic_mean_rank": 4561.361141676965,
        "count": 118142.0,
        "geometric_mean_rank": 2305.145527422239,
        "harmonic_mean_rank": 439.6834681033637,
        "hits_at_1": 0.00024546731898901324,
        "hits_at_10": 0.0020653112356316975,
        "hits_at_3": 0.0005755785410776862,
        "hits_at_5": 0.0008718322019264953,
        "inverse_arithmetic_mean_rank": 0.0002192328055025159,
        "inverse_geometric_mean_rank": 0.00043381209043155894,
        "inverse_harmonic_mean_rank": 0.0022743634285674655,
        "inverse_median_rank": 0.0002976633427593392,
        "median_absolute_deviation": 4103.101639714253,
        "median_rank": 3359.5,
        "standard_deviation": 4113.25777071006,
        "variance": 16918889.48830669,
        "z_arithmetic_mean_rank": 227.55004701559199,
        "z_hits_at_k": 18.31120288173195,
        "z_inverse_harmonic_mean_rank": 51.66199457412396
      },
      "realistic": {
        "adjusted_arithmetic_mean_rank": 0.6174971561916859,
        "adjusted_arithmetic_mean_rank_index": 0.38255463239316256,
        "adjusted_hits_at_k": 0.001387949404711147,
        "adjusted_inverse_harmonic_mean_rank": 0.00158531373336889,
        "arithmetic_mean_rank": 4561.3603515625,
        "count": 118142.0,
        "geometric_mean_rank": 2305.14501953125,
        "harmonic_mean_rank": 439.68341606952293,
        "hits_at_1": 0.00024546731898901324,
        "hits_at_10": 0.0020653112356316975,
        "hits_at_3": 0.0005755785410776862,
        "hits_at_5": 0.0008718322019264953,
        "inverse_arithmetic_mean_rank": 0.00021923283929936588,
        "inverse_geometric_mean_rank": 0.00043381217983551323,
        "inverse_harmonic_mean_rank": 0.0022743635731563338,
        "inverse_median_rank": 0.0002976633550133556,
        "median_absolute_deviation": 4103.101639714253,
        "median_rank": 3359.5,
        "standard_deviation": 4113.25732421875,
        "variance": 16918886.0,
        "z_arithmetic_mean_rank": 227.5501106472111,
        "z_hits_at_k": 18.31120288173195,
        "z_inverse_harmonic_mean_rank": 51.661999289221434
      }
    },
    "head": {
      "optimistic": {
        "adjusted_arithmetic_mean_rank": 0.6461976610370368,
        "adjusted_arithmetic_mean_rank_index": 0.3538503724133438,
        "adjusted_hits_at_k": 0.0011317658443619886,
        "adjusted_inverse_harmonic_mean_rank": 0.0012519077863274576,
        "arithmetic_mean_rank": 4760.375971288788,
        "count": 59071.0,
        "geometric_mean_rank": 2569.324969383426,
        "harmonic_mean_rank": 514.6465541118973,
        "hits_at_1": 0.00020314536743918336,
        "hits_at_10": 0.0018113795263327182,
        "hits_at_3": 0.00042321951549829863,
        "hits_at_5": 0.0006771512247972779,
        "inverse_arithmetic_mean_rank": 0.0002100674413179318,
        "inverse_geometric_mean_rank": 0.0003892072867061169,
        "inverse_harmonic_mean_rank": 0.0019430811146217727,
        "inverse_median_rank": 0.0002697599136768276,
        "median_absolute_deviation": 4281.755207044179,
        "median_rank": 3707.0,
        "standard_deviation": 4079.129880173063,
        "variance": 16639300.579320708,
        "z_arithmetic_mean_rank": 148.80767083723669,
        "z_hits_at_k": 10.541913177435609,
        "z_inverse_harmonic_mean_rank": 28.803820514157955
      },
      "pessimistic": {
        "adjusted_arithmetic_mean_rank": 0.6461979000289159,
        "adjusted_arithmetic_mean_rank_index": 0.3538501333890185,
        "adjusted_hits_at_k": 0.0011317658443619886,
        "adjusted_inverse_harmonic_mean_rank": 0.001251907536445022,
        "arithmetic_mean_rank": 4760.377731881973,
        "count": 59071.0,
        "geometric_mean_rank": 2569.3260504361556,
        "harmonic_mean_rank": 514.6466202502345,
        "hits_at_1": 0.00020314536743918336,
        "hits_at_10": 0.0018113795263327182,
        "hits_at_3": 0.00042321951549829863,
        "hits_at_5": 0.0006771512247972779,
        "inverse_arithmetic_mean_rank": 0.00021006736362592362,
        "inverse_geometric_mean_rank": 0.00038920712294581887,
        "inverse_harmonic_mean_rank": 0.0019430808649122655,
        "inverse_median_rank": 0.0002697599136768276,
        "median_absolute_deviation": 4281.755207044179,
        "median_rank": 3707.0,
        "standard_deviation": 4079.130608036787,
        "variance": 16639306.51742257,
        "z_arithmetic_mean_rank": 148.80757031832837,
        "z_hits_at_k": 10.541913177435609,
        "z_inverse_harmonic_mean_rank": 28.803814764877608
      },
      "realistic": {
        "adjusted_arithmetic_mean_rank": 0.6461977943164811,
        "adjusted_arithmetic_mean_rank_index": 0.35385023911580515,
        "adjusted_hits_at_k": 0.0011317658443619886,
        "adjusted_inverse_harmonic_mean_rank": 0.0012519076612958744,
        "arithmetic_mean_rank": 4760.376953125,
        "count": 59071.0,
        "geometric_mean_rank": 2569.32470703125,
        "harmonic_mean_rank": 514.6466113756944,
        "hits_at_1": 0.00020314536743918336,
        "hits_at_10": 0.0018113795263327182,
        "hits_at_3": 0.00042321951549829863,
        "hits_at_5": 0.0006771512247972779,
        "inverse_arithmetic_mean_rank": 0.0002100674028042704,
        "inverse_geometric_mean_rank": 0.00038920732913538814,
        "inverse_harmonic_mean_rank": 0.001943080989676716,
        "inverse_median_rank": 0.0002697599120438099,
        "median_absolute_deviation": 4281.755207044179,
        "median_rank": 3707.0,
        "standard_deviation": 4079.130126953125,
        "variance": 16639303.0,
        "z_arithmetic_mean_rank": 148.8076147805025,
        "z_hits_at_k": 10.541913177435609,
        "z_inverse_harmonic_mean_rank": 28.803817637438655
      }
    },
    "tail": {
      "optimistic": {
        "adjusted_arithmetic_mean_rank": 0.5889522536778217,
        "adjusted_arithmetic_mean_rank_index": 0.4111032486444999,
        "adjusted_hits_at_k": 0.001644131898392271,
        "adjusted_inverse_harmonic_mean_rank": 0.001918718705307047,
        "arithmetic_mean_rank": 4362.3433156709725,
        "count": 59071.0,
        "geometric_mean_rank": 2068.1275483850927,
        "harmonic_mean_rank": 383.78193993408456,
        "hits_at_1": 0.0002877892705388431,
        "hits_at_10": 0.0023192429449306767,