{
  "evaluator_metadata": {
    "batch_size": 1024,
    "slice_size": null
  },
  "losses": [
    0.004399372436803763,
    0.0007778990072353506,
    0.0003317295822744947,
    0.00021465736021517208,
    0.0001767241696370522
  ],
  "metrics": {
    "both": {
      "optimistic": {
        "adjusted_arithmetic_mean_rank": 1.2642043057767773,
        "adjusted_arithmetic_mean_rank_index": -0.2642400774509712,
        "adjusted_geometric_mean_rank_index": -0.36675010197140323,
        "adjusted_hits_at_k": -7.738405941025406e-05,
        "adjusted_inverse_harmonic_mean_rank": -0.00017050125511989926,
        "arithmetic_mean_rank": 9338.490612991147,
        "count": 118142.0,
        "geometric_mean_rank": 7423.285855813262,
        "harmonic_mean_rank": 1923.9636122992003,
        "hits_at_1": 6.771512247972779e-05,
        "hits_at_10": 0.0006009717120075841,
        "hits_at_3": 0.00011850146433952363,
        "hits_at_5": 0.00022853853836908128,
        "inverse_arithmetic_mean_rank": 0.00010708368637313402,
        "inverse_geometric_mean_rank": 0.00013471123427328188,
        "inverse_harmonic_mean_rank": 0.0005197603497318574,
        "inverse_median_rank": 9.800078400627205e-05,
        "median_absolute_deviation": 5381.846053175335,
        "median_rank": 10204.0,
        "standard_deviation": 4446.329053094438,
        "variance": 19769842.04839168,
        "z_arithmetic_mean_rank": -157.17456742126456,
        "z_geometric_mean_rank": -126.27729170514175,
        "z_hits_at_k": -1.0209271367266144,
        "z_inverse_harmonic_mean_rank": -5.556272891232151
      },
      "pessimistic": {
        "adjusted_arithmetic_mean_rank": 1.2642043527575457,
        "adjusted_arithmetic_mean_rank_index": -0.2642401244381005,
        "adjusted_geometric_mean_rank_index": -0.36675019622610616,
        "adjusted_hits_at_k": -7.738405941025406e-05,
        "adjusted_inverse_harmonic_mean_rank": -0.00017050128074743386,
        "arithmetic_mean_rank": 9338.49096003115,
        "count": 118142.0,
        "geometric_mean_rank": 7423.286367673732,
        "harmonic_mean_rank": 1923.9637070975393,
        "hits_at_1": 6.771512247972779e-05,
        "hits_at_10": 0.0006009717120075841,
        "hits_at_3": 0.00011850146433952363,
        "hits_at_5": 0.00022853853836908128,
        "inverse_arithmetic_mean_rank": 0.00010708368239365565,
        "inverse_geometric_mean_rank": 0.00013471122498449087,
        "inverse_harmonic_mean_rank": 0.0005197603241220095,
        "inverse_median_rank": 9.800078400627205e-05,
        "median_absolute_deviation": 5381.846053175335,
        "median_rank": 10204.0,
        "standard_deviation": 4446.328912173295,
        "variance": 19769840.79522816,
        "z_arithmetic_mean_rank": -157.17459537002162,
        "z_geometric_mean_rank": -126.27732415838051,
        "z_hits_at_k": -1.0209271367266144,
        "z_inverse_harmonic_mean_rank": -5.55627372637894
      },
      "realistic": {
        "adjusted_arithmetic_mean_rank": 1.2642042545213674,
        "adjusted_arithmetic_mean_rank_index": -0.26424002618862175,
        "adjusted_geometric_mean_rank_index": -0.3667504227168079,
        "adjusted_hits_at_k": -7.738405941025406e-05,
        "adjusted_inverse_harmonic_mean_rank": -0.0001705012723187267,
        "arithmetic_mean_rank": 9338.490234375,
        "count": 118142.0,
        "geometric_mean_rank": 7423.28759765625,
        "harmonic_mean_rank": 1923.9636759190637,
        "hits_at_1": 6.771512247972779e-05,
        "hits_at_10": 0.0006009717120075841,
        "hits_at_3": 0.00011850146433952363,
        "hits_at_5": 0.00022853853836908128,
        "inverse_arithmetic_mean_rank": 0.00010708368790801615,
        "inverse_geometric_mean_rank": 0.00013471119746100157,
        "inverse_harmonic_mean_rank": 0.0005197603325448996,
        "inverse_median_rank": 9.800078260013834e-05,
        "median_absolute_deviation": 5381.846053175335,
        "median_rank": 10204.0,
        "standard_deviation": 4446.3291015625,
        "variance": 19769842.0,
        "z_arithmetic_mean_rank": -157.17453692953256,
        "z_geometric_mean_rank": -126.27740214235996,
        "z_hits_at_k": -1.0209271367266144,
        "z_inverse_harmonic_mean_rank": -5.556273451705319
      }
    },
    "head": {
      "optimistic": {
        "adjusted_arithmetic_mean_rank": 1.22332789159549,
        "adjusted_arithmetic_mean_rank_index": -0.22335821137582568,
        "adjusted_geometric_mean_rank_index": -0.31018246346676426,
        "adjusted_hits_at_k": -2.0174999586579823e-05,
        "adjusted_inverse_harmonic_mean_rank": -0.0001228583296856978,
        "arithmetic_mean_rank": 9011.949518376192,
        "count": 59071.0,
        "geometric_mean_rank": 7095.621736831286,
        "harmonic_mean_rank": 1756.6468268960064,
        "hits_at_1": 8.464390309965973e-05,
        "hits_at_10": 0.0006602224441773459,
        "hits_at_3": 0.0001523590255793875,
        "hits_at_5": 0.0002877892705388431,
        "inverse_arithmetic_mean_rank": 0.00011096378180558028,
        "inverse_geometric_mean_rank": 0.00014093197708233148,
        "inverse_harmonic_mean_rank": 0.0005692663913366122,
        "inverse_median_rank": 0.00010339123242349049,
        "median_absolute_deviation": 5564.206126051524,
        "median_rank": 9672.0,
        "standard_deviation": 4425.760932990495,
        "variance": 19587359.835984897,
        "z_arithmetic_mean_rank": -93.9307057119106,
        "z_geometric_mean_rank": -75.51395097640778,
        "z_hits_at_k": -0.1879214636632005,
        "z_inverse_harmonic_mean_rank": -2.826717203602767
      },
      "pessimistic": {
        "adjusted_arithmetic_mean_rank": 1.2233279329594688,
        "adjusted_arithmetic_mean_rank_index": -0.22335825274542032,
        "adjusted_geometric_mean_rank_index": -0.31018253160783194,
        "adjusted_hits_at_k": -2.0174999586579823e-05,
        "adjusted_inverse_harmonic_mean_rank": -0.00012285834022563564,
        "arithmetic_mean_rank": 9011.949823094243,
        "count": 59071.0,
        "geometric_mean_rank": 7095.62210581432,
        "harmonic_mean_rank": 1756.646859397724,
        "hits_at_1": 8.464390309965973e-05,
        "hits_at_10": 0.0006602224441773459,
        "hits_at_3": 0.0001523590255793875,
        "hits_at_5": 0.0002877892705388431,
        "inverse_arithmetic_mean_rank": 0.00011096377805359897,
        "inverse_geometric_mean_rank": 0.00014093196975365648,
        "inverse_harmonic_mean_rank": 0.0005692663808039685,
        "inverse_median_rank": 0.00010339123242349049,
        "median_absolute_deviation": 5564.206126051524,
        "median_rank": 9672.0,
        "standard_deviation": 4425.760798550912,
        "variance": 19587358.645990007,
        "z_arithmetic_mean_rank": -93.93072310941398,
        "z_geometric_mean_rank": -75.51396756535735,
        "z_hits_at_k": -0.1879214636632005,
        "z_inverse_harmonic_mean_rank": -2.826717446105034
      },
      "realistic": {
        "adjusted_arithmetic_mean_rank": 1.223327850922706,
        "adjusted_arithmetic_mean_rank_index": -0.22335817069751962,
        "adjusted_geometric_mean_rank_index": -0.3101824348794342,
        "adjusted_hits_at_k": -2.0174999586579823e-05,
        "adjusted_inverse_harmonic_mean_rank": -0.00012285830888574488,
        "arithmetic_mean_rank": 9011.94921875,
        "count": 59071.0,
        "geometric_mean_rank": 7095.62158203125,
        "harmonic_mean_rank": 1756.6467627557643,
        "hits_at_1": 8.464390309965973e-05,
        "hits_at_10": 0.0006602224441773459,
        "hits_at_3": 0.0001523590255793875,
        "hits_at_5": 0.0002877892705388431,
        "inverse_arithmetic_mean_rank": 0.00011096378875663504,
        "inverse_geometric_mean_rank": 0.0001409319811500609,
        "inverse_harmonic_mean_rank": 0.0005692664121221707,
        "inverse_median_rank": 0.00010339123400626704,
        "median_absolute_deviation": 5564.206126051524,
        "median_rank": 9672.0,