{"results": {"interactions.DistMultSuite.time_score_h": {"result": [0.04842462699999994], "stats": [{"ci_99": [0.04619211900000009, 0.05557768399999996], "q_25": 0.04633833250000005, "q_75": 0.05196825899999999, "min": 0.04619211900000009, "max": 0.05557768399999996, "mean": 0.049317079100000015, "std": 0.003236203262469104, "repeat": 10, "number": 1}], "params": [["64"], ["64"], ["15000"], ["237"]]}, "interactions.DistMultSuite.time_score_hrt": {"result": [5.6118889204545425e-05], "stats": [{"ci_99": [5.4368732954545255e-05, 5.931024999999979e-05], "q_25": 5.528425142045451e-05, "q_75": 5.745912357954503e-05, "min": 5.4368732954545255e-05, "max": 5.931024999999979e-05, "mean": 5.636796363636354e-05, "std": 1.5273388884968596e-06, "repeat": 10, "number": 176}], "params": [["64"], ["64"], ["15000"], ["237"]]}, "interactions.DistMultSuite.time_score_t": {"result": [0.04924892949999998], "stats": [{"ci_99": [0.04649127799999997, 0.05521088899999982], "q_25": 0.046556786499999975, "q_75": 0.05374832075000002, "min": 0.04649127799999997, "max": 0.05521088899999982, "mean": 0.050091682699999994, "std": 0.0036369107633065717, "repeat": 10, "number": 1}], "params": [["64"], ["64"], ["15000"], ["237"]]}, "training.SLCWATrainingSuite.time_train": {"result": [0.003999589270833331, 1.9933319350000005, 0.269637216, 2.2862387655000003, 0.10032919399999995, 2.3639800849999997, 0.1932063785, 2.390321718000001, 6.5122091205, 8.3245363355, 21.548479775000004, 23.775326677000002, 9.1915744965, 11.42623175, null, null], "stats": [{"ci_99": [0.0038295771666666625, 0.00419041466666666], "q_25": 0.003856757739583339, "q_75": 0.004135367010416675, "min": 0.0038295771666666625, "max": 0.00419041466666666, "mean": 0.003997857287499999, "std": 0.00013868356802444667, "repeat": 10, "number": 24}, {"ci_99": [1.9216014859999992, 2.309179946], "q_25": 1.9402052690000002, "q_75": 2.2567363190000007, "min": 1.9216014859999992, "max": 2.309179946, "mean": 2.0925214414444446, "std": 0.16709273625151747, "repeat": 9, "number": 1}, {"ci_99": [0.24995652600000007, 0.3201097179999999], "q_25": 0.2550836997500002, "q_75": 0.28228013299999977, "min": 0.24995652600000007, "max": 0.3201097179999999, "mean": 0.27279602729999997, "std": 0.020712890554718786, "repeat": 10, "number": 1}, {"ci_99": [2.174502798999999, 2.4778525840000003], "q_25": 2.2402619485000006, "q_75": 2.354962113, "min": 2.174502798999999, "max": 2.4778525840000003, "mean": 2.3036563494999998, "std": 0.09077585626128683, "repeat": 8, "number": 1}, {"ci_99": [0.09853618900000027, 0.10275968299999994], "q_25": 0.0995801987499998, "q_75": 0.10135603575000007, "min": 0.09853618900000027, "max": 0.10275968299999994, "mean": 0.10047900580000002, "std": 0.0012350458171419072, "repeat": 10, "number": 1}, {"ci_99": [2.0858937684075918, 2.7709180509999998], "q_25": 2.252368755999999, "q_75": 2.5585638905, "min": 2.119586344, "max": 2.7709180509999998, "mean": 2.410907110428571, "std": 0.2347065492237812, "repeat": 7, "number": 1}, {"ci_99": [0.16825655200000034, 0.21866866100000015], "q_25": 0.17984970575000025, "q_75": 0.20080692074999984, "min": 0.16825655200000034, "max": 0.21866866100000015, "mean": 0.19162227510000002, "std": 0.015063536054902509, "repeat": 10, "number": 1}, {"ci_99": [2.0839475126605227, 2.99330447276805], "q_25": 2.2916588379999996, "q_75": 2.8489034614999995, "min": 2.1735529940000005, "max": 2.9253826380000003, "mean": 2.5386259927142865, "std": 0.29929424548986483, "repeat": 7, "number": 1}, {"ci_99": [-44.62153950449995, 57.64595774549991], "q_25": 6.00087163425, "q_75": 7.023546606749999, "min": 5.489534148000001, "max": 7.534884092999999, "mean": 6.5122091205, "std": 1.022674972499999, "repeat": 2, "number": 1}, {"ci_99": [-32.671268089499975, 49.32034076049994], "q_25": 7.914578291250001, "q_75": 8.734494379749998, "min": 7.504620247, "max": 9.144452423999999, "mean": 8.3245363355, "std": 0.8199160884999994, "repeat": 2, "number": 1}, {"ci_99": [16.97363477499995, 26.123324775000047], "q_25": 21.502731325000003, "q_75": 21.594228225000002, "min": 21.456982875, "max": 21.639976675000003, "mean": 21.548479775000004, "std": 0.09149690000000099, "repeat": 2, "number": 1}, {"ci_99": [-5.313888323000032, 52.86454167700001], "q_25": 23.484434527, "q_75": 24.066218827, "min": 23.193542377, "max": 24.357110977, "mean": 23.775326677000002, "std": 0.5817843000000007, "repeat": 2, "number": 1}, {"ci_99": [4.006183521500028, 14.376965471499965], "q_25": 9.139720586749998, "q_75": 9.243428406249999, "min": 9.087866677, "max": 9.295282315999998, "mean": 9.1915744965, "std": 0.10370781949999941, "repeat": 2, "number": 1}, {"ci_99": [-17.34401639999998, 40.19647989999996], "q_25": 11.138529268500001, "q_75": 11.713934231500001, "min": 10.850826787, "max": 12.001636713, "mean": 11.42623175, "std": 0.5754049629999995, "repeat": 2, "number": 1}, null, null], "params": [["'countries'", "'nations'", "'wn18rr'", "'wn18'"], ["False", "True"], ["10"], ["False", "True"]]}}, "params": {"arch": "x86_64", "cpu": "Intel(R) Core(TM) i9-9880H CPU @ 2.30GHz", "machine": "charlie", "num_cpu": "16", "os": "Darwin 20.4.0", "ram": "17179869184", "python": "3.9"}, "requirements": {}, "commit_hash": "b33d8c3b13fae5ace983d7b52ea4b9afb72c2cba", "date": 1621778490000, "env_name": "virtualenv-py3.9", "python": "3.9", "profiles": {}, "started_at": {"interactions.DistMultSuite.time_score_h": 1621865923816, "interactions.DistMultSuite.time_score_hrt": 1621865925004, "interactions.DistMultSuite.time_score_t": 1621865925923, "training.SLCWATrainingSuite.time_train": 1621865927047}, "ended_at": {"interactions.DistMultSuite.time_score_h": 1621865925003, "interactions.DistMultSuite.time_score_hrt": 1621865925923, "interactions.DistMultSuite.time_score_t": 1621865927046, "training.SLCWATrainingSuite.time_train": 1621866306237}, "benchmark_version": {"interactions.DistMultSuite.time_score_h": "1d213e8a7c645dbbe8326f731ae1e47dbbea8eff7e1f7a7c87734d5182051289", "interactions.DistMultSuite.time_score_hrt": "cc67a717948a7eae0da84c135c7e1574ff9a18c305e99d8ef73043f33c10dd48", "interactions.DistMultSuite.time_score_t": "cb5d256c57cc37b880970e2357ff68e73bac6c829327084bbc3a092058a3fd35", "training.SLCWATrainingSuite.time_train": "1845fb4a23a82d642580ddb250184219f441a1c5006ef70447e44fdc0b8a989b"}, "version": 1}