{
  "evaluator_metadata": {
    "batch_size": 256,
    "slice_size": null
  },
  "losses": [
    0.01334708773344851,
    0.013160222068615453,
    0.012974961877335761,
    0.012791537809202847,
    0.012609953025432497
  ],
  "metrics": {
    "both": {
      "optimistic": {
        "adjusted_arithmetic_mean_rank": 0.5243715695086415,
        "adjusted_arithmetic_mean_rank_index": 0.4756950948921632,
        "adjusted_geometric_mean_rank_index": 0.8507377858132705,
        "adjusted_hits_at_k": 0.10921825533888653,
        "adjusted_inverse_harmonic_mean_rank": 0.07060651340848918,
        "arithmetic_mean_rank": 3741.741926803014,
        "count": 40876.0,
        "geometric_mean_rank": 783.6524314926153,
        "harmonic_mean_rank": 14.031377373872546,
        "hits_at_1": 0.04961346511400333,
        "hits_at_10": 0.1098444074762697,
        "hits_at_3": 0.07478716117036892,
        "hits_at_5": 0.08706820628241511,
        "inverse_arithmetic_mean_rank": 0.0002672552034753533,
        "inverse_geometric_mean_rank": 0.001276075923219315,
        "inverse_harmonic_mean_rank": 0.07126884078123887,
        "inverse_median_rank": 0.00044853106077595876,
        "median_absolute_deviation": 3269.8791929141053,
        "median_rank": 2229.5,
        "standard_deviation": 4000.811539735375,
        "variance": 16006492.976479743,
        "z_arithmetic_mean_rank": 166.3665110929076,
        "z_geometric_mean_rank": 172.29643521192267,
        "z_hits_at_k": 832.5744171518359,
        "z_inverse_harmonic_mean_rank": 1329.5633720102164
      },
      "pessimistic": {
        "adjusted_arithmetic_mean_rank": 0.5243763624717652,
        "adjusted_arithmetic_mean_rank_index": 0.47569030125725453,
        "adjusted_geometric_mean_rank_index": 0.8507338518544061,
        "adjusted_hits_at_k": 0.10921825533888653,
        "adjusted_inverse_harmonic_mean_rank": 0.07060218592179501,
        "arithmetic_mean_rank": 3741.776127801155,
        "count": 40876.0,
        "geometric_mean_rank": 783.6730591007979,
        "harmonic_mean_rank": 14.032228812004098,
        "hits_at_1": 0.04961346511400333,
        "hits_at_10": 0.1098444074762697,
        "hits_at_3": 0.07478716117036892,
        "hits_at_5": 0.08706820628241511,
        "inverse_arithmetic_mean_rank": 0.0002672527606796314,
        "inverse_geometric_mean_rank": 0.001276042334730021,
        "inverse_harmonic_mean_rank": 0.0712645163785053,
        "inverse_median_rank": 0.00044853106077595876,
        "median_absolute_deviation": 3269.8791929141053,
        "median_rank": 2229.5,
        "standard_deviation": 4000.8300621961807,
        "variance": 16006641.186572695,
        "z_arithmetic_mean_rank": 166.36483459818695,
        "z_geometric_mean_rank": 172.2956384833655,
        "z_hits_at_k": 832.5744171518359,
        "z_inverse_harmonic_mean_rank": 1329.4818828171708
      },
      "realistic": {
        "adjusted_arithmetic_mean_rank": 0.5243739326030625,
        "adjusted_arithmetic_mean_rank_index": 0.47569273146652935,
        "adjusted_geometric_mean_rank_index": 0.8507357655093295,
        "adjusted_hits_at_k": 0.10921825533888653,
        "adjusted_inverse_harmonic_mean_rank": 0.07060393544377082,
        "arithmetic_mean_rank": 3741.7587890625,
        "count": 40876.0,
        "geometric_mean_rank": 783.6630249023438,
        "harmonic_mean_rank": 14.03188457904077,
        "hits_at_1": 0.04961346511400333,
        "hits_at_10": 0.1098444074762697,
        "hits_at_3": 0.07478716117036892,
        "hits_at_5": 0.08706820628241511,
        "inverse_arithmetic_mean_rank": 0.00026725398492999375,
        "inverse_geometric_mean_rank": 0.0012760587269440293,
        "inverse_harmonic_mean_rank": 0.07126626465369348,
        "inverse_median_rank": 0.00044853106373921037,
        "median_absolute_deviation": 3269.8791929141053,
        "median_rank": 2229.5,
        "standard_deviation": 4000.82080078125,
        "variance": 16006567.0,
        "z_arithmetic_mean_rank": 166.36568452378552,
        "z_geometric_mean_rank": 172.29602604804998,
        "z_hits_at_k": 832.5744171518359,
        "z_inverse_harmonic_mean_rank": 1329.514827374624
      }
    },
    "head": {
      "optimistic": {
        "adjusted_arithmetic_mean_rank": 0.630345844032263,
        "adjusted_arithmetic_mean_rank_index": 0.36970669621218955,
        "adjusted_geometric_mean_rank_index": 0.6374260958695077,
        "adjusted_hits_at_k": 0.02195491082542058,
        "adjusted_inverse_harmonic_mean_rank": 0.010283827488961611,
        "arithmetic_mean_rank": 4435.515706037772,
        "count": 20438.0,
        "geometric_mean_rank": 1873.5241837633828,
        "harmonic_mean_rank": 90.91202964026317,
        "hits_at_1": 0.0034249926607300128,
        "hits_at_10": 0.02265388002739994,
        "hits_at_3": 0.008709267051570603,
        "hits_at_5": 0.012868186711028476,
        "inverse_arithmetic_mean_rank": 0.0002254529272974429,
        "inverse_geometric_mean_rank": 0.0005337534517388942,
        "inverse_harmonic_mean_rank": 0.010999644425022489,
        "inverse_median_rank": 0.00029304029304029304,
        "median_absolute_deviation": 4254.327066001825,
        "median_rank": 3412.5,
        "standard_deviation": 3946.1367222079466,
        "variance": 15571995.030358076,
        "z_arithmetic_mean_rank": 91.33094104479204,
        "z_geometric_mean_rank": 91.28864498343353,
        "z_hits_at_k": 117.36730933110842,
        "z_inverse_harmonic_mean_rank": 135.80611068364766
      },
      "pessimistic": {
        "adjusted_arithmetic_mean_rank": 0.6303518100379835,
        "adjusted_arithmetic_mean_rank_index": 0.36970072935849974,
        "adjusted_geometric_mean_rank_index": 0.6374135161138859,
        "adjusted_hits_at_k": 0.02195491082542058,
        "adjusted_inverse_harmonic_mean_rank": 0.010275601268548235,
        "arithmetic_mean_rank": 4435.5576866621,
        "count": 20438.0,
        "geometric_mean_rank": 1873.5891523018224,
        "harmonic_mean_rank": 90.98002096591132,
        "hits_at_1": 0.0034249926607300128,
        "hits_at_10": 0.02265388002739994,
        "hits_at_3": 0.008709267051570603,
        "hits_at_5": 0.012868186711028476,
        "inverse_arithmetic_mean_rank": 0.00022545079348354325,
        "inverse_geometric_mean_rank": 0.0005337349433153138,
        "inverse_harmonic_mean_rank": 0.01099142415426221,
        "inverse_median_rank": 0.00029304029304029304,
        "median_absolute_deviation": 4254.327066001825,
        "median_rank": 3412.5,
        "standard_deviation": 3946.154266638542,
        "variance": 15572133.496109571,
        "z_arithmetic_mean_rank": 91.32946701587088,
        "z_geometric_mean_rank": 91.28684338031061,
        "z_hits_at_k": 117.36730933110842,
        "z_inverse_harmonic_mean_rank": 135.697476908804
      },
      "realistic": {
        "adjusted_arithmetic_mean_rank": 0.6303488163402171,
        "adjusted_arithmetic_mean_rank_index": 0.36970372348177094,
        "adjusted_geometric_mean_rank_index": 0.637419598572049,
        "adjusted_hits_at_k": 0.02195491082542058,
        "adjusted_inverse_harmonic_mean_rank": 0.010278897792388431,
        "arithmetic_mean_rank": 4435.53662109375,
        "count": 20438.0,
        "geometric_mean_rank": 1873.5577392578125,
        "harmonic_mean_rank": 90.95276234198829,
        "hits_at_1": 0.0034249926607300128,
        "hits_at_10": 0.02265388002739994,
        "hits_at_3": 0.008709267051570603,
        "hits_at_5": 0.012868186711028476,
        "inverse_arithmetic_mean_rank": 0.00022545186220668256,
        "inverse_geometric_mean_rank": 0.0005337438778951764,
        "inverse_harmonic_mean_rank": 0.010994718293875837,
        "inverse_median_rank": 0.00029304029885679483,
        "median_absolute_deviation": 4254.327066001825,
        "median_rank": 3412.5,
        "standard_deviation": 3946.1455078125,
        "variance": 15572064.0,
        "z_arithmetic_mean_rank": 91.33020667273607,