{
  "losses": [
    0.0001784344254726013,
    3.546414034157781e-06,
    3.241080858006321e-06,
    3.114976756636245e-06,
    2.580594582893777e-06
  ],
  "metrics": {
    "both": {
      "optimistic": {
        "adjusted_arithmetic_mean_rank": 0.173634136893227,
        "adjusted_arithmetic_mean_rank_index": 0.8264062480375431,
        "adjusted_hits_at_k": 0.22100965584808593,
        "adjusted_inverse_harmonic_mean_rank": 0.14717656877035404,
        "arithmetic_mean_rank": 3553.1158,
        "count": 10000.0,
        "geometric_mean_rank": 217.95702597254055,
        "harmonic_mean_rank": 6.783805257873866,
        "hits_at_1": 0.1094,
        "hits_at_10": 0.2212,
        "hits_at_3": 0.1561,
        "hits_at_5": 0.1819,
        "inverse_arithmetic_mean_rank": 0.0002814431209925666,
        "inverse_geometric_mean_rank": 0.00458806040107184,
        "inverse_harmonic_mean_rank": 0.14740989193923487,
        "inverse_median_rank": 0.0030581039755351682,
        "median_absolute_deviation": 483.3283232328262,
        "median_rank": 327.0,
        "standard_deviation": 7030.022572537755,
        "variance": 49421217.370390356,
        "z_arithmetic_mean_rank": 143.13408421621838,
        "z_hits_at_k": 1413.6908620029953,
        "z_inverse_harmonic_mean_rank": 2323.0034516277847
      },
      "pessimistic": {
        "adjusted_arithmetic_mean_rank": 0.17363431281850722,
        "adjusted_arithmetic_mean_rank_index": 0.8264060721036653,
        "adjusted_hits_at_k": 0.22100965584808593,
        "adjusted_inverse_harmonic_mean_rank": 0.14717656856459646,
        "arithmetic_mean_rank": 3553.1194,
        "count": 10000.0,
        "geometric_mean_rank": 217.9571490546336,
        "harmonic_mean_rank": 6.783805267340243,
        "hits_at_1": 0.1094,
        "hits_at_10": 0.2212,
        "hits_at_3": 0.1561,
        "hits_at_5": 0.1819,
        "inverse_arithmetic_mean_rank": 0.0002814428358360262,
        "inverse_geometric_mean_rank": 0.004588057810158537,
        "inverse_harmonic_mean_rank": 0.14740989173353358,
        "inverse_median_rank": 0.0030581039755351682,
        "median_absolute_deviation": 483.3283232328262,
        "median_rank": 327.0,
        "standard_deviation": 7030.028042059551,
        "variance": 49421294.27214364,
        "z_arithmetic_mean_rank": 143.13405374435962,
        "z_hits_at_k": 1413.6908620029953,
        "z_inverse_harmonic_mean_rank": 2323.003448380151
      },
      "realistic": {
        "adjusted_arithmetic_mean_rank": 0.17363422855915533,
        "adjusted_arithmetic_mean_rank_index": 0.826406156367135,
        "adjusted_hits_at_k": 0.22100965584808593,
        "adjusted_inverse_harmonic_mean_rank": 0.1471765686674477,
        "arithmetic_mean_rank": 3553.11767578125,
        "count": 10000.0,
        "geometric_mean_rank": 217.95701599121094,
        "harmonic_mean_rank": 6.783805453179238,
        "hits_at_1": 0.1094,
        "hits_at_10": 0.2212,
        "hits_at_3": 0.1561,
        "hits_at_5": 0.1819,
        "inverse_arithmetic_mean_rank": 0.00028144297539256513,
        "inverse_geometric_mean_rank": 0.004588060546666384,
        "inverse_harmonic_mean_rank": 0.14740989183635667,
        "inverse_median_rank": 0.0030581040773540735,
        "median_absolute_deviation": 483.3283232328262,
        "median_rank": 327.0,
        "standard_deviation": 7030.025390625,
        "variance": 49421256.0,
        "z_arithmetic_mean_rank": 143.1340683388458,
        "z_hits_at_k": 1413.6908620029953,
        "z_inverse_harmonic_mean_rank": 2323.0034500035326
      }
    },
    "head": {
      "optimistic": {
        "adjusted_arithmetic_mean_rank": 0.18254785061091422,
        "adjusted_arithmetic_mean_rank_index": 0.8174920996282304,
        "adjusted_hits_at_k": 0.20800647403697897,
        "adjusted_inverse_harmonic_mean_rank": 0.13370304480394207,
        "arithmetic_mean_rank": 3735.4326,
        "count": 5000.0,
        "geometric_mean_rank": 251.60200046021046,
        "harmonic_mean_rank": 7.466026264434069,
        "hits_at_1": 0.096,
        "hits_at_10": 0.2082,
        "hits_at_3": 0.1422,
        "hits_at_5": 0.1676,
        "inverse_arithmetic_mean_rank": 0.00026770661047397827,
        "inverse_geometric_mean_rank": 0.003974531196774585,
        "inverse_harmonic_mean_rank": 0.1339400592204856,
        "inverse_median_rank": 0.0025284450063211127,
        "median_absolute_deviation": 584.88657520046,
        "median_rank": 395.5,
        "standard_deviation": 7153.8929429127775,
        "variance": 51178184.23865724,
        "z_arithmetic_mean_rank": 100.11934541020389,
        "z_hits_at_k": 940.8057967489788,
        "z_inverse_harmonic_mean_rank": 1492.2184846206778
      },
      "pessimistic": {
        "adjusted_arithmetic_mean_rank": 0.1825480656356861,
        "adjusted_arithmetic_mean_rank_index": 0.81749188459295,
        "adjusted_hits_at_k": 0.20800647403697897,
        "adjusted_inverse_harmonic_mean_rank": 0.13370304443324765,
        "arithmetic_mean_rank": 3735.437,
        "count": 5000.0,
        "geometric_mean_rank": 251.60221622118326,
        "harmonic_mean_rank": 7.466026285091496,
        "hits_at_1": 0.096,
        "hits_at_10": 0.2082,
        "hits_at_3": 0.1422,
        "hits_at_5": 0.1676,
        "inverse_arithmetic_mean_rank": 0.00026770629514030086,
        "inverse_geometric_mean_rank": 0.003974527788423378,
        "inverse_harmonic_mean_rank": 0.1339400588498926,
        "inverse_median_rank": 0.0025284450063211127,
        "median_absolute_deviation": 584.88657520046,
        "median_rank": 395.5,
        "standard_deviation": 7153.898885644877,
        "variance": 51178269.266031004,
        "z_arithmetic_mean_rank": 100.11931907454691,
        "z_hits_at_k": 940.8057967489788,
        "z_inverse_harmonic_mean_rank": 1492.2184804834717
      },
      "realistic": {
        "adjusted_arithmetic_mean_rank": 0.18254795882961378,
        "adjusted_arithmetic_mean_rank_index": 0.817491991404242,
        "adjusted_hits_at_k": 0.20800647403697897,
        "adjusted_inverse_harmonic_mean_rank": 0.1337030446185418,
        "arithmetic_mean_rank": 3735.434814453125,
        "count": 5000.0,
        "geometric_mean_rank": 251.6021728515625,
        "harmonic_mean_rank": 7.46602602719376,
        "hits_at_1": 0.096,
        "hits_at_10": 0.2082,
        "hits_at_3": 0.1422,
        "hits_at_5": 0.1676,
        "inverse_arithmetic_mean_rank": 0.0002677064621821046,
        "inverse_geometric_mean_rank": 0.003974528517574072,
        "inverse_harmonic_mean_rank": 0.13394005903513603,
        "inverse_median_rank": 0.0025284450966864824,
        "median_absolute_deviation": 584.88657520046,
        "median_rank": 395.5,
        "standard_deviation": 7153.8955078125,
        "variance": 51178224.0,
        "z_arithmetic_mean_rank": 100.11933215586801,
        "z_hits_at_k": 940.8057967489788,
        "z_inverse_harmonic_mean_rank": 1492.2184825514823
      }
    },
    "tail": {
      "optimistic": {
        "adjusted_arithmetic_mean_rank": 0.16472083645996619,
        "adjusted_arithmetic_mean_rank_index": 0.8353199831220769,
        "adjusted_hits_at_k": 0.2340128375107572,
        "adjusted_inverse_harmonic_mean_rank": 0.16065009257998678,
        "arithmetic_mean_rank": 3370.799,
        "count": 5000.0,
        "geometric_mean_rank": 188.81115843237254,
        "harmonic_mean_rank": 6.215823666567742,
        "hits_at_1": 0.1228,
        "hits_at_10": 0.2342,
        "hits_at_3": 0.17,
        "hits_at_5": 0.1962,
        "inverse_arithmetic_mean_rank": 0.0002966655680151798,
        "inverse_geometric_mean_rank": 0.0052962971484451496,
        "inverse_harmonic_mean_rank": 0.1608797246579842,
        "inverse_median_rank": 0.003703703703703704,
        "median_absolute_deviation": 398.8199967780069,
        "median_rank": 270.0,
        "standard_deviation": 6899.113832297522,
        "variance": 47597771.670999005,
        "z_arithmetic_mean_rank": 102.30276734417879,