{
  "evaluator_metadata": {
    "batch_size": 512,
    "slice_size": null
  },
  "losses": [
    1.8794194563786133e-05,
    1.6593579347000567e-06,
    1.1399794914663178e-06,
    9.579132348384458e-07,
    8.295052289118864e-07
  ],
  "metrics": {
    "both": {
      "optimistic": {
        "adjusted_arithmetic_mean_rank": 0.03301642030053835,
        "adjusted_arithmetic_mean_rank_index": 0.9671145034611406,
        "adjusted_geometric_mean_rank_index": 0.9959516506556431,
        "adjusted_hits_at_k": 0.4080815117156307,
        "adjusted_inverse_harmonic_mean_rank": 0.2193426474691437,
        "arithmetic_mean_rank": 243.88742360887744,
        "count": 118142.0,
        "geometric_mean_rank": 22.985003721360656,
        "harmonic_mean_rank": 4.547906003106001,
        "hits_at_1": 0.12495979414602766,
        "hits_at_10": 0.4084830119686479,
        "hits_at_3": 0.2488022887711398,
        "hits_at_5": 0.3122682873152647,
        "inverse_arithmetic_mean_rank": 0.004100252424674842,
        "inverse_geometric_mean_rank": 0.04350662771790939,
        "inverse_harmonic_mean_rank": 0.21988141340587253,
        "inverse_median_rank": 0.05263157894736842,
        "median_absolute_deviation": 26.686839933100835,
        "median_rank": 19.0,
        "standard_deviation": 880.602477092814,
        "variance": 775460.7226619999,
        "z_arithmetic_mean_rank": 575.2564304199459,
        "z_geometric_mean_rank": 342.92036031626384,
        "z_hits_at_k": 5383.815381126172,
        "z_inverse_harmonic_mean_rank": 7147.909879999795
      },
      "pessimistic": {
        "adjusted_arithmetic_mean_rank": 0.03301642946751757,
        "adjusted_arithmetic_mean_rank_index": 0.9671144942929202,
        "adjusted_geometric_mean_rank_index": 0.9959516461528362,
        "adjusted_hits_at_k": 0.4080815117156307,
        "adjusted_inverse_harmonic_mean_rank": 0.2193426163386077,
        "arithmetic_mean_rank": 243.88749132399994,
        "count": 118142.0,
        "geometric_mean_rank": 22.985028174346066,
        "harmonic_mean_rank": 4.547906646548572,
        "hits_at_1": 0.12495979414602766,
        "hits_at_10": 0.4084830119686479,
        "hits_at_3": 0.2488022887711398,
        "hits_at_5": 0.3122682873152647,
        "inverse_arithmetic_mean_rank": 0.004100251286243782,
        "inverse_geometric_mean_rank": 0.04350658143269604,
        "inverse_harmonic_mean_rank": 0.21988138229682105,
        "inverse_median_rank": 0.05263157894736842,
        "median_absolute_deviation": 26.686839933100835,
        "median_rank": 19.0,
        "standard_deviation": 880.6024965562463,
        "variance": 775460.7569410936,
        "z_arithmetic_mean_rank": 575.2564249665298,
        "z_geometric_mean_rank": 342.9203587658832,
        "z_hits_at_k": 5383.815381126172,
        "z_inverse_harmonic_mean_rank": 7147.908865521905
      },
      "realistic": {
        "adjusted_arithmetic_mean_rank": 0.033016424031897265,
        "adjusted_arithmetic_mean_rank_index": 0.9671144997292764,
        "adjusted_geometric_mean_rank_index": 0.9959516491211775,
        "adjusted_hits_at_k": 0.4080815117156307,
        "adjusted_inverse_harmonic_mean_rank": 0.2193426353823576,
        "arithmetic_mean_rank": 243.887451171875,
        "count": 118142.0,
        "geometric_mean_rank": 22.98501205444336,
        "harmonic_mean_rank": 4.547906252929906,
        "hits_at_1": 0.12495979414602766,
        "hits_at_10": 0.4084830119686479,
        "hits_at_3": 0.2488022887711398,
        "hits_at_5": 0.3122682873152647,
        "inverse_arithmetic_mean_rank": 0.004100251942873001,
        "inverse_geometric_mean_rank": 0.04350661113858223,
        "inverse_harmonic_mean_rank": 0.21988140132742803,
        "inverse_median_rank": 0.05263157933950424,
        "median_absolute_deviation": 26.686839933100835,
        "median_rank": 19.0,
        "standard_deviation": 880.6024780273438,
        "variance": 775460.75,
        "z_arithmetic_mean_rank": 575.2564282001686,
        "z_geometric_mean_rank": 342.92035978792546,
        "z_hits_at_k": 5383.815381126172,
        "z_inverse_harmonic_mean_rank": 7147.909486117169
      }
    },
    "head": {
      "optimistic": {
        "adjusted_arithmetic_mean_rank": 0.03559929270353428,
        "adjusted_arithmetic_mean_rank_index": 0.9645316377297036,
        "adjusted_geometric_mean_rank_index": 0.9953978865707077,
        "adjusted_hits_at_k": 0.38825165063719563,
        "adjusted_inverse_harmonic_mean_rank": 0.20451332513669285,
        "arithmetic_mean_rank": 262.2510538165936,
        "count": 59071.0,
        "geometric_mean_rank": 25.920386954674456,
        "harmonic_mean_rank": 4.876530312323604,
        "hits_at_1": 0.11244096087758798,
        "hits_at_10": 0.3886678742530176,
        "hits_at_3": 0.23251680181476528,
        "hits_at_5": 0.29401906180697807,
        "inverse_arithmetic_mean_rank": 0.003813140063487998,
        "inverse_geometric_mean_rank": 0.03857967096512273,
        "inverse_harmonic_mean_rank": 0.2050638334950722,
        "inverse_median_rank": 0.045454545454545456,
        "median_absolute_deviation": 31.134646588617642,
        "median_rank": 22.0,
        "standard_deviation": 897.8766380331401,
        "variance": 806182.4571256945,
        "z_arithmetic_mean_rank": 405.62259545037574,
        "z_geometric_mean_rank": 242.3297125453849,
        "z_hits_at_k": 3616.39751933023,
        "z_inverse_harmonic_mean_rank": 4705.430523179204
      },
      "pessimistic": {
        "adjusted_arithmetic_mean_rank": 0.03559929729953194,
        "adjusted_arithmetic_mean_rank_index": 0.964531633133082,
        "adjusted_geometric_mean_rank_index": 0.9953978825519514,
        "adjusted_hits_at_k": 0.38825165063719563,
        "adjusted_inverse_harmonic_mean_rank": 0.20451329120962963,
        "arithmetic_mean_rank": 262.2510876741548,
        "count": 59071.0,
        "geometric_mean_rank": 25.920408716190114,
        "harmonic_mean_rank": 4.876531118569549,
        "hits_at_1": 0.11244096087758798,
        "hits_at_10": 0.3886678742530176,
        "hits_at_3": 0.23251680181476528,
        "hits_at_5": 0.29401906180697807,
        "inverse_arithmetic_mean_rank": 0.003813139571197864,
        "inverse_geometric_mean_rank": 0.038579638575505615,
        "inverse_harmonic_mean_rank": 0.20506379959148785,
        "inverse_median_rank": 0.045454545454545456,
        "median_absolute_deviation": 31.134646588617642,
        "median_rank": 22.0,
        "standard_deviation": 897.8766322354212,
        "variance": 806182.4467144217,
        "z_arithmetic_mean_rank": 405.6225935173198,
        "z_geometric_mean_rank": 242.32971156701828,
        "z_hits_at_k": 3616.39751933023,
        "z_inverse_harmonic_mean_rank": 4705.429742587335
      },
      "realistic": {
        "adjusted_arithmetic_mean_rank": 0.035599294644504544,
        "adjusted_arithmetic_mean_rank_index": 0.9645316357884699,
        "adjusted_geometric_mean_rank_index": 0.9953978847516574,
        "adjusted_hits_at_k": 0.38825165063719563,
        "adjusted_inverse_harmonic_mean_rank": 0.20451331644494522,
        "arithmetic_mean_rank": 262.2510681152344,
        "count": 59071.0,
        "geometric_mean_rank": 25.92039680480957,
        "harmonic_mean_rank": 4.876530518875093,
        "hits_at_1": 0.11244096087758798,
        "hits_at_10": 0.3886678742530176,
        "hits_at_3": 0.23251680181476528,
        "hits_at_5": 0.29401906180697807,
        "inverse_arithmetic_mean_rank": 0.0038131398614495993,
        "inverse_geometric_mean_rank": 0.038579657673835754,
        "inverse_harmonic_mean_rank": 0.2050638248093396,
        "inverse_median_rank": 0.04545454680919647,
        "median_absolute_deviation": 31.134646588617642,
        "median_rank": 22.0,
        "standard_deviation": 897.8766479492188,
        "variance": 806182.5,
        "z_arithmetic_mean_rank": 405.62259463401233,
        "z_geometric_mean_rank": 242.32971210253692,