{
  "losses": [
    6.981585166240256e-05,
    4.908339620017992e-05,
    4.2677227727666245e-05,
    3.223726586237798e-05,
    2.246727524548819e-05
  ],
  "metrics": {
    "both": {
      "optimistic": {
        "adjusted_arithmetic_mean_rank": 0.19171643534750452,
        "adjusted_arithmetic_mean_rank_index": 0.808393001386489,
        "adjusted_hits_at_k": 0.1871888446010525,
        "adjusted_inverse_harmonic_mean_rank": 0.09786852485330108,
        "arithmetic_mean_rank": 1416.1810109867786,
        "count": 118142.0,
        "geometric_mean_rank": 142.07525085299747,
        "harmonic_mean_rank": 10.153199039470467,
        "hits_at_1": 0.05242843357992924,
        "hits_at_10": 0.18774017707504528,
        "hits_at_3": 0.10307934519476562,
        "hits_at_5": 0.13531174349511604,
        "inverse_arithmetic_mean_rank": 0.0007061244235319972,
        "inverse_geometric_mean_rank": 0.007038523557031624,
        "inverse_harmonic_mean_rank": 0.09849112541894524,
        "inverse_median_rank": 0.006172839506172839,
        "median_absolute_deviation": 235.73375274239072,
        "median_rank": 162.0,
        "standard_deviation": 2880.2438173108694,
        "variance": 8295804.447157488,
        "z_arithmetic_mean_rank": 480.846136305248,
        "z_hits_at_k": 2469.5805906557616,
        "z_inverse_harmonic_mean_rank": 3189.3268537224485
      },
      "pessimistic": {
        "adjusted_arithmetic_mean_rank": 0.19171644451448372,
        "adjusted_arithmetic_mean_rank_index": 0.8083929922182685,
        "adjusted_hits_at_k": 0.1871888446010525,
        "adjusted_inverse_harmonic_mean_rank": 0.09786852189072592,
        "arithmetic_mean_rank": 1416.181078701901,
        "count": 118142.0,
        "geometric_mean_rank": 142.07527498310955,
        "harmonic_mean_rank": 10.153199344664023,
        "hits_at_1": 0.05242843357992924,
        "hits_at_10": 0.18774017707504528,
        "hits_at_3": 0.10307934519476562,
        "hits_at_5": 0.13531174349511604,
        "inverse_arithmetic_mean_rank": 0.0007061243897684464,
        "inverse_geometric_mean_rank": 0.007038522361606436,
        "inverse_harmonic_mean_rank": 0.09849112245841468,
        "inverse_median_rank": 0.006172839506172839,
        "median_absolute_deviation": 235.73375274239072,
        "median_rank": 162.0,
        "standard_deviation": 2880.2439285569008,
        "variance": 8295805.087988889,
        "z_arithmetic_mean_rank": 480.84613085183196,
        "z_hits_at_k": 2469.5805906557616,
        "z_inverse_harmonic_mean_rank": 3189.3267571784318
      },
      "realistic": {
        "adjusted_arithmetic_mean_rank": 0.19171643795844864,
        "adjusted_arithmetic_mean_rank_index": 0.8083929987751913,
        "adjusted_hits_at_k": 0.1871888446010525,
        "adjusted_inverse_harmonic_mean_rank": 0.0978685233581836,
        "arithmetic_mean_rank": 1416.1810302734375,
        "count": 118142.0,
        "geometric_mean_rank": 142.07528686523438,
        "harmonic_mean_rank": 10.153199094165512,
        "hits_at_1": 0.05242843357992924,
        "hits_at_10": 0.18774017707504528,
        "hits_at_3": 0.10307934519476562,
        "hits_at_5": 0.13531174349511604,
        "inverse_arithmetic_mean_rank": 0.0007061244104988873,
        "inverse_geometric_mean_rank": 0.007038521580398083,
        "inverse_harmonic_mean_rank": 0.0984911239248596,
        "inverse_median_rank": 0.006172839552164078,
        "median_absolute_deviation": 235.73375274239072,
        "median_rank": 162.0,
        "standard_deviation": 2880.243896484375,
        "variance": 8295805.5,
        "z_arithmetic_mean_rank": 480.846134752003,
        "z_hits_at_k": 2469.5805906557616,
        "z_inverse_harmonic_mean_rank": 3189.326804999753
      }
    },
    "head": {
      "optimistic": {
        "adjusted_arithmetic_mean_rank": 0.1892347211170444,
        "adjusted_arithmetic_mean_rank_index": 0.8108753512298704,
        "adjusted_hits_at_k": 0.18108864209826847,
        "adjusted_inverse_harmonic_mean_rank": 0.09380794790708412,
        "arithmetic_mean_rank": 1394.0446919808367,
        "count": 59071.0,
        "geometric_mean_rank": 143.2472431101072,
        "harmonic_mean_rank": 10.589286510880694,
        "hits_at_1": 0.048958033552843186,
        "hits_at_10": 0.18164581605186977,
        "hits_at_3": 0.09903336662660188,
        "hits_at_5": 0.1299283912579777,
        "inverse_arithmetic_mean_rank": 0.0007173371167742637,
        "inverse_geometric_mean_rank": 0.00698093714258325,
        "inverse_harmonic_mean_rank": 0.09443506878130845,
        "inverse_median_rank": 0.006211180124223602,
        "median_absolute_deviation": 234.25115052388512,
        "median_rank": 161.0,
        "standard_deviation": 2855.4004548954404,
        "variance": 8153311.757817088,
        "z_arithmetic_mean_rank": 341.0042259751849,
        "z_hits_at_k": 1686.7629924773278,
        "z_inverse_harmonic_mean_rank": 2158.3277329424395
      },
      "pessimistic": {
        "adjusted_arithmetic_mean_rank": 0.18923473260703857,
        "adjusted_arithmetic_mean_rank_index": 0.8108753397383164,
        "adjusted_hits_at_k": 0.18108864209826847,
        "adjusted_inverse_harmonic_mean_rank": 0.09380794198527219,
        "arithmetic_mean_rank": 1394.0447766247398,
        "count": 59071.0,
        "geometric_mean_rank": 143.24729012298587,
        "harmonic_mean_rank": 10.58928717445167,
        "hits_at_1": 0.048958033552843186,
        "hits_at_10": 0.18164581605186977,
        "hits_at_3": 0.09903336662660188,
        "hits_at_5": 0.1299283912579777,
        "inverse_arithmetic_mean_rank": 0.0007173370732188383,
        "inverse_geometric_mean_rank": 0.006980934851482661,
        "inverse_harmonic_mean_rank": 0.09443506286359465,
        "inverse_median_rank": 0.006211180124223602,
        "median_absolute_deviation": 234.25115052388512,
        "median_rank": 161.0,
        "standard_deviation": 2855.4005966875957,
        "variance": 8153312.5675638765,
        "z_arithmetic_mean_rank": 341.0042211425451,
        "z_hits_at_k": 1686.7629924773278,
        "z_inverse_harmonic_mean_rank": 2158.3275966937404
      },
      "realistic": {
        "adjusted_arithmetic_mean_rank": 0.1892347523240481,
        "adjusted_arithmetic_mean_rank_index": 0.8108753200186299,
        "adjusted_hits_at_k": 0.18108864209826847,
        "adjusted_inverse_harmonic_mean_rank": 0.09380794491851856,
        "arithmetic_mean_rank": 1394.044921875,
        "count": 59071.0,
        "geometric_mean_rank": 143.24728393554688,
        "harmonic_mean_rank": 10.5892863676429,
        "hits_at_1": 0.048958033552843186,
        "hits_at_10": 0.18164581605186977,
        "hits_at_3": 0.09903336662660188,
        "hits_at_5": 0.1299283912579777,
        "inverse_arithmetic_mean_rank": 0.0007173370104283094,
        "inverse_geometric_mean_rank": 0.006980935111641884,
        "inverse_harmonic_mean_rank": 0.09443506579481109,
        "inverse_median_rank": 0.006211180239915848,
        "median_absolute_deviation": 234.25115052388512,
        "median_rank": 161.0,
        "standard_deviation": 2855.400390625,
        "variance": 8153312.0,
        "z_arithmetic_mean_rank": 341.00421284965967,
        "z_hits_at_k": 1686.7629924773278,
        "z_inverse_harmonic_mean_rank": 2158.3276641816997
      }
    },
    "tail": {
      "optimistic": {
        "adjusted_arithmetic_mean_rank": 0.19418467821182647,
        "adjusted_arithmetic_mean_rank_index": 0.8059241281789679,
        "adjusted_hits_at_k": 0.19328902170450568,
        "adjusted_inverse_harmonic_mean_rank": 0.1019290863931256,
        "arithmetic_mean_rank": 1438.3173299927207,
        "count": 59071.0,
        "geometric_mean_rank": 140.9128473727532,
        "harmonic_mean_rank": 9.751608771153105,
        "hits_at_1": 0.05589883360701529,
        "hits_at_10": 0.1938345380982208,
        "hits_at_3": 0.10712532376292935,
        "hits_at_5": 0.14069509573225442,