{
  "losses": [
    1.8612450855828065e-05,
    1.7000744598844161e-06,
    1.2025011869850476e-06,
    1.0128473853421426e-06,
    9.114429453462934e-07
  ],
  "metrics": {
    "both": {
      "optimistic": {
        "adjusted_arithmetic_mean_rank": 0.03748523558448788,
        "adjusted_arithmetic_mean_rank_index": 0.9626450831264751,
        "adjusted_hits_at_k": 0.38729579887774673,
        "adjusted_inverse_harmonic_mean_rank": 0.20514178450284293,
        "arithmetic_mean_rank": 276.8979025240812,
        "count": 118142.0,
        "geometric_mean_rank": 25.875818197160168,
        "harmonic_mean_rank": 4.861676761958902,
        "hits_at_1": 0.11486177650623826,
        "hits_at_10": 0.3877113981479914,
        "hits_at_3": 0.22980819691557616,
        "hits_at_5": 0.29242775642870444,
        "inverse_arithmetic_mean_rank": 0.003611439418227562,
        "inverse_geometric_mean_rank": 0.03864612096052478,
        "inverse_harmonic_mean_rank": 0.20569035107901182,
        "inverse_median_rank": 0.045454545454545456,
        "median_absolute_deviation": 31.134646588617642,
        "median_rank": 22.0,
        "standard_deviation": 967.3979695616902,
        "variance": 935858.8315120807,
        "z_arithmetic_mean_rank": 572.5979419177419,
        "z_hits_at_k": 5109.589675546418,
        "z_inverse_harmonic_mean_rank": 6685.133990894033
      },
      "pessimistic": {
        "adjusted_arithmetic_mean_rank": 0.03748524704321191,
        "adjusted_arithmetic_mean_rank_index": 0.9626450716661996,
        "adjusted_hits_at_k": 0.38729579887774673,
        "adjusted_inverse_harmonic_mean_rank": 0.20514173170088618,
        "arithmetic_mean_rank": 276.8979871679843,
        "count": 118142.0,
        "geometric_mean_rank": 25.87585088024041,
        "harmonic_mean_rank": 4.861678009119727,
        "hits_at_1": 0.11486177650623826,
        "hits_at_10": 0.3877113981479914,
        "hits_at_3": 0.22980819691557616,
        "hits_at_5": 0.29242775642870444,
        "inverse_arithmetic_mean_rank": 0.0036114383142602444,
        "inverse_geometric_mean_rank": 0.038646072147665314,
        "inverse_harmonic_mean_rank": 0.20569029831349603,
        "inverse_median_rank": 0.045454545454545456,
        "median_absolute_deviation": 31.134646588617642,
        "median_rank": 22.0,
        "standard_deviation": 967.3980848472062,
        "variance": 935859.0545660424,
        "z_arithmetic_mean_rank": 572.5979351009719,
        "z_hits_at_k": 5109.589675546418,
        "z_inverse_harmonic_mean_rank": 6685.132270190683
      },
      "realistic": {
        "adjusted_arithmetic_mean_rank": 0.03748523777447217,
        "adjusted_arithmetic_mean_rank_index": 0.9626450809361943,
        "adjusted_hits_at_k": 0.38729579887774673,
        "adjusted_inverse_harmonic_mean_rank": 0.20514175745144342,
        "arithmetic_mean_rank": 276.8979187011719,
        "count": 118142.0,
        "geometric_mean_rank": 25.875835418701172,
        "harmonic_mean_rank": 4.8616774504878295,
        "hits_at_1": 0.11486177650623826,
        "hits_at_10": 0.3877113981479914,
        "hits_at_3": 0.22980819691557616,
        "hits_at_5": 0.29242775642870444,
        "inverse_arithmetic_mean_rank": 0.0036114391405135393,
        "inverse_geometric_mean_rank": 0.038646094501018524,
        "inverse_harmonic_mean_rank": 0.20569032404628168,
        "inverse_median_rank": 0.04545454680919647,
        "median_absolute_deviation": 31.134646588617642,
        "median_rank": 22.0,
        "standard_deviation": 967.3980712890625,
        "variance": 935859.0,
        "z_arithmetic_mean_rank": 572.597940614925,
        "z_hits_at_k": 5109.589675546418,
        "z_inverse_harmonic_mean_rank": 6685.133109346518
      }
    },
    "head": {
      "optimistic": {
        "adjusted_arithmetic_mean_rank": 0.04029054472522748,
        "adjusted_arithmetic_mean_rank_index": 0.95983974880713,
        "adjusted_hits_at_k": 0.3647046245623646,
        "adjusted_inverse_harmonic_mean_rank": 0.1901638974649306,
        "arithmetic_mean_rank": 296.8103299419343,
        "count": 59071.0,
        "geometric_mean_rank": 29.242573492518023,
        "harmonic_mean_rank": 5.243169382262753,
        "hits_at_1": 0.10323170422034501,
        "hits_at_10": 0.36513686919131216,
        "hits_at_3": 0.2119652621421679,
        "hits_at_5": 0.2733151631088013,
        "inverse_arithmetic_mean_rank": 0.003369154975824569,
        "inverse_geometric_mean_rank": 0.034196716655456434,
        "inverse_harmonic_mean_rank": 0.190724336196905,
        "inverse_median_rank": 0.038461538461538464,
        "median_absolute_deviation": 37.065055462640046,
        "median_rank": 26.0,
        "standard_deviation": 991.321567958725,
        "variance": 982718.451100145,
        "z_arithmetic_mean_rank": 403.64947597155924,
        "z_hits_at_k": 3397.0670759312984,
        "z_inverse_harmonic_mean_rank": 4375.279737592333
      },
      "pessimistic": {
        "adjusted_arithmetic_mean_rank": 0.0402905585132205,
        "adjusted_arithmetic_mean_rank_index": 0.959839735017265,
        "adjusted_hits_at_k": 0.3647046245623646,
        "adjusted_inverse_harmonic_mean_rank": 0.19016385703379793,
        "arithmetic_mean_rank": 296.810431514618,
        "count": 59071.0,
        "geometric_mean_rank": 29.24260990758518,
        "harmonic_mean_rank": 5.243170492978996,
        "hits_at_1": 0.10323170422034501,
        "hits_at_10": 0.36513686919131216,
        "hits_at_3": 0.2119652621421679,
        "hits_at_5": 0.2733151631088013,
        "inverse_arithmetic_mean_rank": 0.0033691538228525827,
        "inverse_geometric_mean_rank": 0.03419667407116805,
        "inverse_harmonic_mean_rank": 0.19072429579375227,
        "inverse_median_rank": 0.038461538461538464,
        "median_absolute_deviation": 37.065055462640046,
        "median_rank": 26.0,
        "standard_deviation": 991.3216042325861,
        "variance": 982718.5230182679,
        "z_arithmetic_mean_rank": 403.6494701723915,
        "z_hits_at_k": 3397.0670759312984,
        "z_inverse_harmonic_mean_rank": 4375.278807355217
      },
      "realistic": {
        "adjusted_arithmetic_mean_rank": 0.040290553459769014,
        "adjusted_arithmetic_mean_rank_index": 0.9598397400714026,
        "adjusted_hits_at_k": 0.3647046245623646,
        "adjusted_inverse_harmonic_mean_rank": 0.19016387690131012,
        "arithmetic_mean_rank": 296.8103942871094,
        "count": 59071.0,
        "geometric_mean_rank": 29.242595672607422,
        "harmonic_mean_rank": 5.243169799388333,
        "hits_at_1": 0.10323170422034501,
        "hits_at_10": 0.36513686919131216,
        "hits_at_3": 0.2119652621421679,
        "hits_at_5": 0.2733151631088013,
        "inverse_arithmetic_mean_rank": 0.0033691541757434607,
        "inverse_geometric_mean_rank": 0.03419668972492218,
        "inverse_harmonic_mean_rank": 0.19072431564751535,
        "inverse_median_rank": 0.03846153989434242,
        "median_absolute_deviation": 37.065055462640046,
        "median_rank": 26.0,
        "standard_deviation": 991.3215942382812,
        "variance": 982718.5,
        "z_arithmetic_mean_rank": 403.6494722978504,
        "z_hits_at_k": 3397.0670759312984,
        "z_inverse_harmonic_mean_rank": 4375.279264465766
      }
    },
    "tail": {
      "optimistic": {
        "adjusted_arithmetic_mean_rank": 0.034695154364071244,
        "adjusted_arithmetic_mean_rank_index": 0.9654351873326302,
        "adjusted_hits_at_k": 0.40988687913056115,
        "adjusted_inverse_harmonic_mean_rank": 0.22011961471257302,
        "arithmetic_mean_rank": 256.9854751062281,
        "count": 59071.0,
        "geometric_mean_rank": 22.896684094640214,
        "harmonic_mean_rank": 4.531933604744529,
        "hits_at_1": 0.1264918487921315,
        "hits_at_10": 0.41028592710467066,
        "hits_at_3": 0.24765113168898445,
        "hits_at_5": 0.3115403497486076,
        "inverse_arithmetic_mean_rank": 0.0038912705069679048,