{
  "losses": [
    0.00027370825300399417,
    5.7055877953340055e-05,
    3.4271220052227624e-05,
    2.3875505992467534e-05,
    1.8529287064680124e-05
  ],
  "metrics": {
    "both": {
      "optimistic": {
        "adjusted_arithmetic_mean_rank": 0.08070188773133745,
        "adjusted_arithmetic_mean_rank_index": 0.9194225797048108,
        "adjusted_hits_at_k": 0.25467888530694455,
        "adjusted_inverse_harmonic_mean_rank": 0.12199393374384795,
        "arithmetic_mean_rank": 596.132933249818,
        "count": 118142.0,
        "geometric_mean_rank": 59.0259733036713,
        "harmonic_mean_rank": 8.15661454878056,
        "hits_at_1": 0.05637283946437338,
        "hits_at_10": 0.25518443906485416,
        "hits_at_3": 0.12941206344906978,
        "hits_at_5": 0.17772680333835553,
        "inverse_arithmetic_mean_rank": 0.0016774782002874778,
        "inverse_geometric_mean_rank": 0.016941694376732996,
        "inverse_harmonic_mean_rank": 0.1225998843048803,
        "inverse_median_rank": 0.01818181818181818,
        "median_absolute_deviation": 77.0953153622913,
        "median_rank": 55.0,
        "standard_deviation": 1646.5974290660563,
        "variance": 2711283.093406946,
        "z_arithmetic_mean_rank": 546.8884494603583,
        "z_hits_at_k": 3359.976035667772,
        "z_inverse_harmonic_mean_rank": 3975.5225642125115
      },
      "pessimistic": {
        "adjusted_arithmetic_mean_rank": 0.08070189231482705,
        "adjusted_arithmetic_mean_rank_index": 0.9194225751207006,
        "adjusted_hits_at_k": 0.25467888530694455,
        "adjusted_inverse_harmonic_mean_rank": 0.12199393369414213,
        "arithmetic_mean_rank": 596.1329671073793,
        "count": 118142.0,
        "geometric_mean_rank": 59.025974985687476,
        "harmonic_mean_rank": 8.156614552085223,
        "hits_at_1": 0.05637283946437338,
        "hits_at_10": 0.25518443906485416,
        "hits_at_3": 0.12941206344906978,
        "hits_at_5": 0.17772680333835553,
        "inverse_arithmetic_mean_rank": 0.0016774781050145706,
        "inverse_geometric_mean_rank": 0.01694169389395903,
        "inverse_harmonic_mean_rank": 0.12259988425520878,
        "inverse_median_rank": 0.01818181818181818,
        "median_absolute_deviation": 77.0953153622913,
        "median_rank": 55.0,
        "standard_deviation": 1646.5974825402982,
        "variance": 2711283.2695080475,
        "z_arithmetic_mean_rank": 546.8884467336502,
        "z_hits_at_k": 3359.976035667772,
        "z_inverse_harmonic_mean_rank": 3975.5225625927046
      },
      "realistic": {
        "adjusted_arithmetic_mean_rank": 0.08070189617277465,
        "adjusted_arithmetic_mean_rank_index": 0.9194225712622306,
        "adjusted_hits_at_k": 0.25467888530694455,
        "adjusted_inverse_harmonic_mean_rank": 0.12199393371896833,
        "arithmetic_mean_rank": 596.1329956054688,
        "count": 118142.0,
        "geometric_mean_rank": 59.02597427368164,
        "harmonic_mean_rank": 8.156614672134552,
        "hits_at_1": 0.05637283946437338,
        "hits_at_10": 0.25518443906485416,
        "hits_at_3": 0.12941206344906978,
        "hits_at_5": 0.17772680333835553,
        "inverse_arithmetic_mean_rank": 0.0016774780815467238,
        "inverse_geometric_mean_rank": 0.016941694542765617,
        "inverse_harmonic_mean_rank": 0.12259988428001783,
        "inverse_median_rank": 0.0181818176060915,
        "median_absolute_deviation": 77.0953153622913,
        "median_rank": 55.0,
        "standard_deviation": 1646.5975341796875,
        "variance": 2711283.5,
        "z_arithmetic_mean_rank": 546.8884444385656,
        "z_hits_at_k": 3359.976035667772,
        "z_inverse_harmonic_mean_rank": 3975.5225634017374
      }
    },
    "head": {
      "optimistic": {
        "adjusted_arithmetic_mean_rank": 0.08704475810034824,
        "adjusted_arithmetic_mean_rank_index": 0.9130791879154981,
        "adjusted_hits_at_k": 0.24568203089203158,
        "adjusted_inverse_harmonic_mean_rank": 0.11487476825209027,
        "arithmetic_mean_rank": 641.2368844272147,
        "count": 59071.0,
        "geometric_mean_rank": 64.55592253351908,
        "harmonic_mean_rank": 8.658960015297517,
        "hits_at_1": 0.051480421865213045,
        "hits_at_10": 0.2461952565556703,
        "hits_at_3": 0.12009276971779723,
        "hits_at_5": 0.16795043253034483,
        "inverse_arithmetic_mean_rank": 0.0015594860874125335,
        "inverse_geometric_mean_rank": 0.01549044550452787,
        "inverse_harmonic_mean_rank": 0.11548731005032141,
        "inverse_median_rank": 0.016666666666666666,
        "median_absolute_deviation": 84.50832645481931,
        "median_rank": 60.0,
        "standard_deviation": 1707.3770042289605,
        "variance": 2915136.2345698597,
        "z_arithmetic_mean_rank": 383.9848643283128,
        "z_hits_at_k": 2288.4226908083533,
        "z_inverse_harmonic_mean_rank": 2643.031892984183
      },
      "pessimistic": {
        "adjusted_arithmetic_mean_rank": 0.08704476269634591,
        "adjusted_arithmetic_mean_rank_index": 0.9130791833188765,
        "adjusted_hits_at_k": 0.24568203089203158,
        "adjusted_inverse_harmonic_mean_rank": 0.11487476816142525,
        "arithmetic_mean_rank": 641.2369182847759,
        "count": 59071.0,
        "geometric_mean_rank": 64.55592524572788,
        "harmonic_mean_rank": 8.658960022090657,
        "hits_at_1": 0.051480421865213045,
        "hits_at_10": 0.2461952565556703,
        "hits_at_3": 0.12009276971779723,
        "hits_at_5": 0.16795043253034483,
        "inverse_arithmetic_mean_rank": 0.0015594860050710555,
        "inverse_geometric_mean_rank": 0.015490444853722812,
        "inverse_harmonic_mean_rank": 0.11548730995971913,
        "inverse_median_rank": 0.016666666666666666,
        "median_absolute_deviation": 84.50832645481931,
        "median_rank": 60.0,
        "standard_deviation": 1707.3770524809593,
        "variance": 2915136.3993385686,
        "z_arithmetic_mean_rank": 383.9848623952569,
        "z_hits_at_k": 2288.4226908083533,
        "z_inverse_harmonic_mean_rank": 2643.031890898167
      },
      "realistic": {
        "adjusted_arithmetic_mean_rank": 0.08704475715205905,
        "adjusted_arithmetic_mean_rank_index": 0.913079188863916,
        "adjusted_hits_at_k": 0.24568203089203158,
        "adjusted_inverse_harmonic_mean_rank": 0.11487476820670574,
        "arithmetic_mean_rank": 641.2368774414062,
        "count": 59071.0,
        "geometric_mean_rank": 64.55589294433594,
        "harmonic_mean_rank": 8.658960279801065,
        "hits_at_1": 0.051480421865213045,
        "hits_at_10": 0.2461952565556703,
        "hits_at_3": 0.12009276971779723,
        "hits_at_5": 0.16795043253034483,
        "inverse_arithmetic_mean_rank": 0.0015594861470162868,
        "inverse_geometric_mean_rank": 0.015490452758967876,
        "inverse_harmonic_mean_rank": 0.11548731000496829,
        "inverse_median_rank": 0.01666666753590107,
        "median_absolute_deviation": 84.50832645481931,
        "median_rank": 60.0,
        "standard_deviation": 1707.376953125,
        "variance": 2915136.25,
        "z_arithmetic_mean_rank": 383.984864727159,
        "z_hits_at_k": 2288.4226908083533,
        "z_inverse_harmonic_mean_rank": 2643.031891939978
      }
    },
    "tail": {
      "optimistic": {
        "adjusted_arithmetic_mean_rank": 0.07439344805062242,
        "adjusted_arithmetic_mean_rank_index": 0.9257315333259909,
        "adjusted_hits_at_k": 0.26367570226177617,
        "adjusted_inverse_harmonic_mean_rank": 0.12911307222450374,
        "arithmetic_mean_rank": 551.0289820724213,
        "count": 59071.0,
        "geometric_mean_rank": 53.9697271406308,
        "harmonic_mean_rank": 7.70935969532766,
        "hits_at_1": 0.06126525706353372,
        "hits_at_10": 0.264173621574038,
        "hits_at_3": 0.1387313571803423,
        "hits_at_5": 0.18750317414636625,