{
  "evaluator_metadata": {
    "batch_size": 1024,
    "slice_size": null
  },
  "losses": [
    0.006185159085706167,
    0.002151926759158413,
    0.001296131423698241,
    0.0009291403910987688,
    0.000743997096846818
  ],
  "metrics": {
    "both": {
      "optimistic": {
        "adjusted_arithmetic_mean_rank": 0.6804716586083929,
        "adjusted_arithmetic_mean_rank_index": 0.3195439569083198,
        "adjusted_geometric_mean_rank_index": 0.6640993333234186,
        "adjusted_hits_at_k": 0.007357450518285132,
        "adjusted_inverse_harmonic_mean_rank": 0.004073613974139381,
        "arithmetic_mean_rank": 13924.6501,
        "count": 10000.0,
        "geometric_mean_rank": 5058.878653374096,
        "harmonic_mean_rank": 230.09195259808598,
        "hits_at_1": 0.0006,
        "hits_at_10": 0.0076,
        "hits_at_3": 0.0024,
        "hits_at_5": 0.003,
        "inverse_arithmetic_mean_rank": 7.181508998922709e-05,
        "inverse_geometric_mean_rank": 0.00019767226464960467,
        "inverse_harmonic_mean_rank": 0.004346088547245952,
        "inverse_median_rank": 9.72951936174353e-05,
        "median_absolute_deviation": 14072.860258055174,
        "median_rank": 10278.0,
        "standard_deviation": 12819.282193674886,
        "variance": 164333995.96107,
        "z_arithmetic_mean_rank": 55.34521519835033,
        "z_geometric_mean_rank": 66.46364729994838,
        "z_hits_at_k": 47.062018740431306,
        "z_inverse_harmonic_mean_rank": 64.29705082532885
      },
      "pessimistic": {
        "adjusted_arithmetic_mean_rank": 0.6804717367974064,
        "adjusted_arithmetic_mean_rank_index": 0.3195438787154853,
        "adjusted_geometric_mean_rank_index": 0.664099301991363,
        "adjusted_hits_at_k": 0.007357450518285132,
        "adjusted_inverse_harmonic_mean_rank": 0.0040736139668042775,
        "arithmetic_mean_rank": 13924.6517,
        "count": 10000.0,
        "geometric_mean_rank": 5058.879125161595,
        "harmonic_mean_rank": 230.0919529863171,
        "hits_at_1": 0.0006,
        "hits_at_10": 0.0076,
        "hits_at_3": 0.0024,
        "hits_at_5": 0.003,
        "inverse_arithmetic_mean_rank": 7.18150817373766e-05,
        "inverse_geometric_mean_rank": 0.0001976722462148287,
        "inverse_harmonic_mean_rank": 0.0043460885399128546,
        "inverse_median_rank": 9.72951936174353e-05,
        "median_absolute_deviation": 14072.860258055174,
        "median_rank": 10278.0,
        "standard_deviation": 12819.283148545675,
        "variance": 164334020.4425871,
        "z_arithmetic_mean_rank": 55.34520165530199,
        "z_geometric_mean_rank": 66.4636441642086,
        "z_hits_at_k": 47.062018740431306,
        "z_inverse_harmonic_mean_rank": 64.29705070955313
      },
      "realistic": {
        "adjusted_arithmetic_mean_rank": 0.6804717205334807,
        "adjusted_arithmetic_mean_rank_index": 0.31954389498020574,
        "adjusted_geometric_mean_rank_index": 0.6640993489570108,
        "adjusted_hits_at_k": 0.007357450518285132,
        "adjusted_inverse_harmonic_mean_rank": 0.004073613836279541,
        "arithmetic_mean_rank": 13924.6513671875,
        "count": 10000.0,
        "geometric_mean_rank": 5058.87841796875,
        "harmonic_mean_rank": 230.09195989470737,
        "hits_at_1": 0.0006,
        "hits_at_10": 0.0076,
        "hits_at_3": 0.0024,
        "hits_at_5": 0.003,
        "inverse_arithmetic_mean_rank": 7.181508408393711e-05,
        "inverse_geometric_mean_rank": 0.00019767227058764547,
        "inverse_harmonic_mean_rank": 0.004346088409423828,
        "inverse_median_rank": 9.72951966105029e-05,
        "median_absolute_deviation": 14072.860258055174,
        "median_rank": 10278.0,
        "standard_deviation": 12819.2822265625,
        "variance": 164334000.0,
        "z_arithmetic_mean_rank": 55.34520447236186,
        "z_geometric_mean_rank": 66.4636488645721,
        "z_hits_at_k": 47.062018740431306,
        "z_inverse_harmonic_mean_rank": 64.29704864937864
      }
    },
    "head": {
      "optimistic": {
        "adjusted_arithmetic_mean_rank": 0.692792955100394,
        "adjusted_arithmetic_mean_rank_index": 0.307222058616213,
        "adjusted_geometric_mean_rank_index": 0.6511900481613886,
        "adjusted_hits_at_k": 0.008157640382758721,
        "adjusted_inverse_harmonic_mean_rank": 0.004470857752830758,
        "arithmetic_mean_rank": 14176.455,
        "count": 5000.0,
        "geometric_mean_rank": 5253.4022629084075,
        "harmonic_mean_rank": 210.82682457987022,
        "hits_at_1": 0.0008,
        "hits_at_10": 0.0084,
        "hits_at_3": 0.0032,
        "hits_at_5": 0.004,
        "inverse_arithmetic_mean_rank": 7.053949665131374e-05,
        "inverse_geometric_mean_rank": 0.0001903528323084051,
        "inverse_harmonic_mean_rank": 0.004743229434834831,
        "inverse_median_rank": 9.173891105912573e-05,
        "median_absolute_deviation": 14703.707502029307,
        "median_rank": 10900.5,
        "standard_deviation": 12791.397666837465,
        "variance": 163619854.27117497,
        "z_arithmetic_mean_rank": 37.625894388727076,
        "z_geometric_mean_rank": 46.08674352328238,
        "z_hits_at_k": 36.89671389039824,
        "z_inverse_harmonic_mean_rank": 49.897865756659414
      },
      "pessimistic": {
        "adjusted_arithmetic_mean_rank": 0.6927929844219537,
        "adjusted_arithmetic_mean_rank_index": 0.3072220292932203,
        "adjusted_geometric_mean_rank_index": 0.6511900380555931,
        "adjusted_hits_at_k": 0.008157640382758721,
        "adjusted_inverse_harmonic_mean_rank": 0.004470857751334049,
        "arithmetic_mean_rank": 14176.4556,
        "count": 5000.0,
        "geometric_mean_rank": 5253.402415082114,
        "harmonic_mean_rank": 210.82682464637767,
        "hits_at_1": 0.0008,
        "hits_at_10": 0.0084,
        "hits_at_3": 0.0032,
        "hits_at_5": 0.004,
        "inverse_arithmetic_mean_rank": 7.053949366582152e-05,
        "inverse_geometric_mean_rank": 0.00019035282679451262,
        "inverse_harmonic_mean_rank": 0.004743229433338532,
        "inverse_median_rank": 9.173891105912573e-05,
        "median_absolute_deviation": 14703.707502029307,
        "median_rank": 10900.5,
        "standard_deviation": 12791.398034977592,
        "variance": 163619863.68922862,
        "z_arithmetic_mean_rank": 37.62589079750113,
        "z_geometric_mean_rank": 46.086742808063825,
        "z_hits_at_k": 36.89671389039824,
        "z_inverse_harmonic_mean_rank": 49.89786573995511
      },
      "realistic": {
        "adjusted_arithmetic_mean_rank": 0.6927929111944124,
        "adjusted_arithmetic_mean_rank_index": 0.30722210252434023,
        "adjusted_geometric_mean_rank_index": 0.651189977939602,
        "adjusted_hits_at_k": 0.008157640382758721,
        "adjusted_inverse_harmonic_mean_rank": 0.0044708576117805775,
        "arithmetic_mean_rank": 14176.4541015625,
        "count": 5000.0,
        "geometric_mean_rank": 5253.4033203125,
        "harmonic_mean_rank": 210.8268308475465,
        "hits_at_1": 0.0008,
        "hits_at_10": 0.0084,
        "hits_at_3": 0.0032,
        "hits_at_5": 0.004,
        "inverse_arithmetic_mean_rank": 7.053949957480654e-05,
        "inverse_geometric_mean_rank": 0.000190352788195014,
        "inverse_harmonic_mean_rank": 0.004743229293823242,
        "inverse_median_rank": 9.173891157843173e-05,
        "median_absolute_deviation": 14703.707502029307,
        "median_rank": 10900.5,
        "standard_deviation": 12791.3984375,
        "variance": 163619872.0,
        "z_arithmetic_mean_rank": 37.62589976621385,
        "z_geometric_mean_rank": 46.08673855346831,
        "z_hits_at_k": 36.89671389039824,
        "z_inverse_harmonic_mean_rank": 49.897864182441815
      }
    },
    "tail": {
      "optimistic": {
        "adjusted_arithmetic_mean_rank": 0.668150933393428,
        "adjusted_arithmetic_mean_rank_index": 0.33186528386756864,