{
  "evaluator_metadata": {
    "batch_size": 1024,
    "slice_size": null
  },
  "losses": [
    0.00017830922128783815,
    3.5568977629189845e-06,
    3.2398627037952276e-06,
    2.946085544536108e-06,
    2.427437591210355e-06
  ],
  "metrics": {
    "both": {
      "optimistic": {
        "adjusted_arithmetic_mean_rank": 0.13629356123736652,
        "adjusted_arithmetic_mean_rank_index": 0.8637486485468131,
        "adjusted_geometric_mean_rank_index": 0.9934277872821621,
        "adjusted_hits_at_k": 0.3122319457641806,
        "adjusted_inverse_harmonic_mean_rank": 0.21687724348833318,
        "arithmetic_mean_rank": 2789.0069,
        "count": 10000.0,
        "geometric_mean_rank": 99.96215669911965,
        "harmonic_mean_rank": 4.606352677882064,
        "hits_at_1": 0.1676,
        "hits_at_10": 0.3124,
        "hits_at_3": 0.234,
        "hits_at_5": 0.2644,
        "inverse_arithmetic_mean_rank": 0.00035855056507748336,
        "inverse_geometric_mean_rank": 0.010003785762745621,
        "inverse_harmonic_mean_rank": 0.21709149731448396,
        "inverse_median_rank": 0.009433962264150943,
        "median_absolute_deviation": 155.6732329430882,
        "median_rank": 106.0,
        "standard_deviation": 6483.423392163463,
        "variance": 42034778.88205239,
        "z_arithmetic_mean_rank": 149.6018115743092,
        "z_geometric_mean_rank": 99.42312958133098,
        "z_hits_at_k": 1997.195311935326,
        "z_inverse_harmonic_mean_rank": 3423.143978774425
      },
      "pessimistic": {
        "adjusted_arithmetic_mean_rank": 0.1362936785208867,
        "adjusted_arithmetic_mean_rank_index": 0.8637485312575612,
        "adjusted_geometric_mean_rank_index": 0.9934277849391755,
        "adjusted_hits_at_k": 0.3122319457641806,
        "adjusted_inverse_harmonic_mean_rank": 0.21687724338746267,
        "arithmetic_mean_rank": 2789.0093,
        "count": 10000.0,
        "geometric_mean_rank": 99.96219197901941,
        "harmonic_mean_rank": 4.606352680021797,
        "hits_at_1": 0.1676,
        "hits_at_10": 0.3124,
        "hits_at_3": 0.234,
        "hits_at_5": 0.2644,
        "inverse_arithmetic_mean_rank": 0.0003585502565373303,
        "inverse_geometric_mean_rank": 0.01000378223208516,
        "inverse_harmonic_mean_rank": 0.21709149721364104,
        "inverse_median_rank": 0.009433962264150943,
        "median_absolute_deviation": 155.6732329430882,
        "median_rank": 106.0,
        "standard_deviation": 6483.426716005472,
        "variance": 42034821.981813505,
        "z_arithmetic_mean_rank": 149.60179125973667,
        "z_geometric_mean_rank": 99.42312934684281,
        "z_hits_at_k": 1997.195311935326,
        "z_inverse_harmonic_mean_rank": 3423.143977182306
      },
      "realistic": {
        "adjusted_arithmetic_mean_rank": 0.1362936177602349,
        "adjusted_arithmetic_mean_rank_index": 0.8637485920211825,
        "adjusted_geometric_mean_rank_index": 0.993427787182279,
        "adjusted_hits_at_k": 0.3122319457641806,
        "adjusted_inverse_harmonic_mean_rank": 0.21687725008190317,
        "arithmetic_mean_rank": 2789.008056640625,
        "count": 10000.0,
        "geometric_mean_rank": 99.962158203125,
        "harmonic_mean_rank": 4.606352538014779,
        "hits_at_1": 0.1676,
        "hits_at_10": 0.3124,
        "hits_at_3": 0.234,
        "hits_at_5": 0.2644,
        "inverse_arithmetic_mean_rank": 0.0003585504018701613,
        "inverse_geometric_mean_rank": 0.010003785602748394,
        "inverse_harmonic_mean_rank": 0.21709150390625,
        "inverse_median_rank": 0.009433962404727936,
        "median_absolute_deviation": 155.6732329430882,
        "median_rank": 106.0,
        "standard_deviation": 6483.42529296875,
        "variance": 42034804.0,
        "z_arithmetic_mean_rank": 149.60180178403425,
        "z_geometric_mean_rank": 99.4231295713346,
        "z_hits_at_k": 1997.195311935326,
        "z_inverse_harmonic_mean_rank": 3423.1440828459217
      }
    },
    "head": {
      "optimistic": {
        "adjusted_arithmetic_mean_rank": 0.1465853386942658,
        "adjusted_arithmetic_mean_rank_index": 0.8534563690923419,
        "adjusted_geometric_mean_rank_index": 0.9921161069642516,
        "adjusted_hits_at_k": 0.2958279334706153,
        "adjusted_inverse_harmonic_mean_rank": 0.20868076827049847,
        "arithmetic_mean_rank": 2999.5404,
        "count": 5000.0,
        "geometric_mean_rank": 119.71615876559561,
        "harmonic_mean_rank": 4.7870419943520535,
        "hits_at_1": 0.1632,
        "hits_at_10": 0.296,
        "hits_at_3": 0.2246,
        "hits_at_5": 0.2522,
        "inverse_arithmetic_mean_rank": 0.00033338440782461207,
        "inverse_geometric_mean_rank": 0.008353091264463316,
        "inverse_harmonic_mean_rank": 0.2088972691653511,
        "inverse_median_rank": 0.006779661016949152,
        "median_absolute_deviation": 217.20122501107068,
        "median_rank": 147.5,
        "standard_deviation": 6644.4210276869,
        "variance": 44148330.79316784,
        "z_arithmetic_mean_rank": 104.52393735493405,
        "z_geometric_mean_rank": 70.21514025909521,
        "z_hits_at_k": 1338.019097424571,
        "z_inverse_harmonic_mean_rank": 2329.021753055102
      },
      "pessimistic": {
        "adjusted_arithmetic_mean_rank": 0.1465854853020648,
        "adjusted_arithmetic_mean_rank_index": 0.8534562224773778,
        "adjusted_geometric_mean_rank_index": 0.9921161046258482,
        "adjusted_hits_at_k": 0.2958279334706153,
        "adjusted_inverse_harmonic_mean_rank": 0.2086807682341606,
        "arithmetic_mean_rank": 2999.5434,
        "count": 5000.0,
        "geometric_mean_rank": 119.71619397742072,
        "harmonic_mean_rank": 4.787041995184536,
        "hits_at_1": 0.1632,
        "hits_at_10": 0.296,
        "hits_at_3": 0.2246,
        "hits_at_5": 0.2522,
        "inverse_arithmetic_mean_rank": 0.0003333840743894554,
        "inverse_geometric_mean_rank": 0.008353088807589447,
        "inverse_harmonic_mean_rank": 0.20889726912902315,
        "inverse_median_rank": 0.006779661016949152,
        "median_absolute_deviation": 217.20122501107068,
        "median_rank": 147.5,
        "standard_deviation": 6644.425975185249,
        "variance": 44148396.539716445,
        "z_arithmetic_mean_rank": 104.52391939880428,
        "z_geometric_mean_rank": 70.21514009359913,
        "z_hits_at_k": 1338.019097424571,
        "z_inverse_harmonic_mean_rank": 2329.0217526495467
      },
      "realistic": {
        "adjusted_arithmetic_mean_rank": 0.14658541650330079,
        "adjusted_arithmetic_mean_rank_index": 0.8534562912795043,
        "adjusted_geometric_mean_rank_index": 0.9921161051208643,
        "adjusted_hits_at_k": 0.2958279334706153,
        "adjusted_inverse_harmonic_mean_rank": 0.20868076472917851,
        "arithmetic_mean_rank": 2999.5419921875,
        "count": 5000.0,
        "geometric_mean_rank": 119.7161865234375,
        "harmonic_mean_rank": 4.78704207548193,
        "hits_at_1": 0.1632,
        "hits_at_10": 0.296,
        "hits_at_3": 0.2246,
        "hits_at_5": 0.2522,
        "inverse_arithmetic_mean_rank": 0.0003333842323627323,
        "inverse_geometric_mean_rank": 0.008353088982403278,
        "inverse_harmonic_mean_rank": 0.20889726562500002,
        "inverse_median_rank": 0.006779660936444998,
        "median_absolute_deviation": 217.20122501107068,
        "median_rank": 147.5,
        "standard_deviation": 6644.42333984375,
        "variance": 44148360.0,
        "z_arithmetic_mean_rank": 104.52392782509227,
        "z_geometric_mean_rank": 70.21514012863295,
        "z_hits_at_k": 1338.019097424571,
        "z_inverse_harmonic_mean_rank": 2329.0217135315215
      }
    },
    "tail": {
      "optimistic": {
        "adjusted_arithmetic_mean_rank": 0.1260022609588329,
        "adjusted_arithmetic_mean_rank_index": 0.8740404507763229,
        "adjusted_geometric_mean_rank_index": 0.9945236073848335,