{
  "losses": [
    0.019358374847747738,
    0.01926067069163421,
    0.019161655377482285,
    0.01906288573317298,
    0.01896479291372804
  ],
  "metrics": {
    "both": {
      "optimistic": {
        "adjusted_arithmetic_mean_rank": 0.8705811229150148,
        "adjusted_arithmetic_mean_rank_index": 0.12942526134716914,
        "adjusted_hits_at_k": 0.008134293686767383,
        "adjusted_inverse_harmonic_mean_rank": 0.003645520836678461,
        "arithmetic_mean_rank": 17648.897571819427,
        "count": 5848.0,
        "geometric_mean_rank": 10309.546076029572,
        "harmonic_mean_rank": 255.07299036983989,
        "hits_at_1": 0.0011969904240766074,
        "hits_at_10": 0.008378932968536252,
        "hits_at_3": 0.004274965800273598,
        "hits_at_5": 0.005984952120383037,
        "inverse_arithmetic_mean_rank": 5.6660762856753884e-05,
        "inverse_geometric_mean_rank": 9.699748103605368e-05,
        "inverse_harmonic_mean_rank": 0.003920446451621798,
        "inverse_median_rank": 6.00817111271329e-05,
        "median_absolute_deviation": 15450.197719046877,
        "median_rank": 16644.0,
        "standard_deviation": 12024.257654460096,
        "variance": 144582772.14084223,
        "z_arithmetic_mean_rank": 17.14242203045866,
        "z_hits_at_k": 39.603476070110496,
        "z_inverse_harmonic_mean_rank": 43.796929167098405
      },
      "pessimistic": {
        "adjusted_arithmetic_mean_rank": 0.8705851548377035,
        "adjusted_arithmetic_mean_rank_index": 0.12942122922558474,
        "adjusted_hits_at_k": 0.008134293686767383,
        "adjusted_inverse_harmonic_mean_rank": 0.0036455178545416692,
        "arithmetic_mean_rank": 17648.979309165527,
        "count": 5848.0,
        "geometric_mean_rank": 10309.62711068822,
        "harmonic_mean_rank": 255.07318434092105,
        "hits_at_1": 0.0011969904240766074,
        "hits_at_10": 0.008378932968536252,
        "hits_at_3": 0.004274965800273598,
        "hits_at_5": 0.005984952120383037,
        "inverse_arithmetic_mean_rank": 5.666050044495642e-05,
        "inverse_geometric_mean_rank": 9.699671862654254e-05,
        "inverse_harmonic_mean_rank": 0.003920443470307872,
        "inverse_median_rank": 6.00817111271329e-05,
        "median_absolute_deviation": 15450.197719046877,
        "median_rank": 16644.0,
        "standard_deviation": 12024.267924256845,
        "variance": 144583019.114312,
        "z_arithmetic_mean_rank": 17.141887974516578,
        "z_hits_at_k": 39.603476070110496,
        "z_inverse_harmonic_mean_rank": 43.796893339999976
      },
      "realistic": {
        "adjusted_arithmetic_mean_rank": 0.8705830924839433,
        "adjusted_arithmetic_mean_rank_index": 0.12942329168108146,
        "adjusted_hits_at_k": 0.008134293686767383,
        "adjusted_inverse_harmonic_mean_rank": 0.0036455193447481517,
        "arithmetic_mean_rank": 17648.9375,
        "count": 5848.0,
        "geometric_mean_rank": 10309.5869140625,
        "harmonic_mean_rank": 255.0730929684683,
        "hits_at_1": 0.0011969904240766074,
        "hits_at_10": 0.008378932968536252,
        "hits_at_3": 0.004274965800273598,
        "hits_at_5": 0.005984952120383037,
        "inverse_arithmetic_mean_rank": 5.6660635891603306e-05,
        "inverse_geometric_mean_rank": 9.699709335109219e-05,
        "inverse_harmonic_mean_rank": 0.00392044496010316,
        "inverse_median_rank": 6.00817111262586e-05,
        "median_absolute_deviation": 15450.197719046877,
        "median_rank": 16644.0,
        "standard_deviation": 12024.2626953125,
        "variance": 144582896.0,
        "z_arithmetic_mean_rank": 17.142161147482767,
        "z_hits_at_k": 39.603476070110496,
        "z_inverse_harmonic_mean_rank": 43.79691124319425
      }
    },
    "head": {
      "optimistic": {
        "adjusted_arithmetic_mean_rank": 0.9373203914542778,
        "adjusted_arithmetic_mean_rank_index": 0.0626827012310005,
        "adjusted_hits_at_k": 0.0028319734402369786,
        "adjusted_inverse_harmonic_mean_rank": 0.0015593373166947965,
        "arithmetic_mean_rank": 18997.656976744187,
        "count": 2924.0,
        "geometric_mean_rank": 12721.473902043308,
        "harmonic_mean_rank": 544.9904552697009,
        "hits_at_1": 0.0010259917920656635,
        "hits_at_10": 0.0030779753761969904,
        "hits_at_3": 0.0010259917920656635,
        "hits_at_5": 0.0023939808481532147,
        "inverse_arithmetic_mean_rank": 5.2638070116969746e-05,
        "inverse_geometric_mean_rank": 7.860724375965439e-05,
        "inverse_harmonic_mean_rank": 0.0018348945203180253,
        "inverse_median_rank": 5.425935973955508e-05,
        "median_absolute_deviation": 15111.423112118347,
        "median_rank": 18430.0,
        "standard_deviation": 11759.070452955062,
        "variance": 138275737.91756076,
        "z_arithmetic_mean_rank": 5.870641867908702,
        "z_hits_at_k": 9.748531363852472,
        "z_inverse_harmonic_mean_rank": 13.245268635772078
      },
      "pessimistic": {
        "adjusted_arithmetic_mean_rank": 0.9373248123670547,
        "adjusted_arithmetic_mean_rank_index": 0.06267828010009058,
        "adjusted_hits_at_k": 0.0028319734402369786,
        "adjusted_inverse_harmonic_mean_rank": 0.0015593357925949337,
        "arithmetic_mean_rank": 18997.74658002736,
        "count": 2924.0,
        "geometric_mean_rank": 12721.566306576726,
        "harmonic_mean_rank": 544.9909078250481,
        "hits_at_1": 0.0010259917920656635,
        "hits_at_10": 0.0030779753761969904,
        "hits_at_3": 0.0010259917920656635,
        "hits_at_5": 0.0023939808481532147,
        "inverse_arithmetic_mean_rank": 5.263782184837207e-05,
        "inverse_geometric_mean_rank": 7.860667278706282e-05,
        "inverse_harmonic_mean_rank": 0.0018348929966387952,
        "inverse_median_rank": 5.4257887740430265e-05,
        "median_absolute_deviation": 15111.423112118347,
        "median_rank": 18430.5,
        "standard_deviation": 11759.076669307115,
        "variance": 138275884.1146429,
        "z_arithmetic_mean_rank": 5.870227800299716,
        "z_hits_at_k": 9.748531363852472,
        "z_inverse_harmonic_mean_rank": 13.245255689816194
      },
      "realistic": {
        "adjusted_arithmetic_mean_rank": 0.937322571986191,
        "adjusted_arithmetic_mean_rank_index": 0.06268052059149731,
        "adjusted_hits_at_k": 0.0028319734402369786,
        "adjusted_inverse_harmonic_mean_rank": 0.0015593365544549359,
        "arithmetic_mean_rank": 18997.701171875,
        "count": 2924.0,
        "geometric_mean_rank": 12721.5244140625,
        "harmonic_mean_rank": 544.9906554581698,
        "hits_at_1": 0.0010259917920656635,
        "hits_at_10": 0.0030779753761969904,
        "hits_at_3": 0.0010259917920656635,
        "hits_at_5": 0.0023939808481532147,
        "inverse_arithmetic_mean_rank": 5.263794810161926e-05,
        "inverse_geometric_mean_rank": 7.860692858230323e-05,
        "inverse_harmonic_mean_rank": 0.0018348937582885335,
        "inverse_median_rank": 5.425862400443293e-05,
        "median_absolute_deviation": 15111.423112118347,
        "median_rank": 18430.25,
        "standard_deviation": 11759.0732421875,
        "variance": 138275808.0,
        "z_arithmetic_mean_rank": 5.870437636863841,
        "z_hits_at_k": 9.748531363852472,
        "z_inverse_harmonic_mean_rank": 13.245262161180847
      }
    },
    "tail": {
      "optimistic": {
        "adjusted_arithmetic_mean_rank": 0.8038714603881213,
        "adjusted_arithmetic_mean_rank_index": 0.19613821253058217,
        "adjusted_hits_at_k": 0.013436613349726862,
        "adjusted_inverse_harmonic_mean_rank": 0.0057317041228105246,
        "arithmetic_mean_rank": 16300.138166894665,
        "count": 2924.0,
        "geometric_mean_rank": 8354.907702691988,
        "harmonic_mean_rank": 166.50021132920975,
        "hits_at_1": 0.0013679890560875513,
        "hits_at_10": 0.013679890560875513,