{
  "losses": [
    0.013387655595250347,
    0.013083627746816562,
    0.012784079545507152,
    0.0124903927645521,
    0.012203190229969347
  ],
  "metrics": {
    "both": {
      "optimistic": {
        "adjusted_arithmetic_mean_rank": 0.7891292153102102,
        "adjusted_arithmetic_mean_rank_index": 0.21088109005502975,
        "adjusted_hits_at_k": 0.03616448943915714,
        "adjusted_inverse_harmonic_mean_rank": 0.01896367615359624,
        "arithmetic_mean_rank": 16148.135,
        "count": 10000.0,
        "geometric_mean_rank": 6089.0981506932985,
        "harmonic_mean_rank": 51.99646411776393,
        "hits_at_1": 0.0108,
        "hits_at_10": 0.0364,
        "hits_at_3": 0.0193,
        "hits_at_5": 0.0251,
        "inverse_arithmetic_mean_rank": 6.192665592652031e-05,
        "inverse_geometric_mean_rank": 0.0001642279324872011,
        "inverse_harmonic_mean_rank": 0.019232076968448378,
        "inverse_median_rank": 6.963788300835655e-05,
        "median_absolute_deviation": 16992.845327401956,
        "median_rank": 14360.0,
        "standard_deviation": 12880.230432867844,
        "variance": 165900336.00377497,
        "z_arithmetic_mean_rank": 36.524738015017164,
        "z_hits_at_k": 231.3265818769568,
        "z_inverse_harmonic_mean_rank": 299.3186043703253
      },
      "pessimistic": {
        "adjusted_arithmetic_mean_rank": 0.7891330123641752,
        "adjusted_arithmetic_mean_rank_index": 0.21087729281550072,
        "adjusted_hits_at_k": 0.03616448943915714,
        "adjusted_inverse_harmonic_mean_rank": 0.01896367431133423,
        "arithmetic_mean_rank": 16148.2127,
        "count": 10000.0,
        "geometric_mean_rank": 6089.140137166568,
        "harmonic_mean_rank": 51.99646909720074,
        "hits_at_1": 0.0108,
        "hits_at_10": 0.0364,
        "hits_at_3": 0.0193,
        "hits_at_5": 0.0251,
        "inverse_arithmetic_mean_rank": 6.192635795539155e-05,
        "inverse_geometric_mean_rank": 0.00016422680008565635,
        "inverse_harmonic_mean_rank": 0.019232075126690392,
        "inverse_median_rank": 6.963788300835655e-05,
        "median_absolute_deviation": 16992.845327401956,
        "median_rank": 14360.0,
        "standard_deviation": 12880.246949242031,
        "variance": 165900761.47345868,
        "z_arithmetic_mean_rank": 36.52408033073195,
        "z_hits_at_k": 231.3265818769568,
        "z_inverse_harmonic_mean_rank": 299.31857529245616
      },
      "realistic": {
        "adjusted_arithmetic_mean_rank": 0.7891311604909889,
        "adjusted_arithmetic_mean_rank_index": 0.21087914477918912,
        "adjusted_hits_at_k": 0.03616448943915714,
        "adjusted_inverse_harmonic_mean_rank": 0.018963675232121602,
        "arithmetic_mean_rank": 16148.1748046875,
        "count": 10000.0,
        "geometric_mean_rank": 6089.12109375,
        "harmonic_mean_rank": 51.99646808658853,
        "hits_at_1": 0.0108,
        "hits_at_10": 0.0364,
        "hits_at_3": 0.0193,
        "hits_at_5": 0.0251,
        "inverse_arithmetic_mean_rank": 6.192650471348315e-05,
        "inverse_geometric_mean_rank": 0.00016422731277998537,
        "inverse_harmonic_mean_rank": 0.01923207604722585,
        "inverse_median_rank": 6.963788473512977e-05,
        "median_absolute_deviation": 16992.845327401956,
        "median_rank": 14360.0,
        "standard_deviation": 12880.23828125,
        "variance": 165900528.0,
        "z_arithmetic_mean_rank": 36.52440109201268,
        "z_hits_at_k": 231.3265818769568,
        "z_inverse_harmonic_mean_rank": 299.31858982596697
      }
    },
    "head": {
      "optimistic": {
        "adjusted_arithmetic_mean_rank": 0.7980273197378187,
        "adjusted_arithmetic_mean_rank_index": 0.2019825510012615,
        "adjusted_hits_at_k": 0.03476414176014741,
        "adjusted_inverse_harmonic_mean_rank": 0.0189419066190694,
        "arithmetic_mean_rank": 16329.8404,
        "count": 5000.0,
        "geometric_mean_rank": 6326.548079401762,
        "harmonic_mean_rank": 52.0553560301053,
        "hits_at_1": 0.0116,
        "hits_at_10": 0.035,
        "hits_at_3": 0.0184,
        "hits_at_5": 0.0246,
        "inverse_arithmetic_mean_rank": 6.123758564106971e-05,
        "inverse_geometric_mean_rank": 0.00015806407972395587,
        "inverse_harmonic_mean_rank": 0.019210319096111216,
        "inverse_median_rank": 6.911088842047065e-05,
        "median_absolute_deviation": 17057.33852390695,
        "median_rank": 14469.5,
        "standard_deviation": 12892.251613807723,
        "variance": 166210151.67372784,
        "z_arithmetic_mean_rank": 24.737071831918513,
        "z_hits_at_k": 157.23696215885795,
        "z_inverse_harmonic_mean_rank": 211.40478313251361
      },
      "pessimistic": {
        "adjusted_arithmetic_mean_rank": 0.79803106312362,
        "adjusted_arithmetic_mean_rank_index": 0.20197880743251473,
        "adjusted_hits_at_k": 0.03476414176014741,
        "adjusted_inverse_harmonic_mean_rank": 0.018941905090615847,
        "arithmetic_mean_rank": 16329.917,
        "count": 5000.0,
        "geometric_mean_rank": 6326.5873648947,
        "harmonic_mean_rank": 52.05536017071492,
        "hits_at_1": 0.0116,
        "hits_at_10": 0.035,
        "hits_at_3": 0.0184,
        "hits_at_5": 0.0246,
        "inverse_arithmetic_mean_rank": 6.123729838920798e-05,
        "inverse_geometric_mean_rank": 0.00015806309821134415,
        "inverse_harmonic_mean_rank": 0.019210317568075837,
        "inverse_median_rank": 6.911088842047065e-05,
        "median_absolute_deviation": 17057.33852390695,
        "median_rank": 14469.5,
        "standard_deviation": 12892.268639789934,
        "variance": 166210590.680511,
        "z_arithmetic_mean_rank": 24.736613352071913,
        "z_hits_at_k": 157.23696215885795,
        "z_inverse_harmonic_mean_rank": 211.40476607391446
      },
      "realistic": {
        "adjusted_arithmetic_mean_rank": 0.7980291537861127,
        "adjusted_arithmetic_mean_rank_index": 0.20198071686333463,
        "adjusted_hits_at_k": 0.03476414176014741,
        "adjusted_inverse_harmonic_mean_rank": 0.01894190585454245,
        "arithmetic_mean_rank": 16329.8779296875,
        "count": 5000.0,
        "geometric_mean_rank": 6326.56640625,
        "harmonic_mean_rank": 52.05535901882765,
        "hits_at_1": 0.0116,
        "hits_at_10": 0.035,
        "hits_at_3": 0.0184,
        "hits_at_5": 0.0246,
        "inverse_arithmetic_mean_rank": 6.123744242358953e-05,
        "inverse_geometric_mean_rank": 0.00015806361625436693,
        "inverse_harmonic_mean_rank": 0.019210318331793434,
        "inverse_median_rank": 6.911088712513447e-05,
        "median_absolute_deviation": 17057.33852390695,
        "median_rank": 14469.5,
        "standard_deviation": 12892.259765625,
        "variance": 166210352.0,
        "z_arithmetic_mean_rank": 24.736847202605617,
        "z_hits_at_k": 157.23696215885795,
        "z_inverse_harmonic_mean_rank": 211.40477459986386
      }
    },
    "tail": {
      "optimistic": {
        "adjusted_arithmetic_mean_rank": 0.7802315234433033,
        "adjusted_arithmetic_mean_rank_index": 0.2197792165077822,
        "adjusted_hits_at_k": 0.03756483710218146,
        "adjusted_inverse_harmonic_mean_rank": 0.018985445687869747,
        "arithmetic_mean_rank": 15966.4296,
        "count": 5000.0,
        "geometric_mean_rank": 5860.560265003558,
        "harmonic_mean_rank": 51.93770530750026,
        "hits_at_1": 0.01,
        "hits_at_10": 0.0378,
        "hits_at_3": 0.0202,
        "hits_at_5": 0.0256,
        "inverse_arithmetic_mean_rank": 6.263141009308681e-05,
        "inverse_geometric_mean_rank": 0.00017063215030336233,
        "inverse_harmonic_mean_rank": 0.01925383484078553,
        "inverse_median_rank": 7.000840100812098e-05,
        "median_absolute_deviation": 16935.02384088024,
        "median_rank": 14284.0,
        "standard_deviation": 12865.631994933006,
        "variance": 165524486.62904385,