{
  "evaluator_metadata": {
    "batch_size": 4,
    "slice_size": null
  },
  "losses": [
    0.002721442517725209,
    0.002717859683797624,
    0.0027141772589411987,
    0.0027092453467933092,
    0.00270177292591784
  ],
  "metrics": {
    "both": {
      "optimistic": {
        "adjusted_arithmetic_mean_rank": 0.9368993007191023,
        "adjusted_arithmetic_mean_rank_index": 0.06310381205252158,
        "adjusted_geometric_mean_rank_index": 0.17085137097247383,
        "adjusted_hits_at_k": 0.005397640591231649,
        "adjusted_inverse_harmonic_mean_rank": 0.003779893635427336,
        "arithmetic_mean_rank": 18993.336012311902,
        "count": 5848.0,
        "geometric_mean_rank": 12370.145090151156,
        "harmonic_mean_rank": 246.62237264877194,
        "hits_at_1": 0.0027359781121751026,
        "hits_at_10": 0.005642954856361149,
        "hits_at_3": 0.00393296853625171,
        "hits_at_5": 0.004445964432284542,
        "inverse_arithmetic_mean_rank": 5.265004522384997e-05,
        "inverse_geometric_mean_rank": 8.083979554905775e-05,
        "inverse_harmonic_mean_rank": 0.004054782172678848,
        "inverse_median_rank": 5.4449919686368463e-05,
        "median_absolute_deviation": 15544.342959921983,
        "median_rank": 18365.5,
        "standard_deviation": 12003.289451468483,
        "variance": 144078957.65573457,
        "z_arithmetic_mean_rank": 8.358122415015941,
        "z_geometric_mean_rank": 13.07671335017524,
        "z_hits_at_k": 26.279519552834255,
        "z_inverse_harmonic_mean_rank": 45.411270769422465
      },
      "pessimistic": {
        "adjusted_arithmetic_mean_rank": 0.9368993260240565,
        "adjusted_arithmetic_mean_rank_index": 0.06310378674631922,
        "adjusted_geometric_mean_rank_index": 0.17085134895810905,
        "adjusted_hits_at_k": 0.005397640591231649,
        "adjusted_inverse_harmonic_mean_rank": 0.0037798936340233966,
        "arithmetic_mean_rank": 18993.336525307797,
        "count": 5848.0,
        "geometric_mean_rank": 12370.14541855895,
        "harmonic_mean_rank": 246.62237273413962,
        "hits_at_1": 0.0027359781121751026,
        "hits_at_10": 0.005642954856361149,
        "hits_at_3": 0.00393296853625171,
        "hits_at_5": 0.004445964432284542,
        "inverse_arithmetic_mean_rank": 5.2650043801811407e-05,
        "inverse_geometric_mean_rank": 8.083979340288905e-05,
        "inverse_harmonic_mean_rank": 0.004054782171275296,
        "inverse_median_rank": 5.4449919686368463e-05,
        "median_absolute_deviation": 15544.342959921983,
        "median_rank": 18365.5,
        "standard_deviation": 12003.289482275293,
        "variance": 144078958.39530066,
        "z_arithmetic_mean_rank": 8.358119063200405,
        "z_geometric_mean_rank": 13.076711665228046,
        "z_hits_at_k": 26.279519552834255,
        "z_inverse_harmonic_mean_rank": 45.41127075255568
      },
      "realistic": {
        "adjusted_arithmetic_mean_rank": 0.9368992970287965,
        "adjusted_arithmetic_mean_rank_index": 0.0631038157430095,
        "adjusted_geometric_mean_rank_index": 0.170851277512596,
        "adjusted_hits_at_k": 0.005397640591231649,
        "adjusted_inverse_harmonic_mean_rank": 0.0037798933020507103,
        "arithmetic_mean_rank": 18993.3359375,
        "count": 5848.0,
        "geometric_mean_rank": 12370.146484375,
        "harmonic_mean_rank": 246.62239292001001,
        "hits_at_1": 0.0027359781121751026,
        "hits_at_10": 0.005642954856361149,
        "hits_at_3": 0.00393296853625171,
        "hits_at_5": 0.004445964432284542,
        "inverse_arithmetic_mean_rank": 5.265004438115284e-05,
        "inverse_geometric_mean_rank": 8.083978900685906e-05,
        "inverse_harmonic_mean_rank": 0.004054781839394211,
        "inverse_median_rank": 5.4449919844046235e-05,
        "median_absolute_deviation": 15544.342959921983,
        "median_rank": 18365.5,
        "standard_deviation": 12003.2900390625,
        "variance": 144078976.0,
        "z_arithmetic_mean_rank": 8.358122903822377,
        "z_geometric_mean_rank": 13.07670619689327,
        "z_hits_at_k": 26.279519552834255,
        "z_inverse_harmonic_mean_rank": 45.41126676426843
      }
    },
    "head": {
      "optimistic": {
        "adjusted_arithmetic_mean_rank": 0.9748546833736785,
        "adjusted_arithmetic_mean_rank_index": 0.025146557325686825,
        "adjusted_geometric_mean_rank_index": 0.08085733565234698,
        "adjusted_hits_at_k": 0.005568626686370119,
        "adjusted_inverse_harmonic_mean_rank": 0.004117111631119762,
        "arithmetic_mean_rank": 19758.40389876881,
        "count": 2924.0,
        "geometric_mean_rank": 13710.786124097143,
        "harmonic_mean_rank": 227.68862534181577,
        "hits_at_1": 0.0030779753761969904,
        "hits_at_10": 0.005813953488372093,
        "hits_at_3": 0.005129958960328317,
        "hits_at_5": 0.005129958960328317,
        "inverse_arithmetic_mean_rank": 5.0611375550547997e-05,
        "inverse_geometric_mean_rank": 7.293527817799361e-05,
        "inverse_harmonic_mean_rank": 0.004391962920847529,
        "inverse_median_rank": 5.133074968559916e-05,
        "median_absolute_deviation": 15015.795269024737,
        "median_rank": 19481.5,
        "standard_deviation": 11717.673398597328,
        "variance": 137303869.87619546,
        "z_arithmetic_mean_rank": 2.355138329567282,
        "z_geometric_mean_rank": 4.376627793280527,
        "z_hits_at_k": 19.168941041029797,
        "z_inverse_harmonic_mean_rank": 34.97142598577112
      },
      "pessimistic": {
        "adjusted_arithmetic_mean_rank": 0.9748547339948171,
        "adjusted_arithmetic_mean_rank_index": 0.02514650670205054,
        "adjusted_geometric_mean_rank_index": 0.08085728684521754,
        "adjusted_hits_at_k": 0.005568626686370119,
        "adjusted_inverse_harmonic_mean_rank": 0.004117111628311883,
        "arithmetic_mean_rank": 19758.4049247606,
        "count": 2924.0,
        "geometric_mean_rank": 13710.786852096542,
        "harmonic_mean_rank": 227.688625487342,
        "hits_at_1": 0.0030779753761969904,
        "hits_at_10": 0.005813953488372093,
        "hits_at_3": 0.005129958960328317,
        "hits_at_5": 0.005129958960328317,
        "inverse_arithmetic_mean_rank": 5.061137292245853e-05,
        "inverse_geometric_mean_rank": 7.293527430536112e-05,
        "inverse_harmonic_mean_rank": 0.004391962918040425,
        "inverse_median_rank": 5.133074968559916e-05,
        "median_absolute_deviation": 15015.795269024737,
        "median_rank": 19481.5,
        "standard_deviation": 11717.6733947239,
        "variance": 137303869.78542036,
        "z_arithmetic_mean_rank": 2.3551335883351356,
        "z_geometric_mean_rank": 4.37662515145913,
        "z_hits_at_k": 19.168941041029797,
        "z_inverse_harmonic_mean_rank": 34.97142596192053
      },
      "realistic": {
        "adjusted_arithmetic_mean_rank": 0.974854703015735,
        "adjusted_arithmetic_mean_rank_index": 0.025146537682661285,
        "adjusted_geometric_mean_rank_index": 0.0808574005395446,
        "adjusted_hits_at_k": 0.005568626686370119,
        "adjusted_inverse_harmonic_mean_rank": 0.004117111497430378,
        "arithmetic_mean_rank": 19758.404296875,
        "count": 2924.0,
        "geometric_mean_rank": 13710.78515625,
        "harmonic_mean_rank": 227.68863227064298,
        "hits_at_1": 0.0030779753761969904,
        "hits_at_10": 0.005813953488372093,
        "hits_at_3": 0.005129958960328317,
        "hits_at_5": 0.005129958960328317,
        "inverse_arithmetic_mean_rank": 5.061137562734075e-05,
        "inverse_geometric_mean_rank": 7.293528324225917e-05,
        "inverse_harmonic_mean_rank": 0.004391962787195041,
        "inverse_median_rank": 5.1330749556655064e-05,
        "median_absolute_deviation": 15015.795269024737,
        "median_rank": 19481.5,
        "standard_deviation": 11717.673828125,
        "variance": 137303888.0,