{
  "losses": [
    0.00020909712704460964,
    0.00020904143676822714,
    0.00020899788573421359,
    0.00020894385538492384,
    0.000208891014557524
  ],
  "metrics": {
    "both": {
      "optimistic": {
        "adjusted_arithmetic_mean_rank": 0.9787776633371456,
        "adjusted_arithmetic_mean_rank_index": 0.021225210039617082,
        "adjusted_hits_at_k": 0.0017860457793568458,
        "adjusted_inverse_harmonic_mean_rank": 0.00030412194368257097,
        "arithmetic_mean_rank": 7230.086133635794,
        "count": 118142.0,
        "geometric_mean_rank": 5227.108734838778,
        "harmonic_mean_rank": 1005.9795523048979,
        "hits_at_1": 5.9250732169761814e-05,
        "hits_at_10": 0.0024631375802000983,
        "hits_at_3": 0.00017775219650928545,
        "hits_at_5": 0.0007702595182069035,
        "inverse_arithmetic_mean_rank": 0.0001383109386965394,
        "inverse_geometric_mean_rank": 0.00019131034970345674,
        "inverse_harmonic_mean_rank": 0.0009940559902125272,
        "inverse_median_rank": 0.0001398014818957081,
        "median_absolute_deviation": 5399.637279797403,
        "median_rank": 7153.0,
        "standard_deviation": 4254.730639893114,
        "variance": 18102732.818045266,
        "z_arithmetic_mean_rank": 12.625121967053815,
        "z_hits_at_k": 23.563284447440346,
        "z_inverse_harmonic_mean_rank": 9.910686640541236
      },
      "pessimistic": {
        "adjusted_arithmetic_mean_rank": 0.9787875751334283,
        "adjusted_arithmetic_mean_rank_index": 0.02121529690133661,
        "adjusted_hits_at_k": 0.0017860457793568458,
        "adjusted_inverse_harmonic_mean_rank": 0.000304114239486995,
        "arithmetic_mean_rank": 7230.159350611975,
        "count": 118142.0,
        "geometric_mean_rank": 5227.181095160295,
        "harmonic_mean_rank": 1005.9873435907807,
        "hits_at_1": 5.9250732169761814e-05,
        "hits_at_10": 0.0024631375802000983,
        "hits_at_3": 0.00017775219650928545,
        "hits_at_5": 0.0007702595182069035,
        "inverse_arithmetic_mean_rank": 0.0001383095380761363,
        "inverse_geometric_mean_rank": 0.00019130770137768384,
        "inverse_harmonic_mean_rank": 0.0009940482913339552,
        "inverse_median_rank": 0.0001398014818957081,
        "median_absolute_deviation": 5399.637279797403,
        "median_rank": 7153.0,
        "standard_deviation": 4254.740975209824,
        "variance": 18102820.766129445,
        "z_arithmetic_mean_rank": 12.61922546098242,
        "z_hits_at_k": 23.563284447440346,
        "z_inverse_harmonic_mean_rank": 9.910435577210379
      },
      "realistic": {
        "adjusted_arithmetic_mean_rank": 0.9787826604911695,
        "adjusted_arithmetic_mean_rank_index": 0.021220212209008493,
        "adjusted_hits_at_k": 0.0017860457793568458,
        "adjusted_inverse_harmonic_mean_rank": 0.00030411808652413067,
        "arithmetic_mean_rank": 7230.123046875,
        "count": 118142.0,
        "geometric_mean_rank": 5227.14111328125,
        "harmonic_mean_rank": 1005.9834466369628,
        "hits_at_1": 5.9250732169761814e-05,
        "hits_at_10": 0.0024631375802000983,
        "hits_at_3": 0.00017775219650928545,
        "hits_at_5": 0.0007702595182069035,
        "inverse_arithmetic_mean_rank": 0.00013831023534294218,
        "inverse_geometric_mean_rank": 0.00019130916916765273,
        "inverse_harmonic_mean_rank": 0.0009940521357160814,
        "inverse_median_rank": 0.00013980148651171476,
        "median_absolute_deviation": 5399.637279797403,
        "median_rank": 7153.0,
        "standard_deviation": 4254.73583984375,
        "variance": 18102778.0,
        "z_arithmetic_mean_rank": 12.62214917098322,
        "z_hits_at_k": 23.563284447440346,
        "z_inverse_harmonic_mean_rank": 9.910560943959922
      }
    },
    "head": {
      "optimistic": {
        "adjusted_arithmetic_mean_rank": 0.9770256831014105,
        "adjusted_arithmetic_mean_rank_index": 0.02297743597268609,
        "adjusted_hits_at_k": -0.0002065183714017893,
        "adjusted_inverse_harmonic_mean_rank": 8.435030430268328e-06,
        "arithmetic_mean_rank": 7197.5029710009985,
        "count": 59071.0,
        "geometric_mean_rank": 5222.128776966808,
        "harmonic_mean_rank": 1427.6151482423568,
        "hits_at_1": 6.771512247972779e-05,
        "hits_at_10": 0.0004740058573580945,
        "hits_at_3": 0.0001523590255793875,
        "hits_at_5": 0.0002539317092989792,
        "inverse_arithmetic_mean_rank": 0.00013893707359747352,
        "inverse_geometric_mean_rank": 0.0001914927882304799,
        "inverse_harmonic_mean_rank": 0.0007004688912352706,
        "inverse_median_rank": 0.00014072614691809738,
        "median_absolute_deviation": 5424.841517511997,
        "median_rank": 7106.0,
        "standard_deviation": 4254.108553400409,
        "variance": 18097439.584114514,
        "z_arithmetic_mean_rank": 9.66289424986968,
        "z_hits_at_k": -1.923630008546831,
        "z_inverse_harmonic_mean_rank": 0.19407268266750854
      },
      "pessimistic": {
        "adjusted_arithmetic_mean_rank": 0.9770355943703901,
        "adjusted_arithmetic_mean_rank_index": 0.022967523358117692,
        "adjusted_hits_at_k": -0.0002065183714017893,
        "adjusted_inverse_harmonic_mean_rank": 8.425479968338784e-06,
        "arithmetic_mean_rank": 7197.575984831813,
        "count": 59071.0,
        "geometric_mean_rank": 5222.203535726582,
        "harmonic_mean_rank": 1427.6345996903804,
        "hits_at_1": 6.771512247972779e-05,
        "hits_at_10": 0.0004740058573580945,
        "hits_at_3": 0.0001523590255793875,
        "hits_at_5": 0.0002539317092989792,
        "inverse_arithmetic_mean_rank": 0.0001389356641885271,
        "inverse_geometric_mean_rank": 0.0001914900469042838,
        "inverse_harmonic_mean_rank": 0.0007004593473826398,
        "inverse_median_rank": 0.00014072614691809738,
        "median_absolute_deviation": 5424.841517511997,
        "median_rank": 7106.0,
        "standard_deviation": 4254.11876984047,
        "variance": 18097526.507908992,
        "z_arithmetic_mean_rank": 9.658725614760556,
        "z_hits_at_k": -1.923630008546831,
        "z_inverse_harmonic_mean_rank": 0.19385294620268745
      },
      "realistic": {
        "adjusted_arithmetic_mean_rank": 0.9770305823451633,
        "adjusted_arithmetic_mean_rank_index": 0.02297253606379468,
        "adjusted_hits_at_k": -0.0002065183714017893,
        "adjusted_inverse_harmonic_mean_rank": 8.430247222894309e-06,
        "arithmetic_mean_rank": 7197.5390625,
        "count": 59071.0,
        "geometric_mean_rank": 5222.1630859375,
        "harmonic_mean_rank": 1427.6249653122286,
        "hits_at_1": 6.771512247972779e-05,
        "hits_at_10": 0.0004740058573580945,
        "hits_at_3": 0.0001523590255793875,
        "hits_at_5": 0.0002539317092989792,
        "inverse_arithmetic_mean_rank": 0.00013893637515138835,
        "inverse_geometric_mean_rank": 0.00019149153376929462,
        "inverse_harmonic_mean_rank": 0.000700464111338066,
        "inverse_median_rank": 0.00014072614430915564,
        "median_absolute_deviation": 5424.841517511997,
        "median_rank": 7106.0,
        "standard_deviation": 4254.11376953125,
        "variance": 18097482.0,
        "z_arithmetic_mean_rank": 9.660833650005259,
        "z_hits_at_k": -1.923630008546831,
        "z_inverse_harmonic_mean_rank": 0.1939626309143474
      }
    },
    "tail": {
      "optimistic": {
        "adjusted_arithmetic_mean_rank": 0.9805201333855541,
        "adjusted_arithmetic_mean_rank_index": 0.019482496911887748,
        "adjusted_hits_at_k": 0.003778601633703001,
        "adjusted_inverse_harmonic_mean_rank": 0.0005998077350576884,
        "arithmetic_mean_rank": 7262.669296270589,
        "count": 59071.0,
        "geometric_mean_rank": 5232.093441728144,
        "harmonic_mean_rank": 776.6127185361778,
        "hits_at_1": 5.078634185979584e-05,