{
  "losses": [
    0.0001577785732766328,
    1.5780817098527492e-05,
    1.386544718458381e-05,
    1.2271771170897758e-05,
    1.1084717919739344e-05
  ],
  "metrics": {
    "both": {
      "optimistic": {
        "adjusted_arithmetic_mean_rank": 0.18198389342227317,
        "adjusted_arithmetic_mean_rank_index": 0.818130760265559,
        "adjusted_hits_at_k": 0.31667399392675755,
        "adjusted_inverse_harmonic_mean_rank": 0.20563247146486757,
        "arithmetic_mean_rank": 1298.5768176925335,
        "count": 40876.0,
        "geometric_mean_rank": 82.93930185831799,
        "harmonic_mean_rank": 4.849694078852137,
        "hits_at_1": 0.15028378510617477,
        "hits_at_10": 0.3171543203835992,
        "hits_at_3": 0.22367648497896075,
        "hits_at_5": 0.2611556903806635,
        "inverse_arithmetic_mean_rank": 0.0007700738118649919,
        "inverse_geometric_mean_rank": 0.01205701009767675,
        "inverse_harmonic_mean_rank": 0.20619857329984156,
        "inverse_median_rank": 0.010526315789473684,
        "median_absolute_deviation": 139.36460853952659,
        "median_rank": 95.0,
        "standard_deviation": 2516.477521691501,
        "variance": 6332659.117178599,
        "z_arithmetic_mean_rank": 286.12773531756534,
        "z_hits_at_k": 2414.0164581702625,
        "z_inverse_harmonic_mean_rank": 3872.183867427056
      },
      "pessimistic": {
        "adjusted_arithmetic_mean_rank": 0.18198398599023052,
        "adjusted_arithmetic_mean_rank_index": 0.8181306676846272,
        "adjusted_hits_at_k": 0.31667399392675755,
        "adjusted_inverse_harmonic_mean_rank": 0.2056324713907482,
        "arithmetic_mean_rank": 1298.5774782268325,
        "count": 40876.0,
        "geometric_mean_rank": 82.93931610724847,
        "harmonic_mean_rank": 4.849694080594148,
        "hits_at_1": 0.15028378510617477,
        "hits_at_10": 0.3171543203835992,
        "hits_at_3": 0.22367648497896075,
        "hits_at_5": 0.2611556903806635,
        "inverse_arithmetic_mean_rank": 0.0007700734201593186,
        "inverse_geometric_mean_rank": 0.012057008026288814,
        "inverse_harmonic_mean_rank": 0.206198573225775,
        "inverse_median_rank": 0.010526315789473684,
        "median_absolute_deviation": 139.36460853952659,
        "median_rank": 95.0,
        "standard_deviation": 2516.4785795775047,
        "variance": 6332664.441472416,
        "z_arithmetic_mean_rank": 286.1277029389119,
        "z_hits_at_k": 2414.0164581702625,
        "z_inverse_harmonic_mean_rank": 3872.1838660313433
      },
      "realistic": {
        "adjusted_arithmetic_mean_rank": 0.18198393977321362,
        "adjusted_arithmetic_mean_rank_index": 0.8181307139081219,
        "adjusted_hits_at_k": 0.31667399392675755,
        "adjusted_inverse_harmonic_mean_rank": 0.20563247142779512,
        "arithmetic_mean_rank": 1298.5771484375,
        "count": 40876.0,
        "geometric_mean_rank": 82.93929290771484,
        "harmonic_mean_rank": 4.849694433624096,
        "hits_at_1": 0.15028378510617477,
        "hits_at_10": 0.3171543203835992,
        "hits_at_3": 0.22367648497896075,
        "hits_at_5": 0.2611556903806635,
        "inverse_arithmetic_mean_rank": 0.0007700736168771982,
        "inverse_geometric_mean_rank": 0.012057011015713215,
        "inverse_harmonic_mean_rank": 0.20619857326279553,
        "inverse_median_rank": 0.010526316240429878,
        "median_absolute_deviation": 139.36460853952659,
        "median_rank": 95.0,
        "standard_deviation": 2516.47802734375,
        "variance": 6332661.5,
        "z_arithmetic_mean_rank": 286.12771910481655,
        "z_hits_at_k": 2414.0164581702625,
        "z_inverse_harmonic_mean_rank": 3872.1838667289594
      }
    },
    "head": {
      "optimistic": {
        "adjusted_arithmetic_mean_rank": 0.23351524215549604,
        "adjusted_arithmetic_mean_rank_index": 0.7665937010171862,
        "adjusted_hits_at_k": 0.19269049159897544,
        "adjusted_inverse_harmonic_mean_rank": 0.10774751052365336,
        "arithmetic_mean_rank": 1643.162295723652,
        "count": 20438.0,
        "geometric_mean_rank": 190.31729087252333,
        "harmonic_mean_rank": 9.225701931373973,
        "hits_at_1": 0.06507486055387024,
        "hits_at_10": 0.19326744299833643,
        "hits_at_3": 0.11664546433114786,
        "hits_at_5": 0.1443389764164791,
        "inverse_arithmetic_mean_rank": 0.0006085826108610884,
        "inverse_geometric_mean_rank": 0.00525438332699792,
        "inverse_harmonic_mean_rank": 0.10839283638671288,
        "inverse_median_rank": 0.003115264797507788,
        "median_absolute_deviation": 472.950107703287,
        "median_rank": 321.0,
        "standard_deviation": 2703.7272310550084,
        "variance": 7310140.939948384,
        "z_arithmetic_mean_rank": 189.37640251104858,
        "z_hits_at_k": 1030.091386500863,
        "z_inverse_harmonic_mean_rank": 1422.891462908065
      },
      "pessimistic": {
        "adjusted_arithmetic_mean_rank": 0.2335153603630686,
        "adjusted_arithmetic_mean_rank_index": 0.7665935827928123,
        "adjusted_hits_at_k": 0.19269049159897544,
        "adjusted_inverse_harmonic_mean_rank": 0.10774751039939984,
        "arithmetic_mean_rank": 1643.163127507584,
        "count": 20438.0,
        "geometric_mean_rank": 190.31733690440817,
        "harmonic_mean_rank": 9.225701941941985,
        "hits_at_1": 0.06507486055387024,
        "hits_at_10": 0.19326744299833643,
        "hits_at_3": 0.11664546433114786,
        "hits_at_5": 0.1443389764164791,
        "inverse_arithmetic_mean_rank": 0.0006085823027911052,
        "inverse_geometric_mean_rank": 0.005254382056124903,
        "inverse_harmonic_mean_rank": 0.10839283626254922,
        "inverse_median_rank": 0.003115264797507788,
        "median_absolute_deviation": 472.950107703287,
        "median_rank": 321.0,
        "standard_deviation": 2703.7283336983282,
        "variance": 7310146.902443139,
        "z_arithmetic_mean_rank": 189.37637330534733,
        "z_hits_at_k": 1030.091386500863,
        "z_inverse_harmonic_mean_rank": 1422.8914612671986
      },
      "realistic": {
        "adjusted_arithmetic_mean_rank": 0.23351530241195553,
        "adjusted_arithmetic_mean_rank_index": 0.7665936407521623,
        "adjusted_hits_at_k": 0.19269049159897544,
        "adjusted_inverse_harmonic_mean_rank": 0.1077475104615027,
        "arithmetic_mean_rank": 1643.1627197265625,
        "count": 20438.0,
        "geometric_mean_rank": 190.3172607421875,
        "harmonic_mean_rank": 9.225701024597301,
        "hits_at_1": 0.06507486055387024,
        "hits_at_10": 0.19326744299833643,
        "hits_at_3": 0.11664546433114786,
        "hits_at_5": 0.1443389764164791,
        "inverse_arithmetic_mean_rank": 0.000608582457061857,
        "inverse_geometric_mean_rank": 0.005254384130239487,
        "inverse_harmonic_mean_rank": 0.10839283632460717,
        "inverse_median_rank": 0.0031152646988630295,
        "median_absolute_deviation": 472.950107703287,
        "median_rank": 321.0,
        "standard_deviation": 2703.727783203125,
        "variance": 7310143.5,
        "z_arithmetic_mean_rank": 189.37638762340546,
        "z_hits_at_k": 1030.091386500863,
        "z_inverse_harmonic_mean_rank": 1422.891462087316
      }
    },
    "tail": {
      "optimistic": {
        "adjusted_arithmetic_mean_rank": 0.1318632966013177,
        "adjusted_arithmetic_mean_rank_index": 0.8682567162207461,
        "adjusted_hits_at_k": 0.4406545843034417,
        "adjusted_inverse_harmonic_mean_rank": 0.30351535382197037,
        "arithmetic_mean_rank": 953.991339661415,
        "count": 20438.0,
        "geometric_mean_rank": 36.14452350182288,
        "harmonic_mean_rank": 3.289427045621327,
        "hits_at_1": 0.2354927096584793,
        "hits_at_10": 0.4410411977688619,
        "hits_at_3": 0.33070750562677365,
        "hits_at_5": 0.37797240434484786,