{
  "evaluator_metadata": {
    "batch_size": 4096,
    "slice_size": null
  },
  "losses": [
    0.0001553554180276956,
    1.53616951009097e-05,
    1.370961714377088e-05,
    1.2225620274735016e-05,
    1.108662612753889e-05
  ],
  "metrics": {
    "both": {
      "optimistic": {
        "adjusted_arithmetic_mean_rank": 0.18175210325712907,
        "adjusted_arithmetic_mean_rank_index": 0.8183625829185686,
        "adjusted_geometric_mean_rank_index": 0.9847747167425137,
        "adjusted_hits_at_k": 0.3200769143496645,
        "adjusted_inverse_harmonic_mean_rank": 0.2096363216603547,
        "arithmetic_mean_rank": 1296.9228398082005,
        "count": 40876.0,
        "geometric_mean_rank": 80.83336590952712,
        "harmonic_mean_rank": 4.757383657725782,
        "hits_at_1": 0.1545894901653782,
        "hits_at_10": 0.32055484881103824,
        "hits_at_3": 0.22717487033956354,
        "hits_at_5": 0.2661463939720129,
        "inverse_arithmetic_mean_rank": 0.0007710558942333748,
        "inverse_geometric_mean_rank": 0.012371129034998391,
        "inverse_harmonic_mean_rank": 0.21019957017257668,
        "inverse_median_rank": 0.011235955056179775,
        "median_absolute_deviation": 130.46899522849296,
        "median_rank": 89.0,
        "standard_deviation": 2518.7222644431486,
        "variance": 6343961.845401622,
        "z_arithmetic_mean_rank": 286.20881146568547,
        "z_geometric_mean_rank": 199.44238519906037,
        "z_hits_at_k": 2439.957034486236,
        "z_inverse_harmonic_mean_rank": 3947.578789367722
      },
      "pessimistic": {
        "adjusted_arithmetic_mean_rank": 0.18175216154065776,
        "adjusted_arithmetic_mean_rank_index": 0.8183625246268708,
        "adjusted_geometric_mean_rank_index": 0.9847747097533328,
        "adjusted_hits_at_k": 0.3200769143496645,
        "adjusted_inverse_harmonic_mean_rank": 0.2096363193214703,
        "arithmetic_mean_rank": 1296.9232557001665,
        "count": 40876.0,
        "geometric_mean_rank": 80.83340255711062,
        "harmonic_mean_rank": 4.757383710623325,
        "hits_at_1": 0.1545894901653782,
        "hits_at_10": 0.32055484881103824,
        "hits_at_3": 0.22717487033956354,
        "hits_at_5": 0.2661463939720129,
        "inverse_arithmetic_mean_rank": 0.0007710556469743714,
        "inverse_geometric_mean_rank": 0.012371123426277615,
        "inverse_harmonic_mean_rank": 0.2101995678353591,
        "inverse_median_rank": 0.011235955056179775,
        "median_absolute_deviation": 130.46899522849296,
        "median_rank": 89.0,
        "standard_deviation": 2518.7227934087005,
        "variance": 6343964.510036528,
        "z_arithmetic_mean_rank": 286.20879107912594,
        "z_geometric_mean_rank": 199.44238378357022,
        "z_hits_at_k": 2439.957034486236,
        "z_inverse_harmonic_mean_rank": 3947.578745325114
      },
      "realistic": {
        "adjusted_arithmetic_mean_rank": 0.1817521391185075,
        "adjusted_arithmetic_mean_rank_index": 0.8183625470521637,
        "adjusted_geometric_mean_rank_index": 0.9847747108300027,
        "adjusted_hits_at_k": 0.3200769143496645,
        "adjusted_inverse_harmonic_mean_rank": 0.20963631081804915,
        "arithmetic_mean_rank": 1296.923095703125,
        "count": 40876.0,
        "geometric_mean_rank": 80.8333969116211,
        "harmonic_mean_rank": 4.757383902941559,
        "hits_at_1": 0.1545894901653782,
        "hits_at_10": 0.32055484881103824,
        "hits_at_3": 0.22717487033956354,
        "hits_at_5": 0.2661463939720129,
        "inverse_arithmetic_mean_rank": 0.0007710557547397912,
        "inverse_geometric_mean_rank": 0.0123711246997118,
        "inverse_harmonic_mean_rank": 0.21019955933799786,
        "inverse_median_rank": 0.01123595517128706,
        "median_absolute_deviation": 130.46899522849296,
        "median_rank": 89.0,
        "standard_deviation": 2518.72265625,
        "variance": 6343963.5,
        "z_arithmetic_mean_rank": 286.2087989220022,
        "z_geometric_mean_rank": 199.44238400162374,
        "z_hits_at_k": 2439.957034486236,
        "z_inverse_harmonic_mean_rank": 3947.5785852005483
      }
    },
    "head": {
      "optimistic": {
        "adjusted_arithmetic_mean_rank": 0.23954731895542877,
        "adjusted_arithmetic_mean_rank_index": 0.7605607668569763,
        "adjusted_geometric_mean_rank_index": 0.9634020053121783,
        "adjusted_hits_at_k": 0.19567726258469004,
        "adjusted_inverse_harmonic_mean_rank": 0.11268113063070488,
        "arithmetic_mean_rank": 1685.6078383403465,
        "count": 20438.0,
        "geometric_mean_rank": 190.0114797272476,
        "harmonic_mean_rank": 8.824342686842055,
        "hits_at_1": 0.07123984734318427,
        "hits_at_10": 0.19625207945982973,
        "hits_at_3": 0.12036402779136902,
        "hits_at_5": 0.15104217633819356,
        "inverse_arithmetic_mean_rank": 0.0005932578012834838,
        "inverse_geometric_mean_rank": 0.005262839915964299,
        "inverse_harmonic_mean_rank": 0.11332288822952177,
        "inverse_median_rank": 0.003125,
        "median_absolute_deviation": 471.46750548478144,
        "median_rank": 320.0,
        "standard_deviation": 2761.296311585376,
        "variance": 7624757.320375001,
        "z_arithmetic_mean_rank": 187.88604932091593,
        "z_geometric_mean_rank": 137.97311438795538,
        "z_hits_at_k": 1046.058168464544,
        "z_inverse_harmonic_mean_rank": 1488.0438353149812
      },
      "pessimistic": {
        "adjusted_arithmetic_mean_rank": 0.23954740934945482,
        "adjusted_arithmetic_mean_rank_index": 0.7605606764501023,
        "adjusted_geometric_mean_rank_index": 0.9634019815009212,
        "adjusted_hits_at_k": 0.19567726258469004,
        "adjusted_inverse_harmonic_mean_rank": 0.11268112698425874,
        "arithmetic_mean_rank": 1685.6084744104119,
        "count": 20438.0,
        "geometric_mean_rank": 190.0116027012244,
        "harmonic_mean_rank": 8.8243429705819,
        "hits_at_1": 0.07123984734318427,
        "hits_at_10": 0.19625207945982973,
        "hits_at_3": 0.12036402779136902,
        "hits_at_5": 0.15104217633819356,
        "inverse_arithmetic_mean_rank": 0.0005932575774156438,
        "inverse_geometric_mean_rank": 0.0052628365098967515,
        "inverse_harmonic_mean_rank": 0.11332288458571294,
        "inverse_median_rank": 0.003125,
        "median_absolute_deviation": 471.46750548478144,
        "median_rank": 320.0,
        "standard_deviation": 2761.296903529542,
        "variance": 7624760.589441836,
        "z_arithmetic_mean_rank": 187.8860269871444,
        "z_geometric_mean_rank": 137.97311097783862,
        "z_hits_at_k": 1046.058168464544,
        "z_inverse_harmonic_mean_rank": 1488.0437871607633
      },
      "realistic": {
        "adjusted_arithmetic_mean_rank": 0.2395473638570587,
        "adjusted_arithmetic_mean_rank_index": 0.7605607219489643,
        "adjusted_geometric_mean_rank_index": 0.9634019826668618,
        "adjusted_hits_at_k": 0.19567726258469004,
        "adjusted_inverse_harmonic_mean_rank": 0.11268113416020661,
        "arithmetic_mean_rank": 1685.608154296875,
        "count": 20438.0,
        "geometric_mean_rank": 190.0115966796875,
        "harmonic_mean_rank": 8.824342412201986,
        "hits_at_1": 0.07123984734318427,
        "hits_at_10": 0.19625207945982973,
        "hits_at_3": 0.12036402779136902,
        "hits_at_5": 0.15104217633819356,
        "inverse_arithmetic_mean_rank": 0.000593257718719542,
        "inverse_geometric_mean_rank": 0.005262836813926697,
        "inverse_harmonic_mean_rank": 0.11332289175647078,
        "inverse_median_rank": 0.0031250000465661287,
        "median_absolute_deviation": 471.46750548478144,
        "median_rank": 320.0,
        "standard_deviation": 2761.296630859375,
        "variance": 7624758.5,
        "z_arithmetic_mean_rank": 187.88603822701086,
        "z_geometric_mean_rank": 137.9731111448182,