{
  "evaluator_metadata": {
    "batch_size": 256,
    "slice_size": null
  },
  "losses": [
    0.0029586357451772804,
    0.0027738664607501995,
    0.002592642678937381,
    0.0024149229981592704,
    0.0022405725565874963
  ],
  "metrics": {
    "both": {
      "optimistic": {
        "adjusted_arithmetic_mean_rank": 0.46055182855559323,
        "adjusted_arithmetic_mean_rank_index": 0.5395212094828172,
        "adjusted_geometric_mean_rank_index": 0.8576850966163081,
        "adjusted_hits_at_k": 0.10618046742846822,
        "adjusted_inverse_harmonic_mean_rank": 0.06260713816785825,
        "arithmetic_mean_rank": 3402.0283811007093,
        "count": 118142.0,
        "geometric_mean_rank": 773.8566421415263,
        "harmonic_mean_rank": 15.80925834723783,
        "hits_at_1": 0.04050210763318718,
        "hits_at_10": 0.10678674815053071,
        "hits_at_3": 0.06778283760220752,
        "hits_at_5": 0.08225694503224933,
        "inverse_arithmetic_mean_rank": 0.0002939422861829433,
        "inverse_geometric_mean_rank": 0.0012922290066964567,
        "inverse_harmonic_mean_rank": 0.06325407416564348,
        "inverse_median_rank": 0.0005046681806712087,
        "median_absolute_deviation": 2890.333024976671,
        "median_rank": 1981.5,
        "standard_deviation": 3716.0480418830743,
        "variance": 13809013.04958303,
        "z_arithmetic_mean_rank": 320.9165450339127,
        "z_geometric_mean_rank": 295.3132134234969,
        "z_hits_at_k": 1400.8378652422487,
        "z_inverse_harmonic_mean_rank": 2040.2333364354065
      },
      "pessimistic": {
        "adjusted_arithmetic_mean_rank": 0.46055483303303296,
        "adjusted_arithmetic_mean_rank_index": 0.5395182045985893,
        "adjusted_geometric_mean_rank_index": 0.8576832347776194,
        "adjusted_hits_at_k": 0.10618046742846822,
        "adjusted_inverse_harmonic_mean_rank": 0.06260632151148991,
        "arithmetic_mean_rank": 3402.050574732102,
        "count": 118142.0,
        "geometric_mean_rank": 773.8667530600802,
        "harmonic_mean_rank": 15.809462318094637,
        "hits_at_1": 0.04050210763318718,
        "hits_at_10": 0.10678674815053071,
        "hits_at_3": 0.06778283760220752,
        "hits_at_5": 0.08224848064193936,
        "inverse_arithmetic_mean_rank": 0.00029394036861981276,
        "inverse_geometric_mean_rank": 0.0012922121231410022,
        "inverse_harmonic_mean_rank": 0.06325325807288558,
        "inverse_median_rank": 0.0005045408678102926,
        "median_absolute_deviation": 2891.074326085924,
        "median_rank": 1982.0,
        "standard_deviation": 3716.0616388245403,
        "variance": 13809114.103543328,
        "z_arithmetic_mean_rank": 320.9147576768122,
        "z_geometric_mean_rank": 295.3125723658777,
        "z_hits_at_k": 1400.8378652422487,
        "z_inverse_harmonic_mean_rank": 2040.2067233431
      },
      "realistic": {
        "adjusted_arithmetic_mean_rank": 0.4605533406584393,
        "adjusted_arithmetic_mean_rank_index": 0.5395196971752416,
        "adjusted_geometric_mean_rank_index": 0.8576842786891514,
        "adjusted_hits_at_k": 0.10618046742846822,
        "adjusted_inverse_harmonic_mean_rank": 0.0626066837363943,
        "arithmetic_mean_rank": 3402.03955078125,
        "count": 118142.0,
        "geometric_mean_rank": 773.861083984375,
        "harmonic_mean_rank": 15.809371846927815,
        "hits_at_1": 0.04050210763318718,
        "hits_at_10": 0.10678674815053071,
        "hits_at_3": 0.06778283760220752,
        "hits_at_5": 0.08224848064193936,
        "inverse_arithmetic_mean_rank": 0.00029394132434390485,
        "inverse_geometric_mean_rank": 0.0012922215973958373,
        "inverse_harmonic_mean_rank": 0.06325362004780265,
        "inverse_median_rank": 0.0005046045407652855,
        "median_absolute_deviation": 2890.7036755312974,
        "median_rank": 1981.75,
        "standard_deviation": 3716.054931640625,
        "variance": 13809065.0,
        "z_arithmetic_mean_rank": 320.9156454872152,
        "z_geometric_mean_rank": 295.31293179950933,
        "z_hits_at_k": 1400.8378652422487,
        "z_inverse_harmonic_mean_rank": 2040.2185274815236
      }
    },
    "head": {
      "optimistic": {
        "adjusted_arithmetic_mean_rank": 0.49774717752314473,
        "adjusted_arithmetic_mean_rank_index": 0.5023210100871964,
        "adjusted_geometric_mean_rank_index": 0.8015392564962838,
        "adjusted_hits_at_k": 0.07273844154098844,
        "adjusted_inverse_harmonic_mean_rank": 0.03726819296769626,
        "arithmetic_mean_rank": 3666.7785207631496,
        "count": 59071.0,
        "geometric_mean_rank": 1075.6624565891095,
        "harmonic_mean_rank": 26.36126849123481,
        "hits_at_1": 0.0215672665097933,
        "hits_at_10": 0.07336933520678506,
        "hits_at_3": 0.037124815899510756,
        "hits_at_5": 0.05058319649235665,
        "inverse_arithmetic_mean_rank": 0.0002727189532548791,
        "inverse_geometric_mean_rank": 0.0009296596658871663,
        "inverse_harmonic_mean_rank": 0.03793444159686407,
        "inverse_median_rank": 0.00041999160016799666,
        "median_absolute_deviation": 3337.33759385611,
        "median_rank": 2381.0,
        "standard_deviation": 3753.600259522372,
        "variance": 14089514.90828642,
        "z_arithmetic_mean_rank": 211.24527583191812,
        "z_geometric_mean_rank": 195.13481015090386,
        "z_hits_at_k": 677.5273694704455,
        "z_inverse_harmonic_mean_rank": 857.4643858375553
      },
      "pessimistic": {
        "adjusted_arithmetic_mean_rank": 0.4977502821195721,
        "adjusted_arithmetic_mean_rank_index": 0.5023179050692781,
        "adjusted_geometric_mean_rank_index": 0.8015365635075814,
        "adjusted_hits_at_k": 0.07273844154098844,
        "adjusted_inverse_harmonic_mean_rank": 0.03726745035530307,
        "arithmetic_mean_rank": 3666.801391545767,
        "count": 59071.0,
        "geometric_mean_rank": 1075.6770390894235,
        "harmonic_mean_rank": 26.36178419778149,
        "hits_at_1": 0.0215672665097933,
        "hits_at_10": 0.07336933520678506,
        "hits_at_3": 0.037124815899510756,
        "hits_at_5": 0.05056626771173672,
        "inverse_arithmetic_mean_rank": 0.00027271725223668104,
        "inverse_geometric_mean_rank": 0.0009296470628828471,
        "inverse_harmonic_mean_rank": 0.03793369949838814,
        "inverse_median_rank": 0.00041999160016799666,
        "median_absolute_deviation": 3337.33759385611,
        "median_rank": 2381.0,
        "standard_deviation": 3753.612967564641,
        "variance": 14089610.310269432,
        "z_arithmetic_mean_rank": 211.24397005263864,
        "z_geometric_mean_rank": 195.13415454254167,
        "z_hits_at_k": 677.5273694704455,
        "z_inverse_harmonic_mean_rank": 857.4472998554097
      },
      "realistic": {
        "adjusted_arithmetic_mean_rank": 0.497748741075718,
        "adjusted_arithmetic_mean_rank_index": 0.5023194463223497,
        "adjusted_geometric_mean_rank_index": 0.8015379454914331,
        "adjusted_hits_at_k": 0.07273844154098844,
        "adjusted_inverse_harmonic_mean_rank": 0.03726779246443373,
        "arithmetic_mean_rank": 3666.7900390625,
        "count": 59071.0,
        "geometric_mean_rank": 1075.6695556640625,
        "harmonic_mean_rank": 26.361546617879256,
        "hits_at_1": 0.0215672665097933,
        "hits_at_10": 0.07336933520678506,
        "hits_at_3": 0.037124815899510756,
        "hits_at_5": 0.05056626771173672,
        "inverse_arithmetic_mean_rank": 0.0002727180835790932,
        "inverse_geometric_mean_rank": 0.0009296535281464458,
        "inverse_harmonic_mean_rank": 0.03793404137076569,
        "inverse_median_rank": 0.0004199915856588632,
        "median_absolute_deviation": 3337.33759385611,
        "median_rank": 2381.0,
        "standard_deviation": 3753.6064453125,
        "variance": 14089562.0,
        "z_arithmetic_mean_rank": 211.24461820874544,