{
  "evaluator_metadata": {
    "batch_size": 2048,
    "slice_size": null
  },
  "losses": [
    0.007800171632286395,
    0.006663566764337815,
    0.006155564227366854,
    0.005809586482315281,
    0.005533811495539998
  ],
  "metrics": {
    "both": {
      "optimistic": {
        "adjusted_arithmetic_mean_rank": 0.9175757107818011,
        "adjusted_arithmetic_mean_rank_index": 0.08243544897129595,
        "adjusted_geometric_mean_rank_index": 0.12309208616904688,
        "adjusted_hits_at_k": -0.00029760758581000226,
        "adjusted_inverse_harmonic_mean_rank": -3.625504840630545e-05,
        "arithmetic_mean_rank": 6777.996343383386,
        "count": 118142.0,
        "geometric_mean_rank": 4763.144298573742,
        "harmonic_mean_rank": 1529.2532991391572,
        "hits_at_1": 1.6928780619931947e-05,
        "hits_at_10": 0.0003808975639484688,
        "hits_at_3": 6.771512247972779e-05,
        "hits_at_5": 0.0001269658546494896,
        "inverse_arithmetic_mean_rank": 0.00014753622594916124,
        "inverse_geometric_mean_rank": 0.0002099453506582692,
        "inverse_harmonic_mean_rank": 0.0006539139072401656,
        "inverse_median_rank": 0.00015420200462606013,
        "median_absolute_deviation": 5329.954975527639,
        "median_rank": 6485.0,
        "standard_deviation": 4252.917905988223,
        "variance": 18087310.715075247,
        "z_arithmetic_mean_rank": 49.034030557477536,
        "z_geometric_mean_rank": 42.38236114512432,
        "z_hits_at_k": -3.926333960309983,
        "z_inverse_harmonic_mean_rank": -1.1814748371711765
      },
      "pessimistic": {
        "adjusted_arithmetic_mean_rank": 0.9175761049619076,
        "adjusted_arithmetic_mean_rank_index": 0.08243505473781987,
        "adjusted_geometric_mean_rank_index": 0.12309148448714802,
        "adjusted_hits_at_k": -0.00029760758581000226,
        "adjusted_inverse_harmonic_mean_rank": -3.6256189824248686e-05,
        "arithmetic_mean_rank": 6777.999255133653,
        "count": 118142.0,
        "geometric_mean_rank": 4763.147566073076,
        "harmonic_mean_rank": 1529.2559666394513,
        "hits_at_1": 1.6928780619931947e-05,
        "hits_at_10": 0.0003808975639484688,
        "hits_at_3": 6.771512247972779e-05,
        "hits_at_5": 0.0001269658546494896,
        "inverse_arithmetic_mean_rank": 0.00014753616256930104,
        "inverse_geometric_mean_rank": 0.00020994520663663563,
        "inverse_harmonic_mean_rank": 0.000653912766609965,
        "inverse_median_rank": 0.00015420200462606013,
        "median_absolute_deviation": 5329.954975527639,
        "median_rank": 6485.0,
        "standard_deviation": 4252.918495996746,
        "variance": 18087315.733591225,
        "z_arithmetic_mean_rank": 49.03379606058866,
        "z_geometric_mean_rank": 42.3821539774637,
        "z_hits_at_k": -3.926333960309983,
        "z_inverse_harmonic_mean_rank": -1.181512033551762
      },
      "realistic": {
        "adjusted_arithmetic_mean_rank": 0.9175758752917029,
        "adjusted_arithmetic_mean_rank_index": 0.0824352844391204,
        "adjusted_geometric_mean_rank_index": 0.12309132402137501,
        "adjusted_hits_at_k": -0.00029760758581000226,
        "adjusted_inverse_harmonic_mean_rank": -3.6255670257842945e-05,
        "arithmetic_mean_rank": 6777.99755859375,
        "count": 118142.0,
        "geometric_mean_rank": 4763.1484375,
        "harmonic_mean_rank": 1529.254752408621,
        "hits_at_1": 1.6928780619931947e-05,
        "hits_at_10": 0.0003808975639484688,
        "hits_at_3": 6.771512247972779e-05,
        "hits_at_5": 0.0001269658546494896,
        "inverse_arithmetic_mean_rank": 0.00014753619325347245,
        "inverse_geometric_mean_rank": 0.0002099451667163521,
        "inverse_harmonic_mean_rank": 0.0006539132858177951,
        "inverse_median_rank": 0.00015420200361404568,
        "median_absolute_deviation": 5329.954975527639,
        "median_rank": 6485.0,
        "standard_deviation": 4252.91845703125,
        "variance": 18087316.0,
        "z_arithmetic_mean_rank": 49.03393269089429,
        "z_geometric_mean_rank": 42.38209872680903,
        "z_hits_at_k": -3.926333960309983,
        "z_inverse_harmonic_mean_rank": -1.1814951019888085
      }
    },
    "head": {
      "optimistic": {
        "adjusted_arithmetic_mean_rank": 0.9418988796405415,
        "adjusted_arithmetic_mean_rank_index": 0.058109008371985404,
        "adjusted_geometric_mean_rank_index": 0.07097860130274114,
        "adjusted_hits_at_k": -0.0002573392909877556,
        "adjusted_inverse_harmonic_mean_rank": -8.08950121906492e-05,
        "arithmetic_mean_rank": 6938.732626838889,
        "count": 59071.0,
        "geometric_mean_rank": 5031.639313961612,
        "harmonic_mean_rank": 1636.1238648057067,
        "hits_at_1": 3.3857561239863894e-05,
        "hits_at_10": 0.00042321951549829863,
        "hits_at_3": 0.00010157268371959168,
        "hits_at_5": 0.0001862165868192514,
        "inverse_arithmetic_mean_rank": 0.00014411853774737172,
        "inverse_geometric_mean_rank": 0.00019874238545382933,
        "inverse_harmonic_mean_rank": 0.0006112006685500869,
        "inverse_median_rank": 0.00014949917775452235,
        "median_absolute_deviation": 5303.268135594538,
        "median_rank": 6689.0,
        "standard_deviation": 4216.167552085728,
        "variance": 17776068.827260558,
        "z_arithmetic_mean_rank": 24.437069633476995,
        "z_geometric_mean_rank": 17.279747408168674,
        "z_hits_at_k": -2.3970050662423676,
        "z_inverse_harmonic_mean_rank": -1.861227669543867
      },
      "pessimistic": {
        "adjusted_arithmetic_mean_rank": 0.9418992771943402,
        "adjusted_arithmetic_mean_rank_index": 0.058108610764213586,
        "adjusted_geometric_mean_rank_index": 0.07097804978650235,
        "adjusted_hits_at_k": -0.0002573392909877556,
        "adjusted_inverse_harmonic_mean_rank": -8.089554686966131e-05,
        "arithmetic_mean_rank": 6938.735555517936,
        "count": 59071.0,
        "geometric_mean_rank": 5031.642300415183,
        "harmonic_mean_rank": 1636.1252950993955,
        "hits_at_1": 3.3857561239863894e-05,
        "hits_at_10": 0.00042321951549829863,
        "hits_at_3": 0.00010157268371959168,
        "hits_at_5": 0.0001862165868192514,
        "inverse_arithmetic_mean_rank": 0.00014411847691828572,
        "inverse_geometric_mean_rank": 0.00019874226749335612,
        "inverse_harmonic_mean_rank": 0.0006112001342410939,
        "inverse_median_rank": 0.00014949917775452235,
        "median_absolute_deviation": 5303.268135594538,
        "median_rank": 6689.0,
        "standard_deviation": 4216.168227987367,
        "variance": 17776074.526690133,
        "z_arithmetic_mean_rank": 24.436902424139248,
        "z_geometric_mean_rank": 17.27961314148652,
        "z_hits_at_k": -2.3970050662423676,
        "z_inverse_harmonic_mean_rank": -1.8612399714070431
      },
      "realistic": {
        "adjusted_arithmetic_mean_rank": 0.9418990506630458,
        "adjusted_arithmetic_mean_rank_index": 0.0581088373262626,
        "adjusted_geometric_mean_rank_index": 0.07097745746800044,
        "adjusted_hits_at_k": -0.0002573392909877556,
        "adjusted_inverse_harmonic_mean_rank": -8.089523831127923e-05,
        "arithmetic_mean_rank": 6938.73388671875,
        "count": 59071.0,
        "geometric_mean_rank": 5031.6455078125,
        "harmonic_mean_rank": 1636.1244696896456,
        "hits_at_1": 3.3857561239863894e-05,
        "hits_at_10": 0.00042321951549829863,
        "hits_at_3": 0.00010157268371959168,
        "hits_at_5": 0.0001862165868192514,
        "inverse_arithmetic_mean_rank": 0.00014411851589102298,
        "inverse_geometric_mean_rank": 0.00019874214194715023,
        "inverse_harmonic_mean_rank": 0.0006112004425859413,
        "inverse_median_rank": 0.000149499173858203,
        "median_absolute_deviation": 5303.268135594538,
        "median_rank": 6689.0,