{
  "losses": [
    0.0027069504231270925,
    0.0027013514650969135,
    0.002696092348934795,
    0.0026906675357372457,
    0.002684772505929381
  ],
  "metrics": {
    "both": {
      "optimistic": {
        "adjusted_arithmetic_mean_rank": 0.8925691737374529,
        "adjusted_arithmetic_mean_rank_index": 0.10744588383943188,
        "adjusted_hits_at_k": 0.020203732621692873,
        "adjusted_inverse_harmonic_mean_rank": 0.011074802826417809,
        "arithmetic_mean_rank": 6369.078138761131,
        "count": 40876.0,
        "geometric_mean_rank": 3537.461831461074,
        "harmonic_mean_rank": 84.89284921971634,
        "hits_at_1": 0.006605342988550739,
        "hits_at_10": 0.020892455230453078,
        "hits_at_3": 0.011987474312555044,
        "hits_at_5": 0.015657109306194343,
        "inverse_arithmetic_mean_rank": 0.0001570085934280142,
        "inverse_geometric_mean_rank": 0.00028268856249029015,
        "inverse_harmonic_mean_rank": 0.0117795551591376,
        "inverse_median_rank": 0.00016385384237260363,
        "median_absolute_deviation": 5645.749248069332,
        "median_rank": 6103.0,
        "standard_deviation": 4351.34208695286,
        "variance": 18934177.95768727,
        "z_arithmetic_mean_rank": 37.577425156574975,
        "z_hits_at_k": 154.01373021025012,
        "z_inverse_harmonic_mean_rank": 208.54523866731483
      },
      "pessimistic": {
        "adjusted_arithmetic_mean_rank": 0.8925692423063102,
        "adjusted_arithmetic_mean_rank_index": 0.10744581526096397,
        "adjusted_hits_at_k": 0.020203732621692873,
        "adjusted_inverse_harmonic_mean_rank": 0.011074802744426081,
        "arithmetic_mean_rank": 6369.078628045797,
        "count": 40876.0,
        "geometric_mean_rank": 3537.4622506253572,
        "harmonic_mean_rank": 84.89284981019289,
        "hits_at_1": 0.006605342988550739,
        "hits_at_10": 0.020892455230453078,
        "hits_at_3": 0.011987474312555044,
        "hits_at_5": 0.015657109306194343,
        "inverse_arithmetic_mean_rank": 0.00015700858136631713,
        "inverse_geometric_mean_rank": 0.0002826885289936928,
        "inverse_harmonic_mean_rank": 0.011779555077204303,
        "inverse_median_rank": 0.00016385384237260363,
        "median_absolute_deviation": 5645.749248069332,
        "median_rank": 6103.0,
        "standard_deviation": 4351.342209829061,
        "variance": 18934179.027040057,
        "z_arithmetic_mean_rank": 37.57740117238728,
        "z_hits_at_k": 154.01373021025012,
        "z_inverse_harmonic_mean_rank": 208.54523712336098
      },
      "realistic": {
        "adjusted_arithmetic_mean_rank": 0.8925692402371914,
        "adjusted_arithmetic_mean_rank_index": 0.10744581733037284,
        "adjusted_hits_at_k": 0.020203732621692873,
        "adjusted_inverse_harmonic_mean_rank": 0.011074802785395542,
        "arithmetic_mean_rank": 6369.07861328125,
        "count": 40876.0,
        "geometric_mean_rank": 3537.4609375,
        "harmonic_mean_rank": 84.89284887628386,
        "hits_at_1": 0.006605342988550739,
        "hits_at_10": 0.020892455230453078,
        "hits_at_3": 0.011987474312555044,
        "hits_at_5": 0.015657109306194343,
        "inverse_arithmetic_mean_rank": 0.0001570085878483951,
        "inverse_geometric_mean_rank": 0.0002826886484399438,
        "inverse_harmonic_mean_rank": 0.011779555118144566,
        "inverse_median_rank": 0.00016385383787564933,
        "median_absolute_deviation": 5645.749248069332,
        "median_rank": 6103.0,
        "standard_deviation": 4351.34228515625,
        "variance": 18934178.0,
        "z_arithmetic_mean_rank": 37.57740189612889,
        "z_hits_at_k": 154.01373021025012,
        "z_inverse_harmonic_mean_rank": 208.5452378948407
      }
    },
    "head": {
      "optimistic": {
        "adjusted_arithmetic_mean_rank": 0.984182731634944,
        "adjusted_arithmetic_mean_rank_index": 0.015819516529003597,
        "adjusted_hits_at_k": 1.9281290991966858e-05,
        "adjusted_inverse_harmonic_mean_rank": 7.789023046226185e-05,
        "arithmetic_mean_rank": 6925.337899990214,
        "count": 20438.0,
        "geometric_mean_rank": 4991.1658658403585,
        "harmonic_mean_rank": 1248.3012815646675,
        "hits_at_1": 0.00014678539974557198,
        "hits_at_10": 0.0007339269987278598,
        "hits_at_3": 0.0001957138663274293,
        "hits_at_5": 0.0003914277326548586,
        "inverse_arithmetic_mean_rank": 0.0001443972863766565,
        "inverse_geometric_mean_rank": 0.00020035399080684145,
        "inverse_harmonic_mean_rank": 0.0008010886592590553,
        "inverse_median_rank": 0.0001472211998527788,
        "median_absolute_deviation": 5302.526834485286,
        "median_rank": 6792.5,
        "standard_deviation": 4158.232259464963,
        "variance": 17290895.52365509,
        "z_arithmetic_mean_rank": 3.90799340739639,
        "z_hits_at_k": 0.10307458145250425,
        "z_inverse_harmonic_mean_rank": 1.0286023633405836
      },
      "pessimistic": {
        "adjusted_arithmetic_mean_rank": 0.98418282202897,
        "adjusted_arithmetic_mean_rank_index": 0.0158194261221295,
        "adjusted_hits_at_k": 1.9281290991966858e-05,
        "adjusted_inverse_harmonic_mean_rank": 7.789019902602824e-05,
        "arithmetic_mean_rank": 6925.33853606028,
        "count": 20438.0,
        "geometric_mean_rank": 4991.166433981173,
        "harmonic_mean_rank": 1248.301330514943,
        "hits_at_1": 0.00014678539974557198,
        "hits_at_10": 0.0007339269987278598,
        "hits_at_3": 0.0001957138663274293,
        "hits_at_5": 0.0003914277326548586,
        "inverse_arithmetic_mean_rank": 0.00014439727311423028,
        "inverse_geometric_mean_rank": 0.0002003539680006936,
        "inverse_harmonic_mean_rank": 0.000801088627845558,
        "inverse_median_rank": 0.0001472211998527788,
        "median_absolute_deviation": 5302.526834485286,
        "median_rank": 6792.5,
        "standard_deviation": 4158.232367660528,
        "variance": 17290896.423459683,
        "z_arithmetic_mean_rank": 3.90797107362485,
        "z_hits_at_k": 0.10307458145250425,
        "z_inverse_harmonic_mean_rank": 1.0286019482001478
      },
      "realistic": {
        "adjusted_arithmetic_mean_rank": 0.9841827996952898,
        "adjusted_arithmetic_mean_rank_index": 0.015819448458984087,
        "adjusted_hits_at_k": 1.9281290991966858e-05,
        "adjusted_inverse_harmonic_mean_rank": 7.789021474093581e-05,
        "arithmetic_mean_rank": 6925.33837890625,
        "count": 20438.0,
        "geometric_mean_rank": 4991.166015625,
        "harmonic_mean_rank": 1248.301271763787,
        "hits_at_1": 0.00014678539974557198,
        "hits_at_10": 0.0007339269987278598,
        "hits_at_3": 0.0001957138663274293,
        "hits_at_5": 0.0003914277326548586,
        "inverse_arithmetic_mean_rank": 0.00014439727237913758,
        "inverse_geometric_mean_rank": 0.00020035398483742028,
        "inverse_harmonic_mean_rank": 0.0008010886435490997,
        "inverse_median_rank": 0.00014722120249643922,
        "median_absolute_deviation": 5302.526834485286,
        "median_rank": 6792.5,
        "standard_deviation": 4158.232421875,
        "variance": 17290896.0,
        "z_arithmetic_mean_rank": 3.9079765916367535,
        "z_hits_at_k": 0.10307458145250425,
        "z_inverse_harmonic_mean_rank": 1.0286021557279845
      }
    },
    "tail": {
      "optimistic": {
        "adjusted_arithmetic_mean_rank": 0.8034636814188896,
        "adjusted_arithmetic_mean_rank_index": 0.19656348812496072,
        "adjusted_hits_at_k": 0.04038770988823111,
        "adjusted_inverse_harmonic_mean_rank": 0.022071481903275268,
        "arithmetic_mean_rank": 5812.8183775320485,
        "count": 20438.0,
        "geometric_mean_rank": 2507.1569539869356,
        "harmonic_mean_rank": 43.940550500523216,
        "hits_at_1": 0.013063900577355906,
        "hits_at_10": 0.041050983462178295,