{
  "losses": [
    9.414209683117643e-05,
    1.3477408468953255e-05,
    1.114161235120257e-05,
    9.765913843640251e-06,
    8.849434282325717e-06
  ],
  "metrics": {
    "both": {
      "optimistic": {
        "adjusted_arithmetic_mean_rank": 0.05739133898406139,
        "adjusted_arithmetic_mean_rank_index": 0.9427362845602079,
        "adjusted_hits_at_k": 0.3600643128248548,
        "adjusted_inverse_harmonic_mean_rank": 0.23540388113957916,
        "arithmetic_mean_rank": 423.94135023954226,
        "count": 118142.0,
        "geometric_mean_rank": 37.30836518451274,
        "harmonic_mean_rank": 4.23851726046015,
        "hits_at_1": 0.17041357011054495,
        "hits_at_10": 0.3604983833014508,
        "hits_at_3": 0.25555687223849266,
        "hits_at_5": 0.29802271842359196,
        "inverse_arithmetic_mean_rank": 0.002358816849158412,
        "inverse_geometric_mean_rank": 0.0268036402842737,
        "inverse_harmonic_mean_rank": 0.23593156251331063,
        "inverse_median_rank": 0.02564102564102564,
        "median_absolute_deviation": 56.33888430321287,
        "median_rank": 39.0,
        "standard_deviation": 1072.6051548955982,
        "variance": 1150481.81830861,
        "z_arithmetic_mean_rank": 560.7558442589916,
        "z_hits_at_k": 4750.324947168706,
        "z_inverse_harmonic_mean_rank": 7671.311289450006
      },
      "pessimistic": {
        "adjusted_arithmetic_mean_rank": 0.05739136763087145,
        "adjusted_arithmetic_mean_rank_index": 0.9427362559095191,
        "adjusted_hits_at_k": 0.3600643128248548,
        "adjusted_inverse_harmonic_mean_rank": 0.23540385571304592,
        "arithmetic_mean_rank": 423.9415618493,
        "count": 118142.0,
        "geometric_mean_rank": 37.308392746564536,
        "harmonic_mean_rank": 4.2385177169333454,
        "hits_at_1": 0.17041357011054495,
        "hits_at_10": 0.3604983833014508,
        "hits_at_3": 0.25555687223849266,
        "hits_at_5": 0.29802271842359196,
        "inverse_arithmetic_mean_rank": 0.0023588156717587257,
        "inverse_geometric_mean_rank": 0.026803620482741992,
        "inverse_harmonic_mean_rank": 0.23593153710432535,
        "inverse_median_rank": 0.02564102564102564,
        "median_absolute_deviation": 56.33888430321287,
        "median_rank": 39.0,
        "standard_deviation": 1072.60537847533,
        "variance": 1150482.2979342062,
        "z_arithmetic_mean_rank": 560.7558272170666,
        "z_hits_at_k": 4750.324947168706,
        "z_inverse_harmonic_mean_rank": 7671.310460853424
      },
      "realistic": {
        "adjusted_arithmetic_mean_rank": 0.057391350697851125,
        "adjusted_arithmetic_mean_rank_index": 0.9427362728448321,
        "adjusted_hits_at_k": 0.3600643128248548,
        "adjusted_inverse_harmonic_mean_rank": 0.23540386809111943,
        "arithmetic_mean_rank": 423.9414367675781,
        "count": 118142.0,
        "geometric_mean_rank": 37.30837631225586,
        "harmonic_mean_rank": 4.238517393849456,
        "hits_at_1": 0.17041357011054495,
        "hits_at_10": 0.3604983833014508,
        "hits_at_3": 0.25555687223849266,
        "hits_at_5": 0.29802271842359196,
        "inverse_arithmetic_mean_rank": 0.0023588163312524557,
        "inverse_geometric_mean_rank": 0.02680363319814205,
        "inverse_harmonic_mean_rank": 0.23593154947385622,
        "inverse_median_rank": 0.025641025975346565,
        "median_absolute_deviation": 56.33888430321287,
        "median_rank": 39.0,
        "standard_deviation": 1072.605224609375,
        "variance": 1150482.0,
        "z_arithmetic_mean_rank": 560.7558372904836,
        "z_hits_at_k": 4750.324947168706,
        "z_inverse_harmonic_mean_rank": 7671.310864228486
      }
    },
    "head": {
      "optimistic": {
        "adjusted_arithmetic_mean_rank": 0.06338498032097208,
        "adjusted_arithmetic_mean_rank_index": 0.9367421778295518,
        "adjusted_hits_at_k": 0.32262490314518455,
        "adjusted_inverse_harmonic_mean_rank": 0.20237043022013573,
        "arithmetic_mean_rank": 466.94124020246824,
        "count": 59071.0,
        "geometric_mean_rank": 46.42692536529115,
        "harmonic_mean_rank": 4.927991655022916,
        "hits_at_1": 0.13949315230823925,
        "hits_at_10": 0.3230857781314012,
        "hits_at_3": 0.22098830221259164,
        "hits_at_5": 0.26163430448104824,
        "inverse_arithmetic_mean_rank": 0.0021415970873902563,
        "inverse_geometric_mean_rank": 0.021539225183057283,
        "inverse_harmonic_mean_rank": 0.20292242154686638,
        "inverse_median_rank": 0.019230769230769232,
        "median_absolute_deviation": 75.6127131437857,
        "median_rank": 52.0,
        "standard_deviation": 1130.815756992061,
        "variance": 1278744.2762615283,
        "z_arithmetic_mean_rank": 393.9360603384787,
        "z_hits_at_k": 3005.112528159395,
        "z_inverse_harmonic_mean_rank": 4656.126923320398
      },
      "pessimistic": {
        "adjusted_arithmetic_mean_rank": 0.06338501249295578,
        "adjusted_arithmetic_mean_rank_index": 0.9367421456532004,
        "adjusted_hits_at_k": 0.32262490314518455,
        "adjusted_inverse_harmonic_mean_rank": 0.20237037988647139,
        "arithmetic_mean_rank": 466.9414772053969,
        "count": 59071.0,
        "geometric_mean_rank": 46.42698260283127,
        "harmonic_mean_rank": 4.927992876535459,
        "hits_at_1": 0.13949315230823925,
        "hits_at_10": 0.3230857781314012,
        "hits_at_3": 0.22098830221259164,
        "hits_at_5": 0.26163430448104824,
        "inverse_arithmetic_mean_rank": 0.0021415960003915496,
        "inverse_geometric_mean_rank": 0.021539198628407454,
        "inverse_harmonic_mean_rank": 0.20292237124803492,
        "inverse_median_rank": 0.019230769230769232,
        "median_absolute_deviation": 75.6127131437857,
        "median_rank": 52.0,
        "standard_deviation": 1130.8160192560426,
        "variance": 1278744.8694060827,
        "z_arithmetic_mean_rank": 393.93604680708717,
        "z_hits_at_k": 3005.112528159395,
        "z_inverse_harmonic_mean_rank": 4656.125765246417
      },
      "realistic": {
        "adjusted_arithmetic_mean_rank": 0.06338499457588637,
        "adjusted_arithmetic_mean_rank_index": 0.9367421635727022,
        "adjusted_hits_at_k": 0.32262490314518455,
        "adjusted_inverse_harmonic_mean_rank": 0.20237040438327544,
        "arithmetic_mean_rank": 466.94134521484375,
        "count": 59071.0,
        "geometric_mean_rank": 46.426937103271484,
        "harmonic_mean_rank": 4.9279921737017185,
        "hits_at_1": 0.13949315230823925,
        "hits_at_10": 0.3230857781314012,
        "hits_at_3": 0.22098830221259164,
        "hits_at_5": 0.26163430448104824,
        "inverse_arithmetic_mean_rank": 0.0021415965165942907,
        "inverse_geometric_mean_rank": 0.021539220586419106,
        "inverse_harmonic_mean_rank": 0.2029223957278862,
        "inverse_median_rank": 0.01923076994717121,
        "median_absolute_deviation": 75.6127131437857,
        "median_rank": 52.0,
        "standard_deviation": 1130.8157958984375,
        "variance": 1278744.5,
        "z_arithmetic_mean_rank": 393.9360543429259,
        "z_hits_at_k": 3005.112528159395,
        "z_inverse_harmonic_mean_rank": 4656.12632886744
      }
    },
    "tail": {
      "optimistic": {
        "adjusted_arithmetic_mean_rank": 0.05143023263283102,
        "adjusted_arithmetic_mean_rank_index": 0.9486978493854841,
        "adjusted_hits_at_k": 0.39750356661856007,
        "adjusted_inverse_harmonic_mean_rank": 0.2684372067255253,
        "arithmetic_mean_rank": 380.9414602766163,
        "count": 59071.0,
        "geometric_mean_rank": 29.980751509802925,
        "harmonic_mean_rank": 3.718291753763027,
        "hits_at_1": 0.20133398791285065,
        "hits_at_10": 0.3979109884715004,
        "hits_at_3": 0.2901254422643937,
        "hits_at_5": 0.3344111323661357,
        "inverse_arithmetic_mean_rank": 0.0026250752524386856,