{
  "evaluator_metadata": {
    "batch_size": 2048,
    "slice_size": null
  },
  "losses": [
    20.458278117090398,
    14.580624948079425,
    10.229629155634465,
    7.0087562531152345,
    4.624470838201348
  ],
  "metrics": {
    "both": {
      "optimistic": {
        "adjusted_arithmetic_mean_rank": 0.9981434654045136,
        "adjusted_arithmetic_mean_rank_index": 0.0018566253253005094,
        "adjusted_geometric_mean_rank_index": -0.0037453053362628275,
        "adjusted_hits_at_k": -4.435809332781619e-05,
        "adjusted_inverse_harmonic_mean_rank": -2.435375634154849e-05,
        "arithmetic_mean_rank": 20425.2423,
        "count": 10000.0,
        "geometric_mean_rank": 15115.057389391592,
        "harmonic_mean_rank": 4012.1652711899733,
        "hits_at_1": 0.0,
        "hits_at_10": 0.0002,
        "hits_at_3": 0.0,
        "hits_at_5": 0.0002,
        "inverse_arithmetic_mean_rank": 4.895902752644457e-05,
        "inverse_geometric_mean_rank": 6.61591930641192e-05,
        "inverse_harmonic_mean_rank": 0.0002492419759426831,
        "inverse_median_rank": 4.8811441401864594e-05,
        "median_absolute_deviation": 15004.675752385945,
        "median_rank": 20487.0,
        "standard_deviation": 11726.714861801267,
        "variance": 137515841.4499907,
        "z_arithmetic_mean_rank": 0.3215686792065924,
        "z_geometric_mean_rank": -0.3748334630216448,
        "z_hits_at_k": -0.28373706548148925,
        "z_inverse_harmonic_mean_rank": -0.3843944760649638
      },
      "pessimistic": {
        "adjusted_arithmetic_mean_rank": 0.9981445844847684,
        "adjusted_arithmetic_mean_rank_index": 0.0018555061903556824,
        "adjusted_geometric_mean_rank_index": -0.0037469601889252857,
        "adjusted_hits_at_k": -4.435809332781619e-05,
        "adjusted_inverse_harmonic_mean_rank": -2.4354352510563197e-05,
        "arithmetic_mean_rank": 20425.2652,
        "count": 10000.0,
        "geometric_mean_rank": 15115.082307603394,
        "harmonic_mean_rank": 4012.1748654002586,
        "hits_at_1": 0.0,
        "hits_at_10": 0.0002,
        "hits_at_3": 0.0,
        "hits_at_5": 0.0002,
        "inverse_arithmetic_mean_rank": 4.895897263551809e-05,
        "inverse_geometric_mean_rank": 6.615908399631846e-05,
        "inverse_harmonic_mean_rank": 0.00024924137993677375,
        "inverse_median_rank": 4.8811441401864594e-05,
        "median_absolute_deviation": 15004.675752385945,
        "median_rank": 20487.0,
        "standard_deviation": 11726.718338958643,
        "variance": 137515923.00126895,
        "z_arithmetic_mean_rank": 0.3213748443271811,
        "z_geometric_mean_rank": -0.3749990821364122,
        "z_hits_at_k": -0.28373706548148925,
        "z_inverse_harmonic_mean_rank": -0.38440388586905394
      },
      "realistic": {
        "adjusted_arithmetic_mean_rank": 0.9981439371347137,
        "adjusted_arithmetic_mean_rank_index": 0.0018561535720467148,
        "adjusted_geometric_mean_rank_index": -0.00374499619021873,
        "adjusted_hits_at_k": -4.435809332781619e-05,
        "adjusted_inverse_harmonic_mean_rank": -2.4354046496305264e-05,
        "arithmetic_mean_rank": 20425.251953125,
        "count": 10000.0,
        "geometric_mean_rank": 15115.052734375,
        "harmonic_mean_rank": 4012.1699406750786,
        "hits_at_1": 0.0,
        "hits_at_10": 0.0002,
        "hits_at_3": 0.0,
        "hits_at_5": 0.0002,
        "inverse_arithmetic_mean_rank": 4.895900565315969e-05,
        "inverse_geometric_mean_rank": 6.61592130200006e-05,
        "inverse_harmonic_mean_rank": 0.00024924168586730954,
        "inverse_median_rank": 4.881144195678644e-05,
        "median_absolute_deviation": 15004.675752385945,
        "median_rank": 20487.0,
        "standard_deviation": 11726.716796875,
        "variance": 137515888.0,
        "z_arithmetic_mean_rank": 0.32148697124500814,
        "z_geometric_mean_rank": -0.3748025234127681,
        "z_hits_at_k": -0.28373706548148925,
        "z_inverse_harmonic_mean_rank": -0.384399055805523
      }
    },
    "head": {
      "optimistic": {
        "adjusted_arithmetic_mean_rank": 0.9927426109595996,
        "adjusted_arithmetic_mean_rank_index": 0.0072577437210114,
        "adjusted_geometric_mean_rank_index": 0.004254858044036025,
        "adjusted_hits_at_k": -4.436380124831586e-05,
        "adjusted_inverse_harmonic_mean_rank": -2.3555047261868654e-05,
        "arithmetic_mean_rank": 20314.2524,
        "count": 5000.0,
        "geometric_mean_rank": 14994.993173994697,
        "harmonic_mean_rank": 3999.2596074854223,
        "hits_at_1": 0.0,
        "hits_at_10": 0.0002,
        "hits_at_3": 0.0,
        "hits_at_5": 0.0002,
        "inverse_arithmetic_mean_rank": 4.922652236023216e-05,
        "inverse_geometric_mean_rank": 6.668892665681675e-05,
        "inverse_harmonic_mean_rank": 0.0002500462830990761,
        "inverse_median_rank": 4.904845987835982e-05,
        "median_absolute_deviation": 14937.21735144394,
        "median_rank": 20388.0,
        "standard_deviation": 11707.495051388842,
        "variance": 137065440.37829423,
        "z_arithmetic_mean_rank": 0.8888655325637131,
        "z_geometric_mean_rank": 0.30112952732788756,
        "z_hits_at_k": -0.20065587657052963,
        "z_inverse_harmonic_mean_rank": -0.2628906243819342
      },
      "pessimistic": {
        "adjusted_arithmetic_mean_rank": 0.9927437349527253,
        "adjusted_arithmetic_mean_rank_index": 0.007256619672954323,
        "adjusted_geometric_mean_rank_index": 0.004252941731053506,
        "adjusted_hits_at_k": -4.436380124831586e-05,
        "adjusted_inverse_harmonic_mean_rank": -2.3556101099611148e-05,
        "arithmetic_mean_rank": 20314.2754,
        "count": 5000.0,
        "geometric_mean_rank": 14995.022029956497,
        "harmonic_mean_rank": 3999.2764581073648,
        "hits_at_1": 0.0,
        "hits_at_10": 0.0002,
        "hits_at_3": 0.0,
        "hits_at_5": 0.0002,
        "inverse_arithmetic_mean_rank": 4.922646662553369e-05,
        "inverse_geometric_mean_rank": 6.668879832268584e-05,
        "inverse_harmonic_mean_rank": 0.0002500452295496582,
        "inverse_median_rank": 4.904725703215048e-05,
        "median_absolute_deviation": 14936.476050334686,
        "median_rank": 20388.5,
        "standard_deviation": 11707.499174407609,
        "variance": 137065536.91875485,
        "z_arithmetic_mean_rank": 0.8887278689022224,
        "z_geometric_mean_rank": 0.30099390390246583,
        "z_hits_at_k": -0.20065587657052963,
        "z_inverse_harmonic_mean_rank": -0.2629023859402553
      },
      "realistic": {
        "adjusted_arithmetic_mean_rank": 0.9927430663600753,
        "adjusted_arithmetic_mean_rank_index": 0.007257288298279541,
        "adjusted_geometric_mean_rank_index": 0.004253626494188811,
        "adjusted_hits_at_k": -4.436380124831586e-05,
        "adjusted_inverse_harmonic_mean_rank": -2.355555413243441e-05,
        "arithmetic_mean_rank": 20314.26171875,
        "count": 5000.0,
        "geometric_mean_rank": 14995.01171875,
        "harmonic_mean_rank": 3999.267712210899,
        "hits_at_1": 0.0,
        "hits_at_10": 0.0002,
        "hits_at_3": 0.0,
        "hits_at_5": 0.0002,
        "inverse_arithmetic_mean_rank": 4.922649895888753e-05,
        "inverse_geometric_mean_rank": 6.668884452665225e-05,
        "inverse_harmonic_mean_rank": 0.0002500457763671875,
        "inverse_median_rank": 4.90478596475441e-05,
        "median_absolute_deviation": 14936.846700889313,
        "median_rank": 20388.25,
        "standard_deviation": 11707.4970703125,
        "variance": 137065488.0,
        "z_arithmetic_mean_rank": 0.8888097563356467,
        "z_geometric_mean_rank": 0.30104236671770934,
        "z_hits_at_k": -0.20065587657052963,
        "z_inverse_harmonic_mean_rank": -0.26289628140813504
      }
    },
    "tail": {
      "optimistic": {
        "adjusted_arithmetic_mean_rank": 1.0035440694387567,