{
  "evaluator_metadata": {
    "batch_size": 64,
    "slice_size": null
  },
  "losses": [
    0.0003714370767319881,
    0.00035896927278014634,
    0.00035071555033651267,
    0.0003477621583505325,
    0.0003448637009772764
  ],
  "metrics": {
    "both": {
      "optimistic": {
        "adjusted_arithmetic_mean_rank": 0.7635239113975782,
        "adjusted_arithmetic_mean_rank_index": 0.23648764531221989,
        "adjusted_geometric_mean_rank_index": 0.5844441843224377,
        "adjusted_hits_at_k": 0.013458941400830942,
        "adjusted_inverse_harmonic_mean_rank": 0.007385369297529207,
        "arithmetic_mean_rank": 15624.1677,
        "count": 10000.0,
        "geometric_mean_rank": 6258.298951492494,
        "harmonic_mean_rank": 130.6005122071634,
        "hits_at_1": 0.0036,
        "hits_at_10": 0.0137,
        "hits_at_3": 0.0074,
        "hits_at_5": 0.0098,
        "inverse_arithmetic_mean_rank": 6.400340928240292e-05,
        "inverse_geometric_mean_rank": 0.00015978782856985725,
        "inverse_harmonic_mean_rank": 0.007656937810578895,
        "inverse_median_rank": 9.570293808019906e-05,
        "median_absolute_deviation": 13722.966134487851,
        "median_rank": 10449.0,
        "standard_deviation": 14467.476928558646,
        "variance": 209307888.6783767,
        "z_arithmetic_mean_rank": 40.9598095616972,
        "z_geometric_mean_rank": 58.49168969786516,
        "z_hits_at_k": 86.09027690476483,
        "z_inverse_harmonic_mean_rank": 116.56908781774791
      },
      "pessimistic": {
        "adjusted_arithmetic_mean_rank": 0.7635239358316449,
        "adjusted_arithmetic_mean_rank_index": 0.23648762087695907,
        "adjusted_geometric_mean_rank_index": 0.5844441164415516,
        "adjusted_hits_at_k": 0.013458941400830942,
        "adjusted_inverse_harmonic_mean_rank": 0.007385369198125054,
        "arithmetic_mean_rank": 15624.1682,
        "count": 10000.0,
        "geometric_mean_rank": 6258.2999736199245,
        "harmonic_mean_rank": 130.6005139021859,
        "hits_at_1": 0.0036,
        "hits_at_10": 0.0137,
        "hits_at_3": 0.0074,
        "hits_at_5": 0.0098,
        "inverse_arithmetic_mean_rank": 6.400340723418479e-05,
        "inverse_geometric_mean_rank": 0.0001597878024727505,
        "inverse_harmonic_mean_rank": 0.007656937711201937,
        "inverse_median_rank": 9.570293808019906e-05,
        "median_absolute_deviation": 13722.966134487851,
        "median_rank": 10449.0,
        "standard_deviation": 14467.47674622319,
        "variance": 209307883.40250874,
        "z_arithmetic_mean_rank": 40.95980532949457,
        "z_geometric_mean_rank": 58.49168290428617,
        "z_hits_at_k": 86.09027690476483,
        "z_inverse_harmonic_mean_rank": 116.56908624877403
      },
      "realistic": {
        "adjusted_arithmetic_mean_rank": 0.7635239245308891,
        "adjusted_arithmetic_mean_rank_index": 0.23648763217826718,
        "adjusted_geometric_mean_rank_index": 0.5844440952331575,
        "adjusted_hits_at_k": 0.013458941400830942,
        "adjusted_inverse_harmonic_mean_rank": 0.007385369658435771,
        "arithmetic_mean_rank": 15624.16796875,
        "count": 10000.0,
        "geometric_mean_rank": 6258.30029296875,
        "harmonic_mean_rank": 130.6005060530473,
        "hits_at_1": 0.0036,
        "hits_at_10": 0.0137,
        "hits_at_3": 0.0074,
        "hits_at_5": 0.0098,
        "inverse_arithmetic_mean_rank": 6.400340498657897e-05,
        "inverse_geometric_mean_rank": 0.00015978779993019998,
        "inverse_harmonic_mean_rank": 0.0076569381713867185,
        "inverse_median_rank": 9.570294059813023e-05,
        "median_absolute_deviation": 13722.966134487851,
        "median_rank": 10449.0,
        "standard_deviation": 14467.4765625,
        "variance": 209307888.0,
        "z_arithmetic_mean_rank": 40.95980728688829,
        "z_geometric_mean_rank": 58.49168078173138,
        "z_hits_at_k": 86.09027690476483,
        "z_inverse_harmonic_mean_rank": 116.56909351421984
      }
    },
    "head": {
      "optimistic": {
        "adjusted_arithmetic_mean_rank": 0.7621333909495468,
        "adjusted_arithmetic_mean_rank_index": 0.23787823398522556,
        "adjusted_geometric_mean_rank_index": 0.5880241496733576,
        "adjusted_hits_at_k": 0.01435915574139819,
        "adjusted_inverse_harmonic_mean_rank": 0.007780013358221885,
        "arithmetic_mean_rank": 15595.3516,
        "count": 5000.0,
        "geometric_mean_rank": 6204.558347786061,
        "harmonic_mean_rank": 124.20077311450835,
        "hits_at_1": 0.0036,
        "hits_at_10": 0.0146,
        "hits_at_3": 0.0088,
        "hits_at_5": 0.0114,
        "inverse_arithmetic_mean_rank": 6.412167071629215e-05,
        "inverse_geometric_mean_rank": 0.0001611718262520369,
        "inverse_harmonic_mean_rank": 0.00805147967217594,
        "inverse_median_rank": 9.573042312847023e-05,
        "median_absolute_deviation": 13729.637844471126,
        "median_rank": 10446.0,
        "standard_deviation": 14485.4557773229,
        "variance": 209828429.07677743,
        "z_arithmetic_mean_rank": 29.133263899145902,
        "z_geometric_mean_rank": 41.61629657579756,
        "z_hits_at_k": 64.94594468981366,
        "z_inverse_harmonic_mean_rank": 86.83033180551921
      },
      "pessimistic": {
        "adjusted_arithmetic_mean_rank": 0.7621334398188131,
        "adjusted_arithmetic_mean_rank_index": 0.23787818511357084,
        "adjusted_geometric_mean_rank_index": 0.5880240150809598,
        "adjusted_hits_at_k": 0.01435915574139819,
        "adjusted_inverse_harmonic_mean_rank": 0.007780013159413577,
        "arithmetic_mean_rank": 15595.3526,
        "count": 5000.0,
        "geometric_mean_rank": 6204.560374486879,
        "harmonic_mean_rank": 124.20077618045295,
        "hits_at_1": 0.0036,
        "hits_at_10": 0.0146,
        "hits_at_3": 0.0088,
        "hits_at_5": 0.0114,
        "inverse_arithmetic_mean_rank": 6.412166660470376e-05,
        "inverse_geometric_mean_rank": 0.00016117177360574892,
        "inverse_harmonic_mean_rank": 0.008051479473422024,
        "inverse_median_rank": 9.573042312847023e-05,
        "median_absolute_deviation": 13729.637844471126,
        "median_rank": 10446.0,
        "standard_deviation": 14485.455415093902,
        "variance": 209828418.58267325,
        "z_arithmetic_mean_rank": 29.133257913769313,
        "z_geometric_mean_rank": 41.616287050275275,
        "z_hits_at_k": 64.94594468981366,
        "z_inverse_harmonic_mean_rank": 86.83032958668093
      },
      "realistic": {
        "adjusted_arithmetic_mean_rank": 0.7621333891169493,
        "adjusted_arithmetic_mean_rank_index": 0.23787823581791256,
        "adjusted_geometric_mean_rank_index": 0.588024003632733,
        "adjusted_hits_at_k": 0.01435915574139819,
        "adjusted_inverse_harmonic_mean_rank": 0.007780013788702784,
        "arithmetic_mean_rank": 15595.3515625,
        "count": 5000.0,
        "geometric_mean_rank": 6204.560546875,
        "harmonic_mean_rank": 124.20076647579945,
        "hits_at_1": 0.0036,
        "hits_at_10": 0.0146,
        "hits_at_3": 0.0088,
        "hits_at_5": 0.0114,
        "inverse_arithmetic_mean_rank": 6.412166840163991e-05,
        "inverse_geometric_mean_rank": 0.00016117177437990904,
        "inverse_harmonic_mean_rank": 0.008051480102539062,
        "inverse_median_rank": 9.5730421890039e-05,
        "median_absolute_deviation": 13729.637844471126,
        "median_rank": 10446.0,
        "standard_deviation": 14485.455078125,
        "variance": 209828416.0,
        "z_arithmetic_mean_rank": 29.133264123597513,
        "z_geometric_mean_rank": 41.61628624004869,
        "z_hits_at_k": 64.94594468981366,
        "z_inverse_harmonic_mean_rank": 86.83033660998389
      }
    },
    "tail": {
      "optimistic": {
        "adjusted_arithmetic_mean_rank": 0.7649143673741152,
        "adjusted_arithmetic_mean_rank_index": 0.23509712111702274,