{
  "evaluator_metadata": {
    "batch_size": 512,
    "slice_size": null
  },
  "losses": [
    0.0007930459803240636,
    0.0007622064488433046,
    0.0007567433983401318,
    0.0007538720628881989,
    0.0007519833328350528
  ],
  "metrics": {
    "both": {
      "optimistic": {
        "adjusted_arithmetic_mean_rank": 0.9998827472540538,
        "adjusted_arithmetic_mean_rank_index": 0.00011726918016985444,
        "adjusted_geometric_mean_rank_index": -0.04594329569284983,
        "adjusted_hits_at_k": -0.0004586043346634101,
        "adjusted_inverse_harmonic_mean_rank": -0.00020229649213419107,
        "arithmetic_mean_rank": 7134.832273216557,
        "count": 40876.0,
        "geometric_mean_rank": 5485.375721194342,
        "harmonic_mean_rank": 1958.8929986398573,
        "hits_at_1": 4.892846658185733e-05,
        "hits_at_10": 0.0002446423329092866,
        "hits_at_3": 9.785693316371466e-05,
        "hits_at_5": 0.00017124963303650063,
        "inverse_arithmetic_mean_rank": 0.00014015746435328263,
        "inverse_geometric_mean_rank": 0.00018230291794529399,
        "inverse_harmonic_mean_rank": 0.0005104924060141838,
        "inverse_median_rank": 0.00014019346698443852,
        "median_absolute_deviation": 4894.069923286992,
        "median_rank": 7133.0,
        "standard_deviation": 3938.004768056505,
        "variance": 15507881.553235766,
        "z_arithmetic_mean_rank": 0.04101296097667273,
        "z_geometric_mean_rank": -9.304707280866893,
        "z_hits_at_k": -3.4959561975327444,
        "z_inverse_harmonic_mean_rank": -3.8093653580044204
      },
      "pessimistic": {
        "adjusted_arithmetic_mean_rank": 0.9998827781100396,
        "adjusted_arithmetic_mean_rank_index": 0.0001172383198593252,
        "adjusted_geometric_mean_rank_index": -0.04594334860250249,
        "adjusted_hits_at_k": -0.0004586043346634101,
        "adjusted_inverse_harmonic_mean_rank": -0.00020229651184680824,
        "arithmetic_mean_rank": 7134.832493394657,
        "count": 40876.0,
        "geometric_mean_rank": 5485.375998624691,
        "harmonic_mean_rank": 1958.8930742284265,
        "hits_at_1": 4.892846658185733e-05,
        "hits_at_10": 0.0002446423329092866,
        "hits_at_3": 9.785693316371466e-05,
        "hits_at_5": 0.00017124963303650063,
        "inverse_arithmetic_mean_rank": 0.00014015746002807888,
        "inverse_geometric_mean_rank": 0.00018230290872507605,
        "inverse_harmonic_mean_rank": 0.0005104923863156147,
        "inverse_median_rank": 0.00014019346698443852,
        "median_absolute_deviation": 4894.069923286992,
        "median_rank": 7133.0,
        "standard_deviation": 3938.004705572819,
        "variance": 15507881.061113667,
        "z_arithmetic_mean_rank": 0.04100216809217727,
        "z_geometric_mean_rank": -9.304717996441866,
        "z_hits_at_k": -3.4959561975327444,
        "z_inverse_harmonic_mean_rank": -3.8093657292049308
      },
      "realistic": {
        "adjusted_arithmetic_mean_rank": 0.9998827133446111,
        "adjusted_arithmetic_mean_rank_index": 0.00011730309436530639,
        "adjusted_geometric_mean_rank_index": -0.04594287878634984,
        "adjusted_hits_at_k": -0.0004586043346634101,
        "adjusted_inverse_harmonic_mean_rank": -0.00020229652761597373,
        "arithmetic_mean_rank": 7134.83203125,
        "count": 40876.0,
        "geometric_mean_rank": 5485.37353515625,
        "harmonic_mean_rank": 1958.8931346957265,
        "hits_at_1": 4.892846658185733e-05,
        "hits_at_10": 0.0002446423329092866,
        "hits_at_3": 9.785693316371466e-05,
        "hits_at_5": 0.00017124963303650063,
        "inverse_arithmetic_mean_rank": 0.0001401574700139463,
        "inverse_geometric_mean_rank": 0.00018230298883281648,
        "inverse_harmonic_mean_rank": 0.000510492370557687,
        "inverse_median_rank": 0.00014019347145222127,
        "median_absolute_deviation": 4894.069923286992,
        "median_rank": 7133.0,
        "standard_deviation": 3938.0048828125,
        "variance": 15507882.0,
        "z_arithmetic_mean_rank": 0.04102482190694445,
        "z_geometric_mean_rank": -9.304622846503037,
        "z_hits_at_k": -3.4959561975327444,
        "z_inverse_harmonic_mean_rank": -3.809366026147858
      }
    },
    "head": {
      "optimistic": {
        "adjusted_arithmetic_mean_rank": 0.9989789751387469,
        "adjusted_arithmetic_mean_rank_index": 0.0010211699831054188,
        "adjusted_geometric_mean_rank_index": -0.029203457964425805,
        "adjusted_hits_at_k": -0.00042138983804789365,
        "adjusted_inverse_harmonic_mean_rank": -0.00014306071821701925,
        "arithmetic_mean_rank": 7029.453713670614,
        "count": 20438.0,
        "geometric_mean_rank": 5316.3532096388135,
        "harmonic_mean_rank": 1723.253977787341,
        "hits_at_1": 4.892846658185733e-05,
        "hits_at_10": 0.00029357079949114397,
        "hits_at_3": 0.00014678539974557198,
        "hits_at_5": 0.0002446423329092866,
        "inverse_arithmetic_mean_rank": 0.00014225856527872685,
        "inverse_geometric_mean_rank": 0.00018809886412117052,
        "inverse_harmonic_mean_rank": 0.000580297514405857,
        "inverse_median_rank": 0.00014240956992309884,
        "median_absolute_deviation": 4910.378547690553,
        "median_rank": 7022.0,
        "standard_deviation": 3964.421908029607,
        "variance": 15716641.06486511,
        "z_arithmetic_mean_rank": 0.25226596239463106,
        "z_geometric_mean_rank": -4.182357960676967,
        "z_hits_at_k": -2.2526801345004044,
        "z_inverse_harmonic_mean_rank": -1.8892304206305193
      },
      "pessimistic": {
        "adjusted_arithmetic_mean_rank": 0.9989790029522932,
        "adjusted_arithmetic_mean_rank_index": 0.0010211421656057817,
        "adjusted_geometric_mean_rank_index": -0.02920352481459032,
        "adjusted_hits_at_k": -0.00042138983804789365,
        "adjusted_inverse_harmonic_mean_rank": -0.00014306075211986604,
        "arithmetic_mean_rank": 7029.45390938448,
        "count": 20438.0,
        "geometric_mean_rank": 5316.353554888564,
        "harmonic_mean_rank": 1723.25407839257,
        "hits_at_1": 4.892846658185733e-05,
        "hits_at_10": 0.00029357079949114397,
        "hits_at_3": 0.00014678539974557198,
        "hits_at_5": 0.0002446423329092866,
        "inverse_arithmetic_mean_rank": 0.00014225856131796773,
        "inverse_geometric_mean_rank": 0.00018809885190582682,
        "inverse_harmonic_mean_rank": 0.0005802974805275305,
        "inverse_median_rank": 0.00014240956992309884,
        "median_absolute_deviation": 4910.378547690553,
        "median_rank": 7022.0,
        "standard_deviation": 3964.4218002748275,
        "variance": 15716640.210494306,
        "z_arithmetic_mean_rank": 0.2522590904649462,
        "z_geometric_mean_rank": -4.182367534588337,
        "z_hits_at_k": -2.2526801345004044,
        "z_inverse_harmonic_mean_rank": -1.8892308683445416
      },
      "realistic": {
        "adjusted_arithmetic_mean_rank": 0.9989789608720815,
        "adjusted_arithmetic_mean_rank_index": 0.0010211842517985348,
        "adjusted_geometric_mean_rank_index": -0.029203233576663656,
        "adjusted_hits_at_k": -0.00042138983804789365,
        "adjusted_inverse_harmonic_mean_rank": -0.000143060756398357,
        "arithmetic_mean_rank": 7029.45361328125,
        "count": 20438.0,
        "geometric_mean_rank": 5316.35205078125,
        "harmonic_mean_rank": 1723.2540910888076,
        "hits_at_1": 4.892846658185733e-05,
        "hits_at_10": 0.00029357079949114397,
        "hits_at_3": 0.00014678539974557198,
        "hits_at_5": 0.0002446423329092866,
        "inverse_arithmetic_mean_rank": 0.00014225856284610927,
        "inverse_geometric_mean_rank": 0.00018809890025295317,
        "inverse_harmonic_mean_rank": 0.000580297476252134,
        "inverse_median_rank": 0.00014240956807043403,
        "median_absolute_deviation": 4910.378547690553,