{
  "losses": [
    1.9983569268922784e-05,
    1.040764747672111e-05,
    6.409794851883364e-06,
    4.78967919205319e-06,
    3.924975132708391e-06
  ],
  "metrics": {
    "both": {
      "optimistic": {
        "adjusted_arithmetic_mean_rank": 0.043914466668474816,
        "adjusted_arithmetic_mean_rank_index": 0.956214981563262,
        "adjusted_hits_at_k": 0.3139274840441076,
        "adjusted_inverse_harmonic_mean_rank": 0.17646159546294732,
        "arithmetic_mean_rank": 324.3896836010902,
        "count": 118142.0,
        "geometric_mean_rank": 40.0771716312718,
        "harmonic_mean_rank": 5.64876151716278,
        "hits_at_1": 0.10610959692573343,
        "hits_at_10": 0.31439284928306616,
        "hits_at_3": 0.1927341673579252,
        "hits_at_5": 0.23630884867363003,
        "inverse_arithmetic_mean_rank": 0.0030827120915155985,
        "inverse_geometric_mean_rank": 0.02495186060534547,
        "inverse_harmonic_mean_rank": 0.17702995549762082,
        "inverse_median_rank": 0.024390243902439025,
        "median_absolute_deviation": 59.30408874022408,
        "median_rank": 41.0,
        "standard_deviation": 853.2480600719877,
        "variance": 728032.2520166102,
        "z_arithmetic_mean_rank": 568.7732063158522,
        "z_hits_at_k": 4141.64221762799,
        "z_inverse_harmonic_mean_rank": 5750.507692889807
      },
      "pessimistic": {
        "adjusted_arithmetic_mean_rank": 0.043914504482264104,
        "adjusted_arithmetic_mean_rank_index": 0.9562149437443529,
        "adjusted_hits_at_k": 0.3139274840441076,
        "adjusted_inverse_harmonic_mean_rank": 0.1764615264839941,
        "arithmetic_mean_rank": 324.38996292597045,
        "count": 118142.0,
        "geometric_mean_rank": 40.077258631969784,
        "harmonic_mean_rank": 5.6487637166600075,
        "hits_at_1": 0.10610959692573343,
        "hits_at_10": 0.31439284928306616,
        "hits_at_3": 0.1927341673579252,
        "hits_at_5": 0.23630884867363003,
        "inverse_arithmetic_mean_rank": 0.003082709437061749,
        "inverse_geometric_mean_rank": 0.02495180643923325,
        "inverse_harmonic_mean_rank": 0.17702988656627303,
        "inverse_median_rank": 0.024390243902439025,
        "median_absolute_deviation": 59.30408874022408,
        "median_rank": 41.0,
        "standard_deviation": 853.2481634963606,
        "variance": 728032.4285099121,
        "z_arithmetic_mean_rank": 568.7731838205111,
        "z_hits_at_k": 4141.64221762799,
        "z_inverse_harmonic_mean_rank": 5750.505445012585
      },
      "realistic": {
        "adjusted_arithmetic_mean_rank": 0.04391448256486668,
        "adjusted_arithmetic_mean_rank_index": 0.9562149656647179,
        "adjusted_hits_at_k": 0.3139274840441076,
        "adjusted_inverse_harmonic_mean_rank": 0.17646156018151202,
        "arithmetic_mean_rank": 324.3898010253906,
        "count": 118142.0,
        "geometric_mean_rank": 40.07722091674805,
        "harmonic_mean_rank": 5.648762876681754,
        "hits_at_1": 0.10610959692573343,
        "hits_at_10": 0.31439284928306616,
        "hits_at_3": 0.1927341673579252,
        "hits_at_5": 0.23630884867363003,
        "inverse_arithmetic_mean_rank": 0.0030827110167592764,
        "inverse_geometric_mean_rank": 0.024951830506324768,
        "inverse_harmonic_mean_rank": 0.1770299202405348,
        "inverse_median_rank": 0.024390242993831635,
        "median_absolute_deviation": 59.30408874022408,
        "median_rank": 41.0,
        "standard_deviation": 853.2481079101562,
        "variance": 728032.375,
        "z_arithmetic_mean_rank": 568.7731968591232,
        "z_hits_at_k": 4141.64221762799,
        "z_inverse_harmonic_mean_rank": 5750.506543142948
      }
    },
    "head": {
      "optimistic": {
        "adjusted_arithmetic_mean_rank": 0.046864358757327716,
        "adjusted_arithmetic_mean_rank_index": 0.9532650422909069,
        "adjusted_hits_at_k": 0.29047220135379653,
        "adjusted_inverse_harmonic_mean_rank": 0.15807807836110954,
        "arithmetic_mean_rank": 345.2379678691744,
        "count": 59071.0,
        "geometric_mean_rank": 46.03301841722873,
        "harmonic_mean_rank": 6.302757159725196,
        "hits_at_1": 0.09011189923989775,
        "hits_at_10": 0.2909549525147704,
        "hits_at_3": 0.17233498671090722,
        "hits_at_5": 0.21372585532664082,
        "inverse_arithmetic_mean_rank": 0.002896552792765086,
        "inverse_geometric_mean_rank": 0.021723537460357607,
        "inverse_harmonic_mean_rank": 0.15866072175365242,
        "inverse_median_rank": 0.020833333333333332,
        "median_absolute_deviation": 68.19970205125769,
        "median_rank": 48.0,
        "standard_deviation": 857.2229416788517,
        "variance": 734831.171740544,
        "z_arithmetic_mean_rank": 400.8845593870582,
        "z_hits_at_k": 2705.6239083240193,
        "z_inverse_harmonic_mean_rank": 3637.051103974374
      },
      "pessimistic": {
        "adjusted_arithmetic_mean_rank": 0.04686439782330793,
        "adjusted_arithmetic_mean_rank_index": 0.953265003219623,
        "adjusted_hits_at_k": 0.29047220135379653,
        "adjusted_inverse_harmonic_mean_rank": 0.15807805731536828,
        "arithmetic_mean_rank": 345.2382556584449,
        "count": 59071.0,
        "geometric_mean_rank": 46.033083293710646,
        "harmonic_mean_rank": 6.302757995183501,
        "hits_at_1": 0.09011189923989775,
        "hits_at_10": 0.2909549525147704,
        "hits_at_3": 0.17233498671090722,
        "hits_at_5": 0.21372585532664082,
        "inverse_arithmetic_mean_rank": 0.002896550378209915,
        "inverse_geometric_mean_rank": 0.021723506844405247,
        "inverse_harmonic_mean_rank": 0.15866070072247565,
        "inverse_median_rank": 0.020833333333333332,
        "median_absolute_deviation": 68.19970205125769,
        "median_rank": 48.0,
        "standard_deviation": 857.2230169884216,
        "variance": 734831.3008547318,
        "z_arithmetic_mean_rank": 400.8845429560828,
        "z_hits_at_k": 2705.6239083240193,
        "z_inverse_harmonic_mean_rank": 3637.050619755201
      },
      "realistic": {
        "adjusted_arithmetic_mean_rank": 0.046864376441567664,
        "adjusted_arithmetic_mean_rank_index": 0.9532650246042661,
        "adjusted_hits_at_k": 0.29047220135379653,
        "adjusted_inverse_harmonic_mean_rank": 0.15807806772369895,
        "arithmetic_mean_rank": 345.23809814453125,
        "count": 59071.0,
        "geometric_mean_rank": 46.033042907714844,
        "harmonic_mean_rank": 6.30275744512894,
        "hits_at_1": 0.09011189923989775,
        "hits_at_10": 0.2909549525147704,
        "hits_at_3": 0.17233498671090722,
        "hits_at_5": 0.21372585532664082,
        "inverse_arithmetic_mean_rank": 0.0028965517412871122,
        "inverse_geometric_mean_rank": 0.02172352559864521,
        "inverse_harmonic_mean_rank": 0.15866071112360333,
        "inverse_median_rank": 0.02083333395421505,
        "median_absolute_deviation": 68.19970205125769,
        "median_rank": 48.0,
        "standard_deviation": 857.2229614257812,
        "variance": 734831.25,
        "z_arithmetic_mean_rank": 400.88455194914644,
        "z_hits_at_k": 2705.6239083240193,
        "z_inverse_harmonic_mean_rank": 3637.0508592294586
      }
    },
    "tail": {
      "optimistic": {
        "adjusted_arithmetic_mean_rank": 0.04098058733238346,
        "adjusted_arithmetic_mean_rank_index": 0.959148905664551,
        "adjusted_hits_at_k": 0.33738266907397446,
        "adjusted_inverse_harmonic_mean_rank": 0.19484504281516982,
        "arithmetic_mean_rank": 303.54139933300604,
        "count": 59071.0,
        "geometric_mean_rank": 34.891904576070026,
        "harmonic_mean_rank": 5.117728501747324,
        "hits_at_1": 0.12210729461156913,
        "hits_at_10": 0.33783074605136193,
        "hits_at_3": 0.2131333480049432,
        "hits_at_5": 0.25889184202061927,
        "inverse_arithmetic_mean_rank": 0.0032944435328998746,