{
  "losses": [
    8.946888238228267e-05,
    5.3340319112503506e-05,
    5.038819471869176e-05,
    5.192173830135024e-05,
    5.254753102436471e-05
  ],
  "metrics": {
    "both": {
      "optimistic": {
        "adjusted_arithmetic_mean_rank": 0.48480670674081655,
        "adjusted_arithmetic_mean_rank_index": 0.5152184710241546,
        "adjusted_hits_at_k": 0.258518821109638,
        "adjusted_inverse_harmonic_mean_rank": 0.1720038860548289,
        "arithmetic_mean_rank": 9920.7126,
        "count": 10000.0,
        "geometric_mean_rank": 314.4064429963176,
        "harmonic_mean_rank": 5.806175348825523,
        "hits_at_1": 0.1241,
        "hits_at_10": 0.2587,
        "hits_at_3": 0.1935,
        "hits_at_5": 0.2207,
        "inverse_arithmetic_mean_rank": 0.00010079921073411601,
        "inverse_geometric_mean_rank": 0.0031805963976753245,
        "inverse_harmonic_mean_rank": 0.17223041674107908,
        "inverse_median_rank": 0.0024691358024691358,
        "median_absolute_deviation": 598.9712962762632,
        "median_rank": 405.0,
        "standard_deviation": 15379.096689350818,
        "variance": 236516614.98040128,
        "z_arithmetic_mean_rank": 89.23616465442358,
        "z_hits_at_k": 1653.6186785870127,
        "z_inverse_harmonic_mean_rank": 2714.8725122286223
      },
      "pessimistic": {
        "adjusted_arithmetic_mean_rank": 0.4848067165144432,
        "adjusted_arithmetic_mean_rank_index": 0.5152184612500503,
        "adjusted_hits_at_k": 0.258518821109638,
        "adjusted_inverse_harmonic_mean_rank": 0.17200388599540753,
        "arithmetic_mean_rank": 9920.7128,
        "count": 10000.0,
        "geometric_mean_rank": 314.40646818713793,
        "harmonic_mean_rank": 5.806175350828168,
        "hits_at_1": 0.1241,
        "hits_at_10": 0.2587,
        "hits_at_3": 0.1935,
        "hits_at_5": 0.2207,
        "inverse_arithmetic_mean_rank": 0.00010079920870201988,
        "inverse_geometric_mean_rank": 0.0031805961428401333,
        "inverse_harmonic_mean_rank": 0.17223041668167396,
        "inverse_median_rank": 0.0024691358024691358,
        "median_absolute_deviation": 598.9712962762632,
        "median_rank": 405.0,
        "standard_deviation": 15379.0967778643,
        "variance": 236516617.70291612,
        "z_arithmetic_mean_rank": 89.23616296154255,
        "z_hits_at_k": 1653.6186785870127,
        "z_inverse_harmonic_mean_rank": 2714.872511290728
      },
      "realistic": {
        "adjusted_arithmetic_mean_rank": 0.48480672094311783,
        "adjusted_arithmetic_mean_rank_index": 0.5152184568211593,
        "adjusted_hits_at_k": 0.258518821109638,
        "adjusted_inverse_harmonic_mean_rank": 0.17200388602510677,
        "arithmetic_mean_rank": 9920.712890625,
        "count": 10000.0,
        "geometric_mean_rank": 314.4066162109375,
        "harmonic_mean_rank": 5.806175241595575,
        "hits_at_1": 0.1241,
        "hits_at_10": 0.2587,
        "hits_at_3": 0.1935,
        "hits_at_5": 0.2207,
        "inverse_arithmetic_mean_rank": 0.00010079921048600227,
        "inverse_geometric_mean_rank": 0.0031805946491658688,
        "inverse_harmonic_mean_rank": 0.1722304167113651,
        "inverse_median_rank": 0.0024691359139978886,
        "median_absolute_deviation": 598.9712962762632,
        "median_rank": 405.0,
        "standard_deviation": 15379.0966796875,
        "variance": 236516624.0,
        "z_arithmetic_mean_rank": 89.23616219445582,
        "z_hits_at_k": 1653.6186785870127,
        "z_inverse_harmonic_mean_rank": 2714.872511759495
      }
    },
    "head": {
      "optimistic": {
        "adjusted_arithmetic_mean_rank": 0.4848100783439825,
        "adjusted_arithmetic_mean_rank_index": 0.5152150998399522,
        "adjusted_hits_at_k": 0.25881889020131527,
        "adjusted_inverse_harmonic_mean_rank": 0.17161366984021761,
        "arithmetic_mean_rank": 9920.5516,
        "count": 5000.0,
        "geometric_mean_rank": 315.7243009873847,
        "harmonic_mean_rank": 5.819356283506532,
        "hits_at_1": 0.124,
        "hits_at_10": 0.259,
        "hits_at_3": 0.194,
        "hits_at_5": 0.2198,
        "inverse_arithmetic_mean_rank": 0.00010080084659808634,
        "inverse_geometric_mean_rank": 0.0031673203388926235,
        "inverse_harmonic_mean_rank": 0.17184031210363296,
        "inverse_median_rank": 0.0024509803921568627,
        "median_absolute_deviation": 603.41910293178,
        "median_rank": 408.0,
        "standard_deviation": 15382.899898307129,
        "variance": 236633609.2813375,
        "z_arithmetic_mean_rank": 63.09907895732225,
        "z_hits_at_k": 1170.6285265248341,
        "z_inverse_harmonic_mean_rank": 1915.327289103086
      },
      "pessimistic": {
        "adjusted_arithmetic_mean_rank": 0.48481008811783566,
        "adjusted_arithmetic_mean_rank_index": 0.5152150900656214,
        "adjusted_hits_at_k": 0.25881889020131527,
        "adjusted_inverse_harmonic_mean_rank": 0.1716136697215684,
        "arithmetic_mean_rank": 9920.5518,
        "count": 5000.0,
        "geometric_mean_rank": 315.7243496164708,
        "harmonic_mean_rank": 5.819356287523477,
        "hits_at_1": 0.124,
        "hits_at_10": 0.259,
        "hits_at_3": 0.194,
        "hits_at_5": 0.2198,
        "inverse_arithmetic_mean_rank": 0.00010080084456592426,
        "inverse_geometric_mean_rank": 0.0031673198510496882,
        "inverse_harmonic_mean_rank": 0.1718403119850162,
        "inverse_median_rank": 0.0024509803921568627,
        "median_absolute_deviation": 603.41910293178,
        "median_rank": 408.0,
        "standard_deviation": 15382.899786207956,
        "variance": 236633605.83251676,
        "z_arithmetic_mean_rank": 63.099077760246935,
        "z_hits_at_k": 1170.6285265248341,
        "z_inverse_harmonic_mean_rank": 1915.3272877788788
      },
      "realistic": {
        "adjusted_arithmetic_mean_rank": 0.48481008605616355,
        "adjusted_arithmetic_mean_rank_index": 0.5152150921273941,
        "adjusted_hits_at_k": 0.25881889020131527,
        "adjusted_inverse_harmonic_mean_rank": 0.17161366978087017,
        "arithmetic_mean_rank": 9920.5517578125,
        "count": 5000.0,
        "geometric_mean_rank": 315.7243347167969,
        "harmonic_mean_rank": 5.819356435439596,
        "hits_at_1": 0.124,
        "hits_at_10": 0.259,
        "hits_at_3": 0.194,
        "hits_at_5": 0.2198,
        "inverse_arithmetic_mean_rank": 0.00010080084757646546,
        "inverse_geometric_mean_rank": 0.003167320042848587,
        "inverse_harmonic_mean_rank": 0.17184031204430175,
        "inverse_median_rank": 0.0024509804788976908,
        "median_absolute_deviation": 603.41910293178,
        "median_rank": 408.0,
        "standard_deviation": 15382.900390625,
        "variance": 236633616.0,
        "z_arithmetic_mean_rank": 63.09907801275501,
        "z_hits_at_k": 1170.6285265248341,
        "z_inverse_harmonic_mean_rank": 1915.3272884407274
      }
    },
    "tail": {
      "optimistic": {
        "adjusted_arithmetic_mean_rank": 0.4848033352939752,
        "adjusted_arithmetic_mean_rank_index": 0.5152218420520442,
        "adjusted_hits_at_k": 0.2582187520213862,
        "adjusted_inverse_harmonic_mean_rank": 0.17239410226489954,
        "arithmetic_mean_rank": 9920.8736,
        "count": 5000.0,
        "geometric_mean_rank": 313.0940858478499,
        "harmonic_mean_rank": 5.793053989259962,
        "hits_at_1": 0.1242,
        "hits_at_10": 0.2584,
        "hits_at_3": 0.193,
        "hits_at_5": 0.2216,
        "inverse_arithmetic_mean_rank": 0.00010079757492324062,
        "inverse_geometric_mean_rank": 0.003193928104045876,
        "inverse_harmonic_mean_rank": 0.1726205213785252,
        "inverse_median_rank": 0.002509410288582183,
        "median_absolute_deviation": 589.3343818559767,
        "median_rank": 398.5,
        "standard_deviation": 15375.29253795267,
        "variance": 236399620.62762305,