{
  "evaluator_metadata": {
    "batch_size": 256,
    "slice_size": null
  },
  "losses": [
    0.0004529083935333639,
    0.00038640364365897227,
    0.00035145446217553473,
    0.0003258956506732659,
    0.0003048123034097779
  ],
  "metrics": {
    "both": {
      "optimistic": {
        "adjusted_arithmetic_mean_rank": 0.0818915906396609,
        "adjusted_arithmetic_mean_rank_index": 0.9181532777971985,
        "adjusted_geometric_mean_rank_index": 0.9959612239406452,
        "adjusted_hits_at_k": 0.3173331922397517,
        "adjusted_inverse_harmonic_mean_rank": 0.1765106114247664,
        "arithmetic_mean_rank": 1675.7667,
        "count": 10000.0,
        "geometric_mean_rank": 61.814524182048764,
        "harmonic_mean_rank": 5.658159708335188,
        "hits_at_1": 0.1071,
        "hits_at_10": 0.3175,
        "hits_at_3": 0.1959,
        "hits_at_5": 0.2414,
        "inverse_arithmetic_mean_rank": 0.0005967417779575165,
        "inverse_geometric_mean_rank": 0.016177427768511478,
        "inverse_harmonic_mean_rank": 0.17673590912021675,
        "inverse_median_rank": 0.0196078431372549,
        "median_absolute_deviation": 74.13011092528009,
        "median_rank": 51.0,
        "standard_deviation": 5371.088487231532,
        "variance": 28848591.537671108,
        "z_arithmetic_mean_rank": 159.02472772888677,
        "z_geometric_mean_rank": 99.6766781576916,
        "z_hits_at_k": 2029.8254949907523,
        "z_inverse_harmonic_mean_rank": 2786.0057005980207
      },
      "pessimistic": {
        "adjusted_arithmetic_mean_rank": 0.08189159552647424,
        "adjusted_arithmetic_mean_rank_index": 0.9181532729101463,
        "adjusted_geometric_mean_rank_index": 0.9959612237297443,
        "adjusted_hits_at_k": 0.3173331922397517,
        "adjusted_inverse_harmonic_mean_rank": 0.17651061139836607,
        "arithmetic_mean_rank": 1675.7668,
        "count": 10000.0,
        "geometric_mean_rank": 61.814527357724415,
        "harmonic_mean_rank": 5.658159709180158,
        "hits_at_1": 0.1071,
        "hits_at_10": 0.3175,
        "hits_at_3": 0.1959,
        "hits_at_5": 0.2414,
        "inverse_arithmetic_mean_rank": 0.0005967417423474435,
        "inverse_geometric_mean_rank": 0.016177426937408087,
        "inverse_harmonic_mean_rank": 0.17673590909382364,
        "inverse_median_rank": 0.0196078431372549,
        "median_absolute_deviation": 74.13011092528009,
        "median_rank": 51.0,
        "standard_deviation": 5371.088492272098,
        "variance": 28848591.591817763,
        "z_arithmetic_mean_rank": 159.02472688244623,
        "z_geometric_mean_rank": 99.67667813658444,
        "z_hits_at_k": 2029.8254949907523,
        "z_inverse_harmonic_mean_rank": 2786.005700181324
      },
      "realistic": {
        "adjusted_arithmetic_mean_rank": 0.08189159775990064,
        "adjusted_arithmetic_mean_rank_index": 0.9181532706766107,
        "adjusted_geometric_mean_rank_index": 0.9959612240995342,
        "adjusted_hits_at_k": 0.3173331922397517,
        "adjusted_inverse_harmonic_mean_rank": 0.17651061539157242,
        "arithmetic_mean_rank": 1675.766845703125,
        "count": 10000.0,
        "geometric_mean_rank": 61.81452178955078,
        "harmonic_mean_rank": 5.658159581373549,
        "hits_at_1": 0.1071,
        "hits_at_10": 0.3175,
        "hits_at_3": 0.1959,
        "hits_at_5": 0.2414,
        "inverse_arithmetic_mean_rank": 0.0005967417382635176,
        "inverse_geometric_mean_rank": 0.016177428886294365,
        "inverse_harmonic_mean_rank": 0.1767359130859375,
        "inverse_median_rank": 0.019607843831181526,
        "median_absolute_deviation": 74.13011092528009,
        "median_rank": 51.0,
        "standard_deviation": 5371.08837890625,
        "variance": 28848590.0,
        "z_arithmetic_mean_rank": 159.02472649559647,
        "z_geometric_mean_rank": 99.67667817359336,
        "z_hits_at_k": 2029.8254949907523,
        "z_inverse_harmonic_mean_rank": 2786.005763209238
      }
    },
    "head": {
      "optimistic": {
        "adjusted_arithmetic_mean_rank": 0.0814552638078817,
        "adjusted_arithmetic_mean_rank_index": 0.9185896269932536,
        "adjusted_geometric_mean_rank_index": 0.9960286009146595,
        "adjusted_hits_at_k": 0.31803335943219535,
        "adjusted_inverse_harmonic_mean_rank": 0.1759327156692569,
        "arithmetic_mean_rank": 1666.7994,
        "count": 5000.0,
        "geometric_mean_rank": 60.801578002011404,
        "harmonic_mean_rank": 5.676716353502426,
        "hits_at_1": 0.1036,
        "hits_at_10": 0.3182,
        "hits_at_3": 0.1976,
        "hits_at_5": 0.2428,
        "inverse_arithmetic_mean_rank": 0.0005999522198052147,
        "inverse_geometric_mean_rank": 0.016446941557452976,
        "inverse_harmonic_mean_rank": 0.17615817626382177,
        "inverse_median_rank": 0.02040816326530612,
        "median_absolute_deviation": 71.1649064882689,
        "median_rank": 49.0,
        "standard_deviation": 5358.16252366048,
        "variance": 28709905.62995964,
        "z_arithmetic_mean_rank": 112.50089413340184,
        "z_geometric_mean_rank": 70.49203961549347,
        "z_hits_at_k": 1438.4534399644135,
        "z_inverse_harmonic_mean_rank": 1963.5308287567036
      },
      "pessimistic": {
        "adjusted_arithmetic_mean_rank": 0.0814552638078817,
        "adjusted_arithmetic_mean_rank_index": 0.9185896269932536,
        "adjusted_geometric_mean_rank_index": 0.9960286009146595,
        "adjusted_hits_at_k": 0.31803335943219535,
        "adjusted_inverse_harmonic_mean_rank": 0.1759327156692569,
        "arithmetic_mean_rank": 1666.7994,
        "count": 5000.0,
        "geometric_mean_rank": 60.801578002011404,
        "harmonic_mean_rank": 5.676716353502426,
        "hits_at_1": 0.1036,
        "hits_at_10": 0.3182,
        "hits_at_3": 0.1976,
        "hits_at_5": 0.2428,
        "inverse_arithmetic_mean_rank": 0.0005999522198052147,
        "inverse_geometric_mean_rank": 0.016446941557452976,
        "inverse_harmonic_mean_rank": 0.17615817626382177,
        "inverse_median_rank": 0.02040816326530612,
        "median_absolute_deviation": 71.1649064882689,
        "median_rank": 49.0,
        "standard_deviation": 5358.16252366048,
        "variance": 28709905.62995964,
        "z_arithmetic_mean_rank": 112.50089413340184,
        "z_geometric_mean_rank": 70.49203961549347,
        "z_hits_at_k": 1438.4534399644135,
        "z_inverse_harmonic_mean_rank": 1963.5308287567036
      },
      "realistic": {
        "adjusted_arithmetic_mean_rank": 0.08145526568820308,
        "adjusted_arithmetic_mean_rank_index": 0.9185896251128404,
        "adjusted_geometric_mean_rank_index": 0.9960286018934754,
        "adjusted_hits_at_k": 0.31803335943219535,
        "adjusted_inverse_harmonic_mean_rank": 0.1759327181170423,
        "arithmetic_mean_rank": 1666.7994384765625,
        "count": 5000.0,
        "geometric_mean_rank": 60.80156326293945,
        "harmonic_mean_rank": 5.676716274643858,
        "hits_at_1": 0.1036,
        "hits_at_10": 0.3182,
        "hits_at_3": 0.1976,
        "hits_at_5": 0.2428,
        "inverse_arithmetic_mean_rank": 0.0005999521818011999,
        "inverse_geometric_mean_rank": 0.016446946188807487,
        "inverse_harmonic_mean_rank": 0.1761581787109375,
        "inverse_median_rank": 0.020408162847161293,
        "median_absolute_deviation": 71.1649064882689,
        "median_rank": 49.0,
        "standard_deviation": 5358.16259765625,
        "variance": 28709906.0,
        "z_arithmetic_mean_rank": 112.50089390310512,
        "z_geometric_mean_rank": 70.4920396847673,
        "z_hits_at_k": 1438.4534399644135,
        "z_inverse_harmonic_mean_rank": 1963.5308560756825
      }
    },
    "tail": {
      "optimistic": {
        "adjusted_arithmetic_mean_rank": 0.08232789724114213,
        "adjusted_arithmetic_mean_rank_index": 0.9177169488334667,
        "adjusted_geometric_mean_rank_index": 0.9958931326163891,