{
  "evaluator_metadata": {
    "batch_size": 2048,
    "slice_size": null
  },
  "losses": [
    0.0027874300545268718,
    7.365971419707463e-05,
    2.8435559064788497e-05,
    2.112122028404341e-05,
    1.900511581936777e-05
  ],
  "metrics": {
    "both": {
      "optimistic": {
        "adjusted_arithmetic_mean_rank": 0.5633845099742385,
        "adjusted_arithmetic_mean_rank_index": 0.43667668634658385,
        "adjusted_geometric_mean_rank_index": 0.765892175485255,
        "adjusted_hits_at_k": 0.06116118490603417,
        "adjusted_inverse_harmonic_mean_rank": 0.02850689581330692,
        "arithmetic_mean_rank": 4020.1253547313827,
        "count": 40876.0,
        "geometric_mean_rank": 1228.5381219971325,
        "harmonic_mean_rank": 34.24748400705478,
        "hits_at_1": 0.012501223211664546,
        "hits_at_10": 0.06182111752617673,
        "hits_at_3": 0.029381544182405323,
        "hits_at_5": 0.04305705059203445,
        "inverse_arithmetic_mean_rank": 0.0002487484622396354,
        "inverse_geometric_mean_rank": 0.0008139755552512957,
        "inverse_harmonic_mean_rank": 0.029199225256781078,
        "inverse_median_rank": 0.0003372112628561794,
        "median_absolute_deviation": 4152.0275129249385,
        "median_rank": 2965.5,
        "standard_deviation": 3853.139281834975,
        "variance": 14846682.325219747,
        "z_arithmetic_mean_rank": 152.72046645669522,
        "z_geometric_mean_rank": 155.11300167144324,
        "z_hits_at_k": 466.233760257905,
        "z_inverse_harmonic_mean_rank": 536.8020979000396
      },
      "pessimistic": {
        "adjusted_arithmetic_mean_rank": 0.5633849385295965,
        "adjusted_arithmetic_mean_rank_index": 0.43667625773115926,
        "adjusted_geometric_mean_rank_index": 0.7658919832564306,
        "adjusted_hits_at_k": 0.06116118490603417,
        "adjusted_inverse_harmonic_mean_rank": 0.028506895380300473,
        "arithmetic_mean_rank": 4020.128412760544,
        "count": 40876.0,
        "geometric_mean_rank": 1228.539129943837,
        "harmonic_mean_rank": 34.24748451456186,
        "hits_at_1": 0.012501223211664546,
        "hits_at_10": 0.06182111752617673,
        "hits_at_3": 0.029381544182405323,
        "hits_at_5": 0.04305705059203445,
        "inverse_arithmetic_mean_rank": 0.00024874827302178625,
        "inverse_geometric_mean_rank": 0.0008139748874305007,
        "inverse_harmonic_mean_rank": 0.02919922482408321,
        "inverse_median_rank": 0.0003372112628561794,
        "median_absolute_deviation": 4152.0275129249385,
        "median_rank": 2965.5,
        "standard_deviation": 3853.140645811768,
        "variance": 14846692.836406728,
        "z_arithmetic_mean_rank": 152.72031655552206,
        "z_geometric_mean_rank": 155.11296274012767,
        "z_hits_at_k": 466.233760257905,
        "z_inverse_harmonic_mean_rank": 536.8020897462662
      },
      "realistic": {
        "adjusted_arithmetic_mean_rank": 0.5633846997606484,
        "adjusted_arithmetic_mean_rank_index": 0.43667649653357343,
        "adjusted_geometric_mean_rank_index": 0.7658920426797261,
        "adjusted_hits_at_k": 0.06116118490603417,
        "adjusted_inverse_harmonic_mean_rank": 0.028506894681160907,
        "arithmetic_mean_rank": 4020.126708984375,
        "count": 40876.0,
        "geometric_mean_rank": 1228.538818359375,
        "harmonic_mean_rank": 34.24748533399144,
        "hits_at_1": 0.012501223211664546,
        "hits_at_10": 0.06182111752617673,
        "hits_at_3": 0.029381544182405323,
        "hits_at_5": 0.04305705059203445,
        "inverse_arithmetic_mean_rank": 0.00024874837254174054,
        "inverse_geometric_mean_rank": 0.0008139751153066754,
        "inverse_harmonic_mean_rank": 0.029199224125441885,
        "inverse_median_rank": 0.00033721126965247095,
        "median_absolute_deviation": 4152.0275129249385,
        "median_rank": 2965.5,
        "standard_deviation": 3853.139892578125,
        "variance": 14846687.0,
        "z_arithmetic_mean_rank": 152.72040007272648,
        "z_geometric_mean_rank": 155.11297477488404,
        "z_hits_at_k": 466.233760257905,
        "z_inverse_harmonic_mean_rank": 536.8020765810452
      }
    },
    "head": {
      "optimistic": {
        "adjusted_arithmetic_mean_rank": 0.6717353285723936,
        "adjusted_arithmetic_mean_rank_index": 0.32831132883914504,
        "adjusted_geometric_mean_rank_index": 0.5146882360640462,
        "adjusted_hits_at_k": 0.00848995966031373,
        "adjusted_inverse_harmonic_mean_rank": 0.006057639803220773,
        "arithmetic_mean_rank": 4726.758538017419,
        "count": 20438.0,
        "geometric_mean_rank": 2507.4076710492445,
        "harmonic_mean_rank": 147.56851324594282,
        "hits_at_1": 0.003571778060475585,
        "hits_at_10": 0.009198551717389177,
        "hits_at_3": 0.005431059790586163,
        "hits_at_5": 0.00694784225462374,
        "inverse_arithmetic_mean_rank": 0.00021156147325000397,
        "inverse_geometric_mean_rank": 0.0003988182741666185,
        "inverse_harmonic_mean_rank": 0.0067765133496558655,
        "inverse_median_rank": 0.0002486634340420241,
        "median_absolute_deviation": 4289.909519245959,
        "median_rank": 4021.5,
        "standard_deviation": 3749.7685571621982,
        "variance": 14060764.232282275,
        "z_arithmetic_mean_rank": 81.1047863772954,
        "z_geometric_mean_rank": 73.71080657610705,
        "z_hits_at_k": 45.38591523254731,
        "z_inverse_harmonic_mean_rank": 79.9959453307532
      },
      "pessimistic": {
        "adjusted_arithmetic_mean_rank": 0.671735815309457,
        "adjusted_arithmetic_mean_rank_index": 0.32831084203290006,
        "adjusted_geometric_mean_rank_index": 0.514687799316216,
        "adjusted_hits_at_k": 0.00848995966031373,
        "adjusted_inverse_harmonic_mean_rank": 0.006057639359175807,
        "arithmetic_mean_rank": 4726.761963010079,
        "count": 20438.0,
        "geometric_mean_rank": 2507.4099266469725,
        "harmonic_mean_rank": 147.5685229086799,
        "hits_at_1": 0.003571778060475585,
        "hits_at_10": 0.009198551717389177,
        "hits_at_3": 0.005431059790586163,
        "hits_at_5": 0.00694784225462374,
        "inverse_arithmetic_mean_rank": 0.00021156131995341346,
        "inverse_geometric_mean_rank": 0.00039881791540055336,
        "inverse_harmonic_mean_rank": 0.006776512905932058,
        "inverse_median_rank": 0.0002486634340420241,
        "median_absolute_deviation": 4289.909519245959,
        "median_rank": 4021.5,
        "standard_deviation": 3749.7695546569394,
        "variance": 14060771.7130321,
        "z_arithmetic_mean_rank": 81.10466611852564,
        "z_geometric_mean_rank": 73.71074402749493,
        "z_hits_at_k": 45.38591523254731,
        "z_inverse_harmonic_mean_rank": 79.99593946678672
      },
      "realistic": {
        "adjusted_arithmetic_mean_rank": 0.6717355030317774,
        "adjusted_arithmetic_mean_rank_index": 0.3283111543549647,
        "adjusted_geometric_mean_rank_index": 0.5146876603134156,
        "adjusted_hits_at_k": 0.00848995966031373,
        "adjusted_inverse_harmonic_mean_rank": 0.006057639189669265,
        "arithmetic_mean_rank": 4726.759765625,
        "count": 20438.0,
        "geometric_mean_rank": 2507.41064453125,
        "harmonic_mean_rank": 147.56852659726425,
        "hits_at_1": 0.003571778060475585,
        "hits_at_10": 0.009198551717389177,
        "hits_at_3": 0.005431059790586163,
        "hits_at_5": 0.00694784225462374,
        "inverse_arithmetic_mean_rank": 0.00021156141883693635,
        "inverse_geometric_mean_rank": 0.00039881779230199754,
        "inverse_harmonic_mean_rank": 0.006776512736548112,
        "inverse_median_rank": 0.0002486634475644678,
        "median_absolute_deviation": 4289.909519245959,
        "median_rank": 4021.5,
        "standard_deviation": 3749.76904296875,
        "variance": 14060768.0,
        "z_arithmetic_mean_rank": 81.1047432733848,