{
  "evaluator_metadata": {
    "batch_size": 2048,
    "slice_size": null
  },
  "losses": [
    0.038581071503320664,
    0.03347079680852511,
    0.031049264601289154,
    0.029245134060277567,
    0.02778917855002847
  ],
  "metrics": {
    "both": {
      "optimistic": {
        "adjusted_arithmetic_mean_rank": 0.684332083807414,
        "adjusted_arithmetic_mean_rank_index": 0.3157106557301511,
        "adjusted_geometric_mean_rank_index": 0.6675365146551828,
        "adjusted_hits_at_k": 0.05741789660218553,
        "adjusted_inverse_harmonic_mean_rank": 0.035582955378695054,
        "arithmetic_mean_rank": 5055.060097171201,
        "count": 118142.0,
        "geometric_mean_rank": 1806.4793054632946,
        "harmonic_mean_rank": 27.587316513736916,
        "hits_at_1": 0.02301467725279748,
        "hits_at_10": 0.05805725313605661,
        "hits_at_3": 0.03980802762776997,
        "hits_at_5": 0.04622403548272418,
        "inverse_arithmetic_mean_rank": 0.0001978215848629767,
        "inverse_geometric_mean_rank": 0.000553562942556675,
        "inverse_harmonic_mean_rank": 0.03624854195231555,
        "inverse_median_rank": 0.00024192572880125802,
        "median_absolute_deviation": 5192.814270315871,
        "median_rank": 4133.5,
        "standard_deviation": 4352.196277998581,
        "variance": 18941612.442224696,
        "z_arithmetic_mean_rank": 187.7901574331674,
        "z_geometric_mean_rank": 229.84234423340098,
        "z_hits_at_k": 757.5137466511159,
        "z_inverse_harmonic_mean_rank": 1159.5727563502958
      },
      "pessimistic": {
        "adjusted_arithmetic_mean_rank": 0.6843332216587098,
        "adjusted_arithmetic_mean_rank_index": 0.31570951772479705,
        "adjusted_geometric_mean_rank_index": 0.6675355590092635,
        "adjusted_hits_at_k": 0.05741789660218553,
        "adjusted_inverse_harmonic_mean_rank": 0.03558294665031708,
        "arithmetic_mean_rank": 5055.068502310779,
        "count": 118142.0,
        "geometric_mean_rank": 1806.4844952029403,
        "harmonic_mean_rank": 27.58732315197363,
        "hits_at_1": 0.02301467725279748,
        "hits_at_10": 0.05805725313605661,
        "hits_at_3": 0.03980802762776997,
        "hits_at_5": 0.04622403548272418,
        "inverse_arithmetic_mean_rank": 0.00019782125594200727,
        "inverse_geometric_mean_rank": 0.0005535613522593008,
        "inverse_harmonic_mean_rank": 0.03624853322996141,
        "inverse_median_rank": 0.00024192572880125802,
        "median_absolute_deviation": 5192.814270315871,
        "median_rank": 4133.5,
        "standard_deviation": 4352.199232126487,
        "variance": 18941638.156122383,
        "z_arithmetic_mean_rank": 187.7894805279039,
        "z_geometric_mean_rank": 229.84201519087895,
        "z_hits_at_k": 757.5137466511159,
        "z_inverse_harmonic_mean_rank": 1159.572471911041
      },
      "realistic": {
        "adjusted_arithmetic_mean_rank": 0.6843326073961279,
        "adjusted_arithmetic_mean_rank_index": 0.31571013207054643,
        "adjusted_geometric_mean_rank_index": 0.6675360531857619,
        "adjusted_hits_at_k": 0.05741789660218553,
        "adjusted_inverse_harmonic_mean_rank": 0.03558295000894267,
        "arithmetic_mean_rank": 5055.06396484375,
        "count": 118142.0,
        "geometric_mean_rank": 1806.4818115234375,
        "harmonic_mean_rank": 27.587320597621027,
        "hits_at_1": 0.02301467725279748,
        "hits_at_10": 0.05805725313605661,
        "hits_at_3": 0.03980802762776997,
        "hits_at_5": 0.04622403548272418,
        "inverse_arithmetic_mean_rank": 0.00019782142771873623,
        "inverse_geometric_mean_rank": 0.0005535621894523501,
        "inverse_harmonic_mean_rank": 0.036248536586269066,
        "inverse_median_rank": 0.00024192572163883597,
        "median_absolute_deviation": 5192.814270315871,
        "median_rank": 4133.5,
        "standard_deviation": 4352.197265625,
        "variance": 18941622.0,
        "z_arithmetic_mean_rank": 187.78984595137916,
        "z_geometric_mean_rank": 229.84218534289664,
        "z_hits_at_k": 757.5137466511159,
        "z_inverse_harmonic_mean_rank": 1159.5725813614984
      }
    },
    "head": {
      "optimistic": {
        "adjusted_arithmetic_mean_rank": 0.723549425577274,
        "adjusted_arithmetic_mean_rank_index": 0.2764881063253928,
        "adjusted_geometric_mean_rank_index": 0.5866126073988215,
        "adjusted_hits_at_k": 0.04221200917635138,
        "adjusted_inverse_harmonic_mean_rank": 0.025949543973016322,
        "arithmetic_mean_rank": 5330.20700512942,
        "count": 59071.0,
        "geometric_mean_rank": 2239.4875870800633,
        "harmonic_mean_rank": 37.560624411329115,
        "hits_at_1": 0.016810279155592422,
        "hits_at_10": 0.04286367252966769,
        "hits_at_3": 0.02864349680892485,
        "hits_at_5": 0.03390834758172369,
        "inverse_arithmetic_mean_rank": 0.00018760997444145595,
        "inverse_geometric_mean_rank": 0.00044653071790580517,
        "inverse_harmonic_mean_rank": 0.026623625556618218,
        "inverse_median_rank": 0.00022040996253030638,
        "median_absolute_deviation": 5239.516240198797,
        "median_rank": 4537.0,
        "standard_deviation": 4326.8477842276,
        "variance": 18721611.747875288,
        "z_arithmetic_mean_rank": 116.27386693384307,
        "z_geometric_mean_rank": 142.81089647095337,
        "z_hits_at_k": 393.18675148132706,
        "z_inverse_harmonic_mean_rank": 597.0455773070048
      },
      "pessimistic": {
        "adjusted_arithmetic_mean_rank": 0.723550659602649,
        "adjusted_arithmetic_mean_rank_index": 0.27648687213248224,
        "adjusted_geometric_mean_rank_index": 0.5866114883180238,
        "adjusted_hits_at_k": 0.04221200917635138,
        "adjusted_inverse_harmonic_mean_rank": 0.025949539196434005,
        "arithmetic_mean_rank": 5330.216095884613,
        "count": 59071.0,
        "geometric_mean_rank": 2239.4936468886576,
        "harmonic_mean_rank": 37.560631145471554,
        "hits_at_1": 0.016810279155592422,
        "hits_at_10": 0.04286367252966769,
        "hits_at_3": 0.02864349680892485,
        "hits_at_5": 0.03390834758172369,
        "inverse_arithmetic_mean_rank": 0.00018760965447012294,
        "inverse_geometric_mean_rank": 0.0004465295096457658,
        "inverse_harmonic_mean_rank": 0.026623620783341486,
        "inverse_median_rank": 0.00022040996253030638,
        "median_absolute_deviation": 5239.516240198797,
        "median_rank": 4537.0,
        "standard_deviation": 4326.850308659758,
        "variance": 18721633.59354905,
        "z_arithmetic_mean_rank": 116.27334790832634,
        "z_geometric_mean_rank": 142.81062403062407,
        "z_hits_at_k": 393.18675148132706,
        "z_inverse_harmonic_mean_rank": 597.0454674076806
      },
      "realistic": {
        "adjusted_arithmetic_mean_rank": 0.7235500256590511,
        "adjusted_arithmetic_mean_rank_index": 0.27648750616214646,
        "adjusted_geometric_mean_rank_index": 0.5866121185159,
        "adjusted_hits_at_k": 0.04221200917635138,
        "adjusted_inverse_harmonic_mean_rank": 0.02594954222435405,
        "arithmetic_mean_rank": 5330.21142578125,
        "count": 59071.0,
        "geometric_mean_rank": 2239.490234375,
        "harmonic_mean_rank": 37.56062687663563,
        "hits_at_1": 0.016810279155592422,
        "hits_at_10": 0.04286367252966769,
        "hits_at_3": 0.02864349680892485,
        "hits_at_5": 0.03390834758172369,
        "inverse_arithmetic_mean_rank": 0.000187609824934043,
        "inverse_geometric_mean_rank": 0.0004465302044991404,
        "inverse_harmonic_mean_rank": 0.026623623809166087,
        "inverse_median_rank": 0.0002204099582741037,
        "median_absolute_deviation": 5239.516240198797,
        "median_rank": 4537.0,
        "standard_deviation": 4326.84912109375,
        "variance": 18721622.0,
        "z_arithmetic_mean_rank": 116.27361454214935,