{
  "evaluator_metadata": {
    "batch_size": 2048,
    "slice_size": null
  },
  "losses": [
    1.9813735472315636e-05,
    1.0421016274152843e-05,
    6.530047764306711e-06,
    4.6684656685330165e-06,
    3.782523409532725e-06
  ],
  "metrics": {
    "both": {
      "optimistic": {
        "adjusted_arithmetic_mean_rank": 0.04563974028451357,
        "adjusted_arithmetic_mean_rank_index": 0.9544894743555506,
        "adjusted_geometric_mean_rank_index": 0.9927695844264502,
        "adjusted_hits_at_k": 0.3147999080140758,
        "adjusted_inverse_harmonic_mean_rank": 0.18212225677789062,
        "arithmetic_mean_rank": 337.134025156168,
        "count": 118142.0,
        "geometric_mean_rank": 40.26556227491919,
        "harmonic_mean_rank": 5.473851925109878,
        "hits_at_1": 0.11285571600277632,
        "hits_at_10": 0.31526468148499265,
        "hits_at_3": 0.19793130300824432,
        "hits_at_5": 0.24297032384757325,
        "inverse_arithmetic_mean_rank": 0.0029661793986435446,
        "inverse_geometric_mean_rank": 0.02483511823757357,
        "inverse_harmonic_mean_rank": 0.18268671014149268,
        "inverse_median_rank": 0.023809523809523808,
        "median_absolute_deviation": 60.78669095872968,
        "median_rank": 42.0,
        "standard_deviation": 889.735761711197,
        "variance": 791629.7256678039,
        "z_arithmetic_mean_rank": 567.7468447904905,
        "z_geometric_mean_rank": 341.824729522192,
        "z_hits_at_k": 4153.1520985060315,
        "z_inverse_harmonic_mean_rank": 5934.9765930662215
      },
      "pessimistic": {
        "adjusted_arithmetic_mean_rank": 0.04563978153592007,
        "adjusted_arithmetic_mean_rank_index": 0.9544894330985589,
        "adjusted_geometric_mean_rank_index": 0.9927695715296923,
        "adjusted_hits_at_k": 0.3147999080140758,
        "adjusted_inverse_harmonic_mean_rank": 0.18212213620472156,
        "arithmetic_mean_rank": 337.13432987421913,
        "count": 118142.0,
        "geometric_mean_rank": 40.265632312173224,
        "harmonic_mean_rank": 5.473855535359432,
        "hits_at_1": 0.11285571600277632,
        "hits_at_10": 0.31526468148499265,
        "hits_at_3": 0.19793130300824432,
        "hits_at_5": 0.24297032384757325,
        "inverse_arithmetic_mean_rank": 0.0029661767176694474,
        "inverse_geometric_mean_rank": 0.0248350750398542,
        "inverse_harmonic_mean_rank": 0.18268658965153647,
        "inverse_median_rank": 0.023809523809523808,
        "median_absolute_deviation": 60.78669095872968,
        "median_rank": 42.0,
        "standard_deviation": 889.7358922933918,
        "variance": 791629.958035118,
        "z_arithmetic_mean_rank": 567.7468202501184,
        "z_geometric_mean_rank": 341.82472508165426,
        "z_hits_at_k": 4153.1520985060315,
        "z_inverse_harmonic_mean_rank": 5934.972663843354
      },
      "realistic": {
        "adjusted_arithmetic_mean_rank": 0.045639757899224476,
        "adjusted_arithmetic_mean_rank_index": 0.9544894567384548,
        "adjusted_geometric_mean_rank_index": 0.9927695770908282,
        "adjusted_hits_at_k": 0.3147999080140758,
        "adjusted_inverse_harmonic_mean_rank": 0.18212220161411308,
        "arithmetic_mean_rank": 337.1341552734375,
        "count": 118142.0,
        "geometric_mean_rank": 40.265602111816406,
        "harmonic_mean_rank": 5.47385357684495,
        "hits_at_1": 0.11285571600277632,
        "hits_at_10": 0.31526468148499265,
        "hits_at_3": 0.19793130300824432,
        "hits_at_5": 0.24297032384757325,
        "inverse_arithmetic_mean_rank": 0.00296617834828794,
        "inverse_geometric_mean_rank": 0.024835092946887016,
        "inverse_harmonic_mean_rank": 0.18268665501578607,
        "inverse_median_rank": 0.02380952425301075,
        "median_absolute_deviation": 60.78669095872968,
        "median_rank": 42.0,
        "standard_deviation": 889.73583984375,
        "variance": 791629.875,
        "z_arithmetic_mean_rank": 567.7468343115373,
        "z_geometric_mean_rank": 341.82472699643273,
        "z_hits_at_k": 4153.1520985060315,
        "z_inverse_harmonic_mean_rank": 5934.9747953961605
      }
    },
    "head": {
      "optimistic": {
        "adjusted_arithmetic_mean_rank": 0.0492053071915437,
        "adjusted_arithmetic_mean_rank_index": 0.950923776041295,
        "adjusted_geometric_mean_rank_index": 0.9914887878798211,
        "adjusted_hits_at_k": 0.28574585583230167,
        "adjusted_inverse_harmonic_mean_rank": 0.1620356021690724,
        "arithmetic_mean_rank": 362.48314739889287,
        "count": 59071.0,
        "geometric_mean_rank": 47.08810772419198,
        "harmonic_mean_rank": 6.149475038945622,
        "hits_at_1": 0.09717120075840938,
        "hits_at_10": 0.28623182272180936,
        "hits_at_3": 0.1740786511147602,
        "hits_at_5": 0.21628210120025054,
        "inverse_arithmetic_mean_rank": 0.0027587489437117326,
        "inverse_geometric_mean_rank": 0.021236784579607138,
        "inverse_harmonic_mean_rank": 0.16261550679803366,
        "inverse_median_rank": 0.02,
        "median_absolute_deviation": 71.1649064882689,
        "median_rank": 50.0,
        "standard_deviation": 902.9855077973994,
        "variance": 815382.8272921271,
        "z_arithmetic_mean_rank": 399.89996701532084,
        "z_geometric_mean_rank": 241.37804208791823,
        "z_hits_at_k": 2661.6000279583345,
        "z_inverse_harmonic_mean_rank": 3728.105578345422
      },
      "pessimistic": {
        "adjusted_arithmetic_mean_rank": 0.049205341661526236,
        "adjusted_arithmetic_mean_rank_index": 0.9509237415666327,
        "adjusted_geometric_mean_rank_index": 0.9914887809523989,
        "adjusted_hits_at_k": 0.28574585583230167,
        "adjusted_inverse_harmonic_mean_rank": 0.16203559831201408,
        "arithmetic_mean_rank": 362.48340133060213,
        "count": 59071.0,
        "geometric_mean_rank": 47.088145236097084,
        "harmonic_mean_rank": 6.149475184703368,
        "hits_at_1": 0.09717120075840938,
        "hits_at_10": 0.28623182272180936,
        "hits_at_3": 0.1740786511147602,
        "hits_at_5": 0.21628210120025054,
        "inverse_arithmetic_mean_rank": 0.00275874701111611,
        "inverse_geometric_mean_rank": 0.021236767661713177,
        "inverse_harmonic_mean_rank": 0.1626155029436446,
        "inverse_median_rank": 0.02,
        "median_absolute_deviation": 71.1649064882689,
        "median_rank": 50.0,
        "standard_deviation": 902.9855805051617,
        "variance": 815382.9586002439,
        "z_arithmetic_mean_rank": 399.89995251740135,
        "z_geometric_mean_rank": 241.37804040143664,
        "z_hits_at_k": 2661.6000279583345,
        "z_inverse_harmonic_mean_rank": 3728.1054896024525
      },
      "realistic": {
        "adjusted_arithmetic_mean_rank": 0.04920532469835637,
        "adjusted_arithmetic_mean_rank_index": 0.9509237585321055,
        "adjusted_geometric_mean_rank_index": 0.9914887835904787,
        "adjusted_hits_at_k": 0.28574585583230167,
        "adjusted_inverse_harmonic_mean_rank": 0.16203561446886694,
        "arithmetic_mean_rank": 362.4832763671875,
        "count": 59071.0,
        "geometric_mean_rank": 47.088130950927734,
        "harmonic_mean_rank": 6.149474574137982,
        "hits_at_1": 0.09717120075840938,
        "hits_at_10": 0.28623182272180936,
        "hits_at_3": 0.1740786511147602,
        "hits_at_5": 0.21628210120025054,
        "inverse_arithmetic_mean_rank": 0.002758747898042202,
        "inverse_geometric_mean_rank": 0.02123677358031273,
        "inverse_harmonic_mean_rank": 0.16261551908931626,
        "inverse_median_rank": 0.019999999552965164,
        "median_absolute_deviation": 71.1649064882689,
        "median_rank": 50.0,
        "standard_deviation": 902.9854736328125,
        "variance": 815382.8125,
        "z_arithmetic_mean_rank": 399.8999596520342,
        "z_geometric_mean_rank": 241.3780410436774,
        "z_hits_at_k": 2661.6000279583345,