{
  "losses": [
    8.776860787075418e-05,
    5.3628090098298616e-05,
    4.521653484294621e-05,
    4.545193286306426e-05,
    4.5890227263061786e-05
  ],
  "metrics": {
    "both": {
      "optimistic": {
        "adjusted_arithmetic_mean_rank": 1.135452151724743,
        "adjusted_arithmetic_mean_rank_index": -0.135458833609716,
        "adjusted_hits_at_k": 0.007279089594412466,
        "adjusted_inverse_harmonic_mean_rank": 0.003784262744786251,
        "arithmetic_mean_rank": 23018.508207934337,
        "count": 5848.0,
        "geometric_mean_rank": 13912.042658983803,
        "harmonic_mean_rank": 246.35699128213304,
        "hits_at_1": 0.002051983584131327,
        "hits_at_10": 0.007523939808481532,
        "hits_at_3": 0.003761969904240766,
        "hits_at_5": 0.005129958960328317,
        "inverse_arithmetic_mean_rank": 4.3443301840703396e-05,
        "inverse_geometric_mean_rank": 7.188017061996592e-05,
        "inverse_harmonic_mean_rank": 0.004059150076462736,
        "inverse_median_rank": 4.062150908906266e-05,
        "median_absolute_deviation": 19471.756236743324,
        "median_rank": 24617.5,
        "standard_deviation": 13930.646932078893,
        "variance": 194062923.94623905,
        "z_arithmetic_mean_rank": -17.94157082876319,
        "z_hits_at_k": 35.43973965846167,
        "z_inverse_harmonic_mean_rank": 45.46376082000466
      },
      "pessimistic": {
        "adjusted_arithmetic_mean_rank": 1.1354521938996665,
        "adjusted_arithmetic_mean_rank_index": -0.1354588757867199,
        "adjusted_hits_at_k": 0.007279089594412466,
        "adjusted_inverse_harmonic_mean_rank": 0.0037842626820186074,
        "arithmetic_mean_rank": 23018.509062927496,
        "count": 5848.0,
        "geometric_mean_rank": 13912.04449785986,
        "harmonic_mean_rank": 246.35699509056116,
        "hits_at_1": 0.002051983584131327,
        "hits_at_10": 0.007523939808481532,
        "hits_at_3": 0.003761969904240766,
        "hits_at_5": 0.005129958960328317,
        "inverse_arithmetic_mean_rank": 4.344330022705736e-05,
        "inverse_geometric_mean_rank": 7.188016111893788e-05,
        "inverse_harmonic_mean_rank": 0.004059150013712412,
        "inverse_median_rank": 4.062150908906266e-05,
        "median_absolute_deviation": 19471.756236743324,
        "median_rank": 24617.5,
        "standard_deviation": 13930.646769802916,
        "variance": 194062919.42502043,
        "z_arithmetic_mean_rank": -17.941576415122427,
        "z_hits_at_k": 35.43973965846167,
        "z_inverse_harmonic_mean_rank": 45.46376006592036
      },
      "realistic": {
        "adjusted_arithmetic_mean_rank": 1.1354522285621818,
        "adjusted_arithmetic_mean_rank_index": -0.13545891045094516,
        "adjusted_hits_at_k": 0.007279089594412466,
        "adjusted_inverse_harmonic_mean_rank": 0.003784262713393222,
        "arithmetic_mean_rank": 23018.509765625,
        "count": 5848.0,
        "geometric_mean_rank": 13912.0439453125,
        "harmonic_mean_rank": 246.35699470836892,
        "hits_at_1": 0.002051983584131327,
        "hits_at_10": 0.007523939808481532,
        "hits_at_3": 0.003761969904240766,
        "hits_at_5": 0.005129958960328317,
        "inverse_arithmetic_mean_rank": 4.344329863670282e-05,
        "inverse_geometric_mean_rank": 7.188016752479598e-05,
        "inverse_harmonic_mean_rank": 0.00405915004507837,
        "inverse_median_rank": 4.062150765093975e-05,
        "median_absolute_deviation": 19471.756236743324,
        "median_rank": 24617.5,
        "standard_deviation": 13930.6474609375,
        "variance": 194062928.0,
        "z_arithmetic_mean_rank": -17.94158100641141,
        "z_hits_at_k": 35.43973965846167,
        "z_inverse_harmonic_mean_rank": 45.4637604428519
      }
    },
    "head": {
      "optimistic": {
        "adjusted_arithmetic_mean_rank": 1.1362039608020613,
        "adjusted_arithmetic_mean_rank_index": -0.13621068126497105,
        "adjusted_hits_at_k": 0.006936953309436689,
        "adjusted_inverse_harmonic_mean_rank": 0.004292715311898555,
        "arithmetic_mean_rank": 23028.639192886458,
        "count": 2924.0,
        "geometric_mean_rank": 14080.544453702405,
        "harmonic_mean_rank": 218.9372805893627,
        "hits_at_1": 0.0027359781121751026,
        "hits_at_10": 0.007181942544459644,
        "hits_at_3": 0.004103967168262654,
        "hits_at_5": 0.005813953488372093,
        "inverse_arithmetic_mean_rank": 4.3424189837013896e-05,
        "inverse_geometric_mean_rank": 7.101998103042495e-05,
        "inverse_harmonic_mean_rank": 0.004567518137194704,
        "inverse_median_rank": 4.088808929958703e-05,
        "median_absolute_deviation": 19322.013412674256,
        "median_rank": 24457.0,
        "standard_deviation": 13845.226635277537,
        "variance": 191690300.58219853,
        "z_arithmetic_mean_rank": -12.757014496609344,
        "z_hits_at_k": 23.87914587961846,
        "z_inverse_harmonic_mean_rank": 36.463032644858544
      },
      "pessimistic": {
        "adjusted_arithmetic_mean_rank": 1.136203994549487,
        "adjusted_arithmetic_mean_rank_index": -0.1362107150140619,
        "adjusted_hits_at_k": 0.006936953309436689,
        "adjusted_inverse_harmonic_mean_rank": 0.004292715310077607,
        "arithmetic_mean_rank": 23028.639876880985,
        "count": 2924.0,
        "geometric_mean_rank": 14080.544938681376,
        "harmonic_mean_rank": 218.9372806766231,
        "hits_at_1": 0.0027359781121751026,
        "hits_at_10": 0.007181942544459644,
        "hits_at_3": 0.004103967168262654,
        "hits_at_5": 0.005813953488372093,
        "inverse_arithmetic_mean_rank": 4.342418854723263e-05,
        "inverse_geometric_mean_rank": 7.101997858426982e-05,
        "inverse_harmonic_mean_rank": 0.004567518135374258,
        "inverse_median_rank": 4.088808929958703e-05,
        "median_absolute_deviation": 19322.013412674256,
        "median_rank": 24457.0,
        "standard_deviation": 13845.226529869527,
        "variance": 191690297.663403,
        "z_arithmetic_mean_rank": -12.75701765743078,
        "z_hits_at_k": 23.87914587961846,
        "z_inverse_harmonic_mean_rank": 36.46303262939111
      },
      "realistic": {
        "adjusted_arithmetic_mean_rank": 1.136204031460734,
        "adjusted_arithmetic_mean_rank_index": -0.13621075192713006,
        "adjusted_hits_at_k": 0.006936953309436689,
        "adjusted_inverse_harmonic_mean_rank": 0.0042927153109880555,
        "arithmetic_mean_rank": 23028.640625,
        "count": 2924.0,
        "geometric_mean_rank": 14080.5458984375,
        "harmonic_mean_rank": 218.93728156515598,
        "hits_at_1": 0.0027359781121751026,
        "hits_at_10": 0.007181942544459644,
        "hits_at_3": 0.004103967168262654,
        "hits_at_5": 0.005813953488372093,
        "inverse_arithmetic_mean_rank": 4.342418833402917e-05,
        "inverse_geometric_mean_rank": 7.101997471181676e-05,
        "inverse_harmonic_mean_rank": 0.0045675181362844555,
        "inverse_median_rank": 4.088808782398701e-05,
        "median_absolute_deviation": 19322.013412674256,
        "median_rank": 24457.0,
        "standard_deviation": 13845.2265625,
        "variance": 191690288.0,
        "z_arithmetic_mean_rank": -12.757021114579231,
        "z_hits_at_k": 23.87914587961846,
        "z_inverse_harmonic_mean_rank": 36.463032637124606
      }
    },
    "tail": {
      "optimistic": {
        "adjusted_arithmetic_mean_rank": 1.1347006761552578,
        "adjusted_arithmetic_mean_rank_index": -0.13470731949585657,
        "adjusted_hits_at_k": 0.007621225841732883,
        "adjusted_inverse_harmonic_mean_rank": 0.0032758102346691497,
        "arithmetic_mean_rank": 23008.377222982217,
        "count": 2924.0,
        "geometric_mean_rank": 13745.557324276184,
        "harmonic_mean_rank": 281.6281020828012,
        "hits_at_1": 0.0013679890560875513,
        "hits_at_10": 0.00786593707250342,