{
  "losses": [
    0.038617746736009165,
    0.033566348636352834,
    0.0312234644151795,
    0.029337170743096344,
    0.027740906089835815
  ],
  "metrics": {
    "both": {
      "optimistic": {
        "adjusted_arithmetic_mean_rank": 0.685622737188115,
        "adjusted_arithmetic_mean_rank_index": 0.3144198276027439,
        "adjusted_hits_at_k": 0.05589327218864882,
        "adjusted_inverse_harmonic_mean_rank": 0.03358499005785345,
        "arithmetic_mean_rank": 5064.593963196831,
        "count": 118142.0,
        "geometric_mean_rank": 1813.7212167611826,
        "harmonic_mean_rank": 29.19541337015125,
        "hits_at_1": 0.021254084068324557,
        "hits_at_10": 0.056533662880262736,
        "hits_at_3": 0.0366423456518427,
        "hits_at_5": 0.043506966193225104,
        "inverse_arithmetic_mean_rank": 0.00019744919479562547,
        "inverse_geometric_mean_rank": 0.0005513526504286753,
        "inverse_harmonic_mean_rank": 0.034251955515121356,
        "inverse_median_rank": 0.00024274790629930817,
        "median_absolute_deviation": 5186.883861441848,
        "median_rank": 4119.5,
        "standard_deviation": 4367.964777631248,
        "variance": 19079116.298627198,
        "z_arithmetic_mean_rank": 187.02235054142858,
        "z_hits_at_k": 737.3993917186157,
        "z_inverse_harmonic_mean_rank": 1094.4633203991789
      },
      "pessimistic": {
        "adjusted_arithmetic_mean_rank": 0.6856238337880042,
        "adjusted_arithmetic_mean_rank_index": 0.31441873085438155,
        "adjusted_hits_at_k": 0.05589327218864882,
        "adjusted_inverse_harmonic_mean_rank": 0.03358498142594515,
        "arithmetic_mean_rank": 5064.6020636183575,
        "count": 118142.0,
        "geometric_mean_rank": 1813.7260518976943,
        "harmonic_mean_rank": 29.195420722673642,
        "hits_at_1": 0.021254084068324557,
        "hits_at_10": 0.056533662880262736,
        "hits_at_3": 0.0366423456518427,
        "hits_at_5": 0.043506966193225104,
        "inverse_arithmetic_mean_rank": 0.00019744887899160224,
        "inverse_geometric_mean_rank": 0.0005513511806006778,
        "inverse_harmonic_mean_rank": 0.03425194688917031,
        "inverse_median_rank": 0.00024274790629930817,
        "median_absolute_deviation": 5186.883861441848,
        "median_rank": 4119.5,
        "standard_deviation": 4367.967432633831,
        "variance": 19079139.49254978,
        "z_arithmetic_mean_rank": 187.02169817653726,
        "z_hits_at_k": 737.3993917186157,
        "z_inverse_harmonic_mean_rank": 1094.4630391036653
      },
      "realistic": {
        "adjusted_arithmetic_mean_rank": 0.6856233032390106,
        "adjusted_arithmetic_mean_rank_index": 0.31441926147520827,
        "adjusted_hits_at_k": 0.05589327218864882,
        "adjusted_inverse_harmonic_mean_rank": 0.033584985710982486,
        "arithmetic_mean_rank": 5064.59814453125,
        "count": 118142.0,
        "geometric_mean_rank": 1813.7232666015625,
        "harmonic_mean_rank": 29.195417225218765,
        "hits_at_1": 0.021254084068324557,
        "hits_at_10": 0.056533662880262736,
        "hits_at_3": 0.0366423456518427,
        "hits_at_5": 0.043506966193225104,
        "inverse_arithmetic_mean_rank": 0.0001974490296561271,
        "inverse_geometric_mean_rank": 0.0005513520445674658,
        "inverse_harmonic_mean_rank": 0.03425195117125036,
        "inverse_median_rank": 0.0002427479048492387,
        "median_absolute_deviation": 5186.883861441848,
        "median_rank": 4119.5,
        "standard_deviation": 4367.96630859375,
        "variance": 19079128.0,
        "z_arithmetic_mean_rank": 187.0220137989807,
        "z_hits_at_k": 737.3993917186157,
        "z_inverse_harmonic_mean_rank": 1094.4631787439089
      }
    },
    "head": {
      "optimistic": {
        "adjusted_arithmetic_mean_rank": 0.731205300619267,
        "adjusted_arithmetic_mean_rank_index": 0.26883119189486704,
        "adjusted_hits_at_k": 0.03951850043829517,
        "adjusted_inverse_harmonic_mean_rank": 0.025005942011049314,
        "arithmetic_mean_rank": 5386.605914915948,
        "count": 59071.0,
        "geometric_mean_rank": 2308.3841018965627,
        "harmonic_mean_rank": 38.93978400157192,
        "hits_at_1": 0.016996495742411674,
        "hits_at_10": 0.04017199641109851,
        "hits_at_3": 0.02659511435391309,
        "hits_at_5": 0.03113202756005485,
        "inverse_arithmetic_mean_rank": 0.00018564565810001414,
        "inverse_geometric_mean_rank": 0.0004332034686854768,
        "inverse_harmonic_mean_rank": 0.025680676604668173,
        "inverse_median_rank": 0.000216076058772688,
        "median_absolute_deviation": 5303.268135594538,
        "median_rank": 4628.0,
        "standard_deviation": 4339.978304404924,
        "variance": 18835411.68270544,
        "z_arithmetic_mean_rank": 113.05384036036361,
        "z_hits_at_k": 368.0978734234637,
        "z_inverse_harmonic_mean_rank": 575.3352390168044
      },
      "pessimistic": {
        "adjusted_arithmetic_mean_rank": 0.731206507068656,
        "adjusted_arithmetic_mean_rank_index": 0.2688299852816862,
        "adjusted_hits_at_k": 0.03951850043829517,
        "adjusted_inverse_harmonic_mean_rank": 0.025005932334410102,
        "arithmetic_mean_rank": 5386.614802525774,
        "count": 59071.0,
        "geometric_mean_rank": 2308.390778038668,
        "harmonic_mean_rank": 38.93979866417694,
        "hits_at_1": 0.016996495742411674,
        "hits_at_10": 0.04017199641109851,
        "hits_at_3": 0.02659511435391309,
        "hits_at_5": 0.03113202756005485,
        "inverse_arithmetic_mean_rank": 0.00018564535179517601,
        "inverse_geometric_mean_rank": 0.0004332022158092545,
        "inverse_harmonic_mean_rank": 0.02568066693472558,
        "inverse_median_rank": 0.000216076058772688,
        "median_absolute_deviation": 5303.268135594538,
        "median_rank": 4628.0,
        "standard_deviation": 4339.980567193157,
        "variance": 18835431.323614236,
        "z_arithmetic_mean_rank": 113.05333293318245,
        "z_hits_at_k": 368.0978734234637,
        "z_inverse_harmonic_mean_rank": 575.3350163772601
      },
      "realistic": {
        "adjusted_arithmetic_mean_rank": 0.7312059028722491,
        "adjusted_arithmetic_mean_rank_index": 0.26883058956012096,
        "adjusted_hits_at_k": 0.03951850043829517,
        "adjusted_inverse_harmonic_mean_rank": 0.02500593713381818,
        "arithmetic_mean_rank": 5386.6103515625,
        "count": 59071.0,
        "geometric_mean_rank": 2308.387939453125,
        "harmonic_mean_rank": 38.93978953297726,
        "hits_at_1": 0.016996495742411674,
        "hits_at_10": 0.04017199641109851,
        "hits_at_3": 0.02659511435391309,
        "hits_at_5": 0.03113202756005485,
        "inverse_arithmetic_mean_rank": 0.00018564550555311143,
        "inverse_geometric_mean_rank": 0.00043320274562574923,
        "inverse_harmonic_mean_rank": 0.025680671730812277,
        "inverse_median_rank": 0.0002160760632250458,
        "median_absolute_deviation": 5303.268135594538,
        "median_rank": 4628.0,
        "standard_deviation": 4339.9794921875,
        "variance": 18835422.0,
        "z_arithmetic_mean_rank": 113.05358705547087,
        "z_hits_at_k": 368.0978734234637,
        "z_inverse_harmonic_mean_rank": 575.3351268017581
      }
    },
    "tail": {
      "optimistic": {
        "adjusted_arithmetic_mean_rank": 0.6402876073228272,
        "adjusted_arithmetic_mean_rank_index": 0.35976096336838814,
        "adjusted_hits_at_k": 0.07226797575958617,
        "adjusted_inverse_harmonic_mean_rank": 0.04216400555455868,
        "arithmetic_mean_rank": 4742.582011477713,
        "count": 59071.0,
        "geometric_mean_rank": 1425.059481837078,
        "harmonic_mean_rank": 23.35180920857272,
        "hits_at_1": 0.025511672394237444,
        "hits_at_10": 0.07289532934942695,
        "hits_at_3": 0.046689576949772306,
        "hits_at_5": 0.05588190482639536,