{
  "losses": [
    0.004478471603307385,
    0.0036625902134173917,
    0.0031688402850889408,
    0.0027868693412893444,
    0.002493769001652959
  ],
  "metrics": {
    "both": {
      "optimistic": {
        "adjusted_arithmetic_mean_rank": 0.596269284526057,
        "adjusted_arithmetic_mean_rank_index": 0.40375044600459786,
        "adjusted_hits_at_k": 0.037064709405434396,
        "adjusted_inverse_harmonic_mean_rank": 0.015425145151990078,
        "arithmetic_mean_rank": 12201.5973,
        "count": 10000.0,
        "geometric_mean_rank": 3947.2342081152287,
        "harmonic_mean_rank": 63.71653149146111,
        "hits_at_1": 0.0041,
        "hits_at_10": 0.0373,
        "hits_at_3": 0.0165,
        "hits_at_5": 0.0244,
        "inverse_arithmetic_mean_rank": 8.19564828614693e-05,
        "inverse_geometric_mean_rank": 0.0002533419471142787,
        "inverse_harmonic_mean_rank": 0.01569451407024586,
        "inverse_median_rank": 0.00011169440411035407,
        "median_absolute_deviation": 11985.356334399286,
        "median_rank": 8953.0,
        "standard_deviation": 11471.701157837608,
        "variance": 131599927.45473272,
        "z_arithmetic_mean_rank": 69.92983230462272,
        "z_hits_at_k": 237.0848494749732,
        "z_inverse_harmonic_mean_rank": 243.46718862459554
      },
      "pessimistic": {
        "adjusted_arithmetic_mean_rank": 0.5962695093194706,
        "adjusted_arithmetic_mean_rank_index": 0.40375022120019854,
        "adjusted_hits_at_k": 0.037064709405434396,
        "adjusted_inverse_harmonic_mean_rank": 0.015425145101858308,
        "arithmetic_mean_rank": 12201.6019,
        "count": 10000.0,
        "geometric_mean_rank": 3947.2356013178296,
        "harmonic_mean_rank": 63.71653169493022,
        "hits_at_1": 0.0041,
        "hits_at_10": 0.0373,
        "hits_at_3": 0.0165,
        "hits_at_5": 0.0244,
        "inverse_arithmetic_mean_rank": 8.195645196390157e-05,
        "inverse_geometric_mean_rank": 0.0002533418576955829,
        "inverse_harmonic_mean_rank": 0.015694514020127805,
        "inverse_median_rank": 0.00011169440411035407,
        "median_absolute_deviation": 11985.356334399286,
        "median_rank": 8953.0,
        "standard_deviation": 11471.704064428108,
        "variance": 131599994.14181638,
        "z_arithmetic_mean_rank": 69.92979336835873,
        "z_hits_at_k": 237.0848494749732,
        "z_inverse_harmonic_mean_rank": 243.4671878333264
      },
      "realistic": {
        "adjusted_arithmetic_mean_rank": 0.5962693973809026,
        "adjusted_arithmetic_mean_rank_index": 0.40375033314423703,
        "adjusted_hits_at_k": 0.037064709405434396,
        "adjusted_inverse_harmonic_mean_rank": 0.015425145126921166,
        "arithmetic_mean_rank": 12201.599609375,
        "count": 10000.0,
        "geometric_mean_rank": 3947.233642578125,
        "harmonic_mean_rank": 63.71652988749175,
        "hits_at_1": 0.0041,
        "hits_at_10": 0.0373,
        "hits_at_3": 0.0165,
        "hits_at_5": 0.0244,
        "inverse_arithmetic_mean_rank": 8.195646660169587e-05,
        "inverse_geometric_mean_rank": 0.0002533419756218791,
        "inverse_harmonic_mean_rank": 0.015694514045183804,
        "inverse_median_rank": 0.00011169440404046327,
        "median_absolute_deviation": 11985.356334399286,
        "median_rank": 8953.0,
        "standard_deviation": 11471.7021484375,
        "variance": 131599960.0,
        "z_arithmetic_mean_rank": 69.92981275713693,
        "z_hits_at_k": 237.0848494749732,
        "z_inverse_harmonic_mean_rank": 243.46718822891316
      }
    },
    "head": {
      "optimistic": {
        "adjusted_arithmetic_mean_rank": 0.6025079727031526,
        "adjusted_arithmetic_mean_rank_index": 0.397511453389935,
        "adjusted_hits_at_k": 0.03636453282044146,
        "adjusted_inverse_harmonic_mean_rank": 0.014021001105085272,
        "arithmetic_mean_rank": 12328.9752,
        "count": 5000.0,
        "geometric_mean_rank": 4126.3291122784585,
        "harmonic_mean_rank": 69.97528513726976,
        "hits_at_1": 0.003,
        "hits_at_10": 0.0366,
        "hits_at_3": 0.0144,
        "hits_at_5": 0.022,
        "inverse_arithmetic_mean_rank": 8.11097421949555e-05,
        "inverse_geometric_mean_rank": 0.00024234615630255055,
        "inverse_harmonic_mean_rank": 0.014290759916709316,
        "inverse_median_rank": 0.00011035700491088672,
        "median_absolute_deviation": 12044.66042313951,
        "median_rank": 9061.5,
        "standard_deviation": 11473.727300846267,
        "variance": 131646418.17418496,
        "z_arithmetic_mean_rank": 48.68375672934111,
        "z_hits_at_k": 164.4754733329006,
        "z_inverse_harmonic_mean_rank": 156.48407298857802
      },
      "pessimistic": {
        "adjusted_arithmetic_mean_rank": 0.6025082268233375,
        "adjusted_arithmetic_mean_rank_index": 0.3975111992573307,
        "adjusted_hits_at_k": 0.03636453282044146,
        "adjusted_inverse_harmonic_mean_rank": 0.014021001033309185,
        "arithmetic_mean_rank": 12328.9804,
        "count": 5000.0,
        "geometric_mean_rank": 4126.33083194677,
        "harmonic_mean_rank": 69.97528548862813,
        "hits_at_1": 0.003,
        "hits_at_10": 0.0366,
        "hits_at_3": 0.0144,
        "hits_at_5": 0.022,
        "inverse_arithmetic_mean_rank": 8.110970798526048e-05,
        "inverse_geometric_mean_rank": 0.000242346055303619,
        "inverse_harmonic_mean_rank": 0.014290759844952868,
        "inverse_median_rank": 0.00011035700491088672,
        "median_absolute_deviation": 12044.66042313951,
        "median_rank": 9061.5,
        "standard_deviation": 11473.7308259875,
        "variance": 131646499.06721582,
        "z_arithmetic_mean_rank": 48.68372560538286,
        "z_hits_at_k": 164.4754733329006,
        "z_inverse_harmonic_mean_rank": 156.48407218750725
      },
      "realistic": {
        "adjusted_arithmetic_mean_rank": 0.6025080870114209,
        "adjusted_arithmetic_mean_rank_index": 0.3975113390760803,
        "adjusted_hits_at_k": 0.03636453282044146,
        "adjusted_inverse_harmonic_mean_rank": 0.014021001069192063,
        "arithmetic_mean_rank": 12328.9775390625,
        "count": 5000.0,
        "geometric_mean_rank": 4126.33056640625,
        "harmonic_mean_rank": 69.97528079642154,
        "hits_at_1": 0.003,
        "hits_at_10": 0.0366,
        "hits_at_3": 0.0144,
        "hits_at_5": 0.022,
        "inverse_arithmetic_mean_rank": 8.110972703434527e-05,
        "inverse_geometric_mean_rank": 0.00024234606826212257,
        "inverse_harmonic_mean_rank": 0.014290759880825928,
        "inverse_median_rank": 0.0001103570029954426,
        "median_absolute_deviation": 12044.66042313951,
        "median_rank": 9061.5,
        "standard_deviation": 11473.7294921875,
        "variance": 131646464.0,
        "z_arithmetic_mean_rank": 48.683742729171186,
        "z_hits_at_k": 164.4754733329006,
        "z_inverse_harmonic_mean_rank": 156.48407258798497
      }
    },
    "tail": {
      "optimistic": {
        "adjusted_arithmetic_mean_rank": 0.5900308856058019,
        "adjusted_arithmetic_mean_rank_index": 0.40998914933416863,
        "adjusted_hits_at_k": 0.03776488598243459,
        "adjusted_inverse_harmonic_mean_rank": 0.016829289182556138,
        "arithmetic_mean_rank": 12074.2194,
        "count": 5000.0,
        "geometric_mean_rank": 3775.912553206831,
        "harmonic_mean_rank": 58.48545518832573,
        "hits_at_1": 0.0052,
        "hits_at_10": 0.038,
        "hits_at_3": 0.0186,
        "hits_at_5": 0.0268,
        "inverse_arithmetic_mean_rank": 8.282108903868353e-05,
        "inverse_geometric_mean_rank": 0.0002648366417147859,
        "inverse_harmonic_mean_rank": 0.017098268223782413,
        "inverse_median_rank": 0.00011267605633802817,
        "median_absolute_deviation": 11961.634698903197,
        "median_rank": 8875.0,
        "standard_deviation": 11468.259958531791,
        "variance": 131520986.47646362,