{
  "losses": [
    0.00629558999520504,
    0.005996476387571496,
    0.005775562846809344,
    0.005573130315875932,
    0.0054310510201602494
  ],
  "metrics": {
    "both": {
      "optimistic": {
        "adjusted_arithmetic_mean_rank": 0.948802150747234,
        "adjusted_arithmetic_mean_rank_index": 0.05120502517776149,
        "adjusted_hits_at_k": 0.0004716904572104511,
        "adjusted_inverse_harmonic_mean_rank": 0.00032750514360668293,
        "arithmetic_mean_rank": 6770.338046775614,
        "count": 40876.0,
        "geometric_mean_rank": 4738.385571789443,
        "harmonic_mean_rank": 961.6156853712986,
        "hits_at_1": 0.00014678539974557198,
        "hits_at_10": 0.0011742831979645759,
        "hits_at_3": 0.0003914277326548586,
        "hits_at_5": 0.0006605342988550739,
        "inverse_arithmetic_mean_rank": 0.00014770311217713152,
        "inverse_geometric_mean_rank": 0.00021104234445453788,
        "inverse_harmonic_mean_rank": 0.0010399164814100142,
        "inverse_median_rank": 0.00015076134479119553,
        "median_absolute_deviation": 5296.596425611263,
        "median_rank": 6633.0,
        "standard_deviation": 4166.817822927988,
        "variance": 17362370.76947034,
        "z_arithmetic_mean_rank": 17.908112740115257,
        "z_hits_at_k": 3.5957121478413656,
        "z_inverse_harmonic_mean_rank": 6.167120029921174
      },
      "pessimistic": {
        "adjusted_arithmetic_mean_rank": 0.9488038203989086,
        "adjusted_arithmetic_mean_rank_index": 0.05120335529206732,
        "adjusted_hits_at_k": 0.0004716904572104511,
        "adjusted_inverse_harmonic_mean_rank": 0.0003275041272765357,
        "arithmetic_mean_rank": 6770.3499608572265,
        "count": 40876.0,
        "geometric_mean_rank": 4738.39669939512,
        "harmonic_mean_rank": 961.616624507759,
        "hits_at_1": 0.00014678539974557198,
        "hits_at_10": 0.0011742831979645759,
        "hits_at_3": 0.0003914277326548586,
        "hits_at_5": 0.0006605342988550739,
        "inverse_arithmetic_mean_rank": 0.00014770285225749026,
        "inverse_geometric_mean_rank": 0.00021104184884470628,
        "inverse_harmonic_mean_rank": 0.0010399154658041494,
        "inverse_median_rank": 0.00015076134479119553,
        "median_absolute_deviation": 5296.596425611263,
        "median_rank": 6633.0,
        "standard_deviation": 4166.819516552299,
        "variance": 17362384.88352114,
        "z_arithmetic_mean_rank": 17.90752872514463,
        "z_hits_at_k": 3.5957121478413656,
        "z_inverse_harmonic_mean_rank": 6.167100891809513
      },
      "realistic": {
        "adjusted_arithmetic_mean_rank": 0.9488029500029765,
        "adjusted_arithmetic_mean_rank_index": 0.05120422580999462,
        "adjusted_hits_at_k": 0.0004716904572104511,
        "adjusted_inverse_harmonic_mean_rank": 0.000327504635134217,
        "arithmetic_mean_rank": 6770.34375,
        "count": 40876.0,
        "geometric_mean_rank": 4738.38818359375,
        "harmonic_mean_rank": 961.6161284897561,
        "hits_at_1": 0.00014678539974557198,
        "hits_at_10": 0.0011742831979645759,
        "hits_at_3": 0.0003914277326548586,
        "hits_at_5": 0.0006605342988550739,
        "inverse_arithmetic_mean_rank": 0.00014770298730582,
        "inverse_geometric_mean_rank": 0.00021104222105350345,
        "inverse_harmonic_mean_rank": 0.0010399159732999085,
        "inverse_median_rank": 0.00015076134877745062,
        "median_absolute_deviation": 5296.596425611263,
        "median_rank": 6633.0,
        "standard_deviation": 4166.81884765625,
        "variance": 17362378.0,
        "z_arithmetic_mean_rank": 17.90783317442731,
        "z_hits_at_k": 3.5957121478413656,
        "z_inverse_harmonic_mean_rank": 6.16711045507696
      }
    },
    "head": {
      "optimistic": {
        "adjusted_arithmetic_mean_rank": 0.9754310949337636,
        "adjusted_arithmetic_mean_rank_index": 0.024572397131068624,
        "adjusted_hits_at_k": 6.82447497741736e-05,
        "adjusted_inverse_harmonic_mean_rank": 0.000123487588625063,
        "arithmetic_mean_rank": 6863.75579802329,
        "count": 20438.0,
        "geometric_mean_rank": 4989.246896709227,
        "harmonic_mean_rank": 1181.1213732617991,
        "hits_at_1": 0.00014678539974557198,
        "hits_at_10": 0.0007828554653097172,
        "hits_at_3": 0.0003914277326548586,
        "hits_at_5": 0.0005871415989822879,
        "inverse_arithmetic_mean_rank": 0.000145692829032174,
        "inverse_geometric_mean_rank": 0.00020043105115915853,
        "inverse_harmonic_mean_rank": 0.0008466530389153723,
        "inverse_median_rank": 0.0001485663348685188,
        "median_absolute_deviation": 5204.675088063916,
        "median_rank": 6731.0,
        "standard_deviation": 4107.871604112257,
        "variance": 16874609.115871806,
        "z_arithmetic_mean_rank": 6.070271857934642,
        "z_hits_at_k": 0.364825105447272,
        "z_inverse_harmonic_mean_rank": 1.63075169696039
      },
      "pessimistic": {
        "adjusted_arithmetic_mean_rank": 0.9754327220262328,
        "adjusted_arithmetic_mean_rank_index": 0.02457076980733508,
        "adjusted_hits_at_k": 6.82447497741736e-05,
        "adjusted_inverse_harmonic_mean_rank": 0.0001234869334234348,
        "arithmetic_mean_rank": 6863.76724728447,
        "count": 20438.0,
        "geometric_mean_rank": 4989.257177530884,
        "harmonic_mean_rank": 1181.122286638947,
        "hits_at_1": 0.00014678539974557198,
        "hits_at_10": 0.0007828554653097172,
        "hits_at_3": 0.0003914277326548586,
        "hits_at_5": 0.0005871415989822879,
        "inverse_arithmetic_mean_rank": 0.0001456925860059769,
        "inverse_geometric_mean_rank": 0.00020043063815260902,
        "inverse_harmonic_mean_rank": 0.0008466523841876217,
        "inverse_median_rank": 0.0001485663348685188,
        "median_absolute_deviation": 5204.675088063916,
        "median_rank": 6731.0,
        "standard_deviation": 4107.873714924148,
        "variance": 16874626.45776472,
        "z_arithmetic_mean_rank": 6.069869850047041,
        "z_hits_at_k": 0.364825105447272,
        "z_inverse_harmonic_mean_rank": 1.630743044502447
      },
      "realistic": {
        "adjusted_arithmetic_mean_rank": 0.9754318669566006,
        "adjusted_arithmetic_mean_rank_index": 0.024571624998501296,
        "adjusted_hits_at_k": 6.82447497741736e-05,
        "adjusted_inverse_harmonic_mean_rank": 0.00012348726092708357,
        "arithmetic_mean_rank": 6863.76123046875,
        "count": 20438.0,
        "geometric_mean_rank": 4989.2529296875,
        "harmonic_mean_rank": 1181.1218161462336,
        "hits_at_1": 0.00014678539974557198,
        "hits_at_10": 0.0007828554653097172,
        "hits_at_3": 0.0003914277326548586,
        "hits_at_5": 0.0005871415989822879,
        "inverse_arithmetic_mean_rank": 0.00014569271297659725,
        "inverse_geometric_mean_rank": 0.00020043080439791083,
        "inverse_harmonic_mean_rank": 0.0008466527114544019,
        "inverse_median_rank": 0.00014856633788440377,
        "median_absolute_deviation": 5204.675088063916,
        "median_rank": 6731.0,
        "standard_deviation": 4107.87255859375,
        "variance": 16874618.0,
        "z_arithmetic_mean_rank": 6.070081113231595,
        "z_hits_at_k": 0.364825105447272,
        "z_inverse_harmonic_mean_rank": 1.6307473694482741
      }
    },
    "tail": {
      "optimistic": {
        "adjusted_arithmetic_mean_rank": 0.9229022158891286,
        "adjusted_arithmetic_mean_rank_index": 0.07710844225101199,
        "adjusted_hits_at_k": 0.0008751266890782155,
        "adjusted_inverse_harmonic_mean_rank": 0.0005315183662818469,
        "arithmetic_mean_rank": 6676.920295527938,
        "count": 20438.0,
        "geometric_mean_rank": 4500.13765439255,
        "harmonic_mean_rank": 810.9116768895075,
        "hits_at_1": 0.00014678539974557198,
        "hits_at_10": 0.0015657109306194345,