{
  "losses": [
    0.0001750188616934491,
    3.981787474154627e-06,
    3.557281189895917e-06,
    3.3347453562454225e-06,
    3.199828891147623e-06
  ],
  "metrics": {
    "both": {
      "optimistic": {
        "adjusted_arithmetic_mean_rank": 0.7015087458919147,
        "adjusted_arithmetic_mean_rank_index": 0.29850597874848384,
        "adjusted_hits_at_k": 0.037724355282247504,
        "adjusted_inverse_harmonic_mean_rank": 0.020728818694365003,
        "arithmetic_mean_rank": 14221.369699042407,
        "count": 5848.0,
        "geometric_mean_rank": 4766.871536494683,
        "harmonic_mean_rank": 47.621246158623535,
        "hits_at_1": 0.011969904240766074,
        "hits_at_10": 0.03796169630642955,
        "hits_at_3": 0.02222982216142271,
        "hits_at_5": 0.027701778385772913,
        "inverse_arithmetic_mean_rank": 7.031671499738417e-05,
        "inverse_geometric_mean_rank": 0.0002097811934607639,
        "inverse_harmonic_mean_rank": 0.020999030488808704,
        "inverse_median_rank": 9.231053263177328e-05,
        "median_absolute_deviation": 14625.870885557762,
        "median_rank": 10833.0,
        "standard_deviation": 12747.902335092624,
        "variance": 162509013.94505996,
        "z_arithmetic_mean_rank": 39.53722336009449,
        "z_hits_at_k": 183.66875591315986,
        "z_inverse_harmonic_mean_rank": 249.0339912312517
      },
      "pessimistic": {
        "adjusted_arithmetic_mean_rank": 0.7015092266860429,
        "adjusted_arithmetic_mean_rank_index": 0.29850549793063796,
        "adjusted_hits_at_k": 0.037724355282247504,
        "adjusted_inverse_harmonic_mean_rank": 0.0207288182389401,
        "arithmetic_mean_rank": 14221.379445964432,
        "count": 5848.0,
        "geometric_mean_rank": 4766.876381520779,
        "harmonic_mean_rank": 47.62124719114347,
        "hits_at_1": 0.011969904240766074,
        "hits_at_10": 0.03796169630642955,
        "hits_at_3": 0.02222982216142271,
        "hits_at_5": 0.027701778385772913,
        "inverse_arithmetic_mean_rank": 7.031666680434208e-05,
        "inverse_geometric_mean_rank": 0.00020978098024034963,
        "inverse_harmonic_mean_rank": 0.020999030033509468,
        "inverse_median_rank": 9.231053263177328e-05,
        "median_absolute_deviation": 14625.870885557762,
        "median_rank": 10833.0,
        "standard_deviation": 12747.90679032108,
        "variance": 162509127.5347143,
        "z_arithmetic_mean_rank": 39.537159675599284,
        "z_hits_at_k": 183.66875591315986,
        "z_inverse_harmonic_mean_rank": 249.0339857598217
      },
      "realistic": {
        "adjusted_arithmetic_mean_rank": 0.7015089110330996,
        "adjusted_arithmetic_mean_rank_index": 0.2985058135991524,
        "adjusted_hits_at_k": 0.037724355282247504,
        "adjusted_inverse_harmonic_mean_rank": 0.02072881846653769,
        "arithmetic_mean_rank": 14221.373046875,
        "count": 5848.0,
        "geometric_mean_rank": 4766.87451171875,
        "harmonic_mean_rank": 47.621243309185644,
        "hits_at_1": 0.011969904240766074,
        "hits_at_10": 0.03796169630642955,
        "hits_at_3": 0.02222982216142271,
        "hits_at_5": 0.027701778385772913,
        "inverse_arithmetic_mean_rank": 7.031669520074502e-05,
        "inverse_geometric_mean_rank": 0.0002097810647683218,
        "inverse_harmonic_mean_rank": 0.020999030261044258,
        "inverse_median_rank": 9.231053263647482e-05,
        "median_absolute_deviation": 14625.870885557762,
        "median_rank": 10833.0,
        "standard_deviation": 12747.904296875,
        "variance": 162509072.0,
        "z_arithmetic_mean_rank": 39.53720148600662,
        "z_hits_at_k": 183.66875591315986,
        "z_inverse_harmonic_mean_rank": 249.03398849415677
      }
    },
    "head": {
      "optimistic": {
        "adjusted_arithmetic_mean_rank": 0.8128474155111893,
        "adjusted_arithmetic_mean_rank_index": 0.18716181881646976,
        "adjusted_hits_at_k": 0.024725199409302102,
        "adjusted_inverse_harmonic_mean_rank": 0.01546072167844193,
        "arithmetic_mean_rank": 16474.83242134063,
        "count": 2924.0,
        "geometric_mean_rank": 7222.092081377499,
        "harmonic_mean_rank": 63.56292193252177,
        "hits_at_1": 0.010601915184678522,
        "hits_at_10": 0.02496580027359781,
        "hits_at_3": 0.016415868673050615,
        "hits_at_5": 0.019493844049247606,
        "inverse_arithmetic_mean_rank": 6.069864472215527e-05,
        "inverse_geometric_mean_rank": 0.00013846403351440873,
        "inverse_harmonic_mean_rank": 0.015732442272896097,
        "inverse_median_rank": 6.789327177676693e-05,
        "median_absolute_deviation": 16837.91339556812,
        "median_rank": 14729.0,
        "standard_deviation": 12874.96661470027,
        "variance": 165764765.32964653,
        "z_arithmetic_mean_rank": 17.528919271821408,
        "z_hits_at_k": 85.11180878127107,
        "z_inverse_harmonic_mean_rank": 131.3259227117884
      },
      "pessimistic": {
        "adjusted_arithmetic_mean_rank": 0.8128478036065856,
        "adjusted_arithmetic_mean_rank_index": 0.18716143070192437,
        "adjusted_hits_at_k": 0.024725199409302102,
        "adjusted_inverse_harmonic_mean_rank": 0.015460721633633155,
        "arithmetic_mean_rank": 16474.8402872777,
        "count": 2924.0,
        "geometric_mean_rank": 7222.095610109252,
        "harmonic_mean_rank": 63.56292211351025,
        "hits_at_1": 0.010601915184678522,
        "hits_at_10": 0.02496580027359781,
        "hits_at_3": 0.016415868673050615,
        "hits_at_5": 0.019493844049247606,
        "inverse_arithmetic_mean_rank": 6.0698615741496806e-05,
        "inverse_geometric_mean_rank": 0.0001384639658605783,
        "inverse_harmonic_mean_rank": 0.015732442228099688,
        "inverse_median_rank": 6.789327177676693e-05,
        "median_absolute_deviation": 16837.91339556812,
        "median_rank": 14729.0,
        "standard_deviation": 12874.96983860059,
        "variance": 165764848.3448749,
        "z_arithmetic_mean_rank": 17.528882922374834,
        "z_hits_at_k": 85.11180878127107,
        "z_inverse_harmonic_mean_rank": 131.32592233117524
      },
      "realistic": {
        "adjusted_arithmetic_mean_rank": 0.8128476853587696,
        "adjusted_arithmetic_mean_rank_index": 0.1871615489555749,
        "adjusted_hits_at_k": 0.024725199409302102,
        "adjusted_inverse_harmonic_mean_rank": 0.015460721656036102,
        "arithmetic_mean_rank": 16474.837890625,
        "count": 2924.0,
        "geometric_mean_rank": 7222.09326171875,
        "harmonic_mean_rank": 63.56292443713892,
        "hits_at_1": 0.010601915184678522,
        "hits_at_10": 0.02496580027359781,
        "hits_at_3": 0.016415868673050615,
        "hits_at_5": 0.019493844049247606,
        "inverse_arithmetic_mean_rank": 6.069862502044998e-05,
        "inverse_geometric_mean_rank": 0.00013846400543116033,
        "inverse_harmonic_mean_rank": 0.015732442250496453,
        "inverse_median_rank": 6.78932701703161e-05,
        "median_absolute_deviation": 16837.91339556812,
        "median_rank": 14729.0,
        "standard_deviation": 12874.9677734375,
        "variance": 165764800.0,
        "z_arithmetic_mean_rank": 17.52889399759684,
        "z_hits_at_k": 85.11180878127107,
        "z_inverse_harmonic_mean_rank": 131.32592252146958
      }
    },
    "tail": {
      "optimistic": {
        "adjusted_arithmetic_mean_rank": 0.5902194668953142,
        "adjusted_arithmetic_mean_rank_index": 0.4098007431862519,
        "adjusted_hits_at_k": 0.050723509724511805,
        "adjusted_inverse_harmonic_mean_rank": 0.02599691511975857,
        "arithmetic_mean_rank": 11967.906976744185,
        "count": 2924.0,
        "geometric_mean_rank": 3146.3271292311133,
        "harmonic_mean_rank": 38.07258497285074,
        "hits_at_1": 0.013337893296853625,
        "hits_at_10": 0.05095759233926129,
        "hits_at_3": 0.0280437756497948,