{
  "evaluator_metadata": {
    "batch_size": 1024,
    "slice_size": null
  },
  "losses": [
    0.18607304607422293,
    0.14845974718735003,
    0.13420732638760424,
    0.12613810872870132,
    0.11995924184578269
  ],
  "metrics": {
    "both": {
      "optimistic": {
        "adjusted_arithmetic_mean_rank": 0.6805475312723067,
        "adjusted_arithmetic_mean_rank_index": 0.31946808053646936,
        "adjusted_geometric_mean_rank_index": 0.6303612792466775,
        "adjusted_hits_at_k": 0.020160578927561585,
        "adjusted_inverse_harmonic_mean_rank": 0.011663063971064072,
        "arithmetic_mean_rank": 13926.2027,
        "count": 10000.0,
        "geometric_mean_rank": 5566.894863075257,
        "harmonic_mean_rank": 83.79797808279572,
        "hits_at_1": 0.0065,
        "hits_at_10": 0.0204,
        "hits_at_3": 0.0118,
        "hits_at_5": 0.0149,
        "inverse_arithmetic_mean_rank": 7.180708349161111e-05,
        "inverse_geometric_mean_rank": 0.0001796333547868697,
        "inverse_harmonic_mean_rank": 0.01193346215360901,
        "inverse_median_rank": 8.941744534358654e-05,
        "median_absolute_deviation": 13907.550110691798,
        "median_rank": 11183.5,
        "standard_deviation": 11967.17692409587,
        "variance": 143213323.53261268,
        "z_arithmetic_mean_rank": 55.33207336281332,
        "z_geometric_mean_rank": 63.08711307648896,
        "z_hits_at_k": 128.95738013444262,
        "z_inverse_harmonic_mean_rank": 184.08730470957238
      },
      "pessimistic": {
        "adjusted_arithmetic_mean_rank": 0.680547995519574,
        "adjusted_arithmetic_mean_rank_index": 0.3194676162665141,
        "adjusted_geometric_mean_rank_index": 0.6303610204221396,
        "adjusted_hits_at_k": 0.020160578927561585,
        "adjusted_inverse_harmonic_mean_rank": 0.011663063881889167,
        "arithmetic_mean_rank": 13926.2122,
        "count": 10000.0,
        "geometric_mean_rank": 5566.898760367626,
        "harmonic_mean_rank": 83.79797870881961,
        "hits_at_1": 0.0065,
        "hits_at_10": 0.0204,
        "hits_at_3": 0.0118,
        "hits_at_5": 0.0149,
        "inverse_arithmetic_mean_rank": 7.180703450720074e-05,
        "inverse_geometric_mean_rank": 0.00017963322902857356,
        "inverse_harmonic_mean_rank": 0.011933462064458502,
        "inverse_median_rank": 8.941744534358654e-05,
        "median_absolute_deviation": 13907.550110691798,
        "median_rank": 11183.5,
        "standard_deviation": 11967.181705713803,
        "variance": 143213437.97757113,
        "z_arithmetic_mean_rank": 55.33199295096378,
        "z_geometric_mean_rank": 63.08708717310082,
        "z_hits_at_k": 128.95738013444262,
        "z_inverse_harmonic_mean_rank": 184.08730330205475
      },
      "realistic": {
        "adjusted_arithmetic_mean_rank": 0.680547790655196,
        "adjusted_arithmetic_mean_rank_index": 0.3194678211409039,
        "adjusted_geometric_mean_rank_index": 0.6303612364287918,
        "adjusted_hits_at_k": 0.020160578927561585,
        "adjusted_inverse_harmonic_mean_rank": 0.011663063578822358,
        "arithmetic_mean_rank": 13926.2080078125,
        "count": 10000.0,
        "geometric_mean_rank": 5566.8955078125,
        "harmonic_mean_rank": 83.79798083640323,
        "hits_at_1": 0.0065,
        "hits_at_10": 0.0204,
        "hits_at_3": 0.0118,
        "hits_at_5": 0.0149,
        "inverse_arithmetic_mean_rank": 7.180705870268866e-05,
        "inverse_geometric_mean_rank": 0.00017963333812076598,
        "inverse_harmonic_mean_rank": 0.011933461761474608,
        "inverse_median_rank": 8.941744454205036e-05,
        "median_absolute_deviation": 13907.550110691798,
        "median_rank": 11183.5,
        "standard_deviation": 11967.1796875,
        "variance": 143213392.0,
        "z_arithmetic_mean_rank": 55.332028435337506,
        "z_geometric_mean_rank": 63.08710879123718,
        "z_hits_at_k": 128.95738013444262,
        "z_inverse_harmonic_mean_rank": 184.08729851851314
      }
    },
    "head": {
      "optimistic": {
        "adjusted_arithmetic_mean_rank": 0.6931484301437246,
        "adjusted_arithmetic_mean_rank_index": 0.3068665662002288,
        "adjusted_geometric_mean_rank_index": 0.6209297388690878,
        "adjusted_hits_at_k": 0.020160573334964144,
        "adjusted_inverse_harmonic_mean_rank": 0.011987723703128655,
        "arithmetic_mean_rank": 14183.729,
        "count": 5000.0,
        "geometric_mean_rank": 5709.0639095025035,
        "harmonic_mean_rank": 81.57911845258644,
        "hits_at_1": 0.0062,
        "hits_at_10": 0.0204,
        "hits_at_3": 0.0128,
        "hits_at_5": 0.0162,
        "inverse_arithmetic_mean_rank": 7.05033210941918e-05,
        "inverse_geometric_mean_rank": 0.00017516006404054101,
        "inverse_harmonic_mean_rank": 0.012258038809051328,
        "inverse_median_rank": 8.567879021548216e-05,
        "median_absolute_deviation": 14252.996427603604,
        "median_rank": 11671.5,
        "standard_deviation": 12023.017353042413,
        "variance": 144552946.27155897,
        "z_arithmetic_mean_rank": 37.582356759430326,
        "z_geometric_mean_rank": 43.94512738951765,
        "z_hits_at_k": 91.18554769571841,
        "z_inverse_harmonic_mean_rank": 133.79129042696715
      },
      "pessimistic": {
        "adjusted_arithmetic_mean_rank": 0.6931488504194151,
        "adjusted_arithmetic_mean_rank_index": 0.30686614590399874,
        "adjusted_geometric_mean_rank_index": 0.6209294933217391,
        "adjusted_hits_at_k": 0.020160573334964144,
        "adjusted_inverse_harmonic_mean_rank": 0.011987723620118795,
        "arithmetic_mean_rank": 14183.7376,
        "count": 5000.0,
        "geometric_mean_rank": 5709.067606969973,
        "harmonic_mean_rank": 81.57911900487858,
        "hits_at_1": 0.0062,
        "hits_at_10": 0.0204,
        "hits_at_3": 0.0128,
        "hits_at_5": 0.0162,
        "inverse_arithmetic_mean_rank": 7.050327834604047e-05,
        "inverse_geometric_mean_rank": 0.00017515995059843746,
        "inverse_harmonic_mean_rank": 0.012258038726064182,
        "inverse_median_rank": 8.567879021548216e-05,
        "median_absolute_deviation": 14252.996427603604,
        "median_rank": 11671.5,
        "standard_deviation": 12023.021595936118,
        "variance": 144553048.29634625,
        "z_arithmetic_mean_rank": 37.58230528519168,
        "z_geometric_mean_rank": 43.945110011368655,
        "z_hits_at_k": 91.18554769571841,
        "z_inverse_harmonic_mean_rank": 133.79128950051972
      },
      "realistic": {
        "adjusted_arithmetic_mean_rank": 0.6931486928160312,
        "adjusted_arithmetic_mean_rank_index": 0.30686630351508504,
        "adjusted_geometric_mean_rank_index": 0.6209295406345121,
        "adjusted_hits_at_k": 0.020160573334964144,
        "adjusted_inverse_harmonic_mean_rank": 0.01198772322402437,
        "arithmetic_mean_rank": 14183.734375,
        "count": 5000.0,
        "geometric_mean_rank": 5709.06689453125,
        "harmonic_mean_rank": 81.57912164022632,
        "hits_at_1": 0.0062,
        "hits_at_10": 0.0204,
        "hits_at_3": 0.0128,
        "hits_at_5": 0.0162,
        "inverse_arithmetic_mean_rank": 7.050329440971836e-05,
        "inverse_geometric_mean_rank": 0.00017515997751615942,
        "inverse_harmonic_mean_rank": 0.012258038330078125,
        "inverse_median_rank": 8.567878830945119e-05,
        "median_absolute_deviation": 14252.996427603604,
        "median_rank": 11671.5,
        "standard_deviation": 12023.01953125,
        "variance": 144552992.0,
        "z_arithmetic_mean_rank": 37.58232458803117,
        "z_geometric_mean_rank": 43.94511335984065,
        "z_hits_at_k": 91.18554769571841,
        "z_inverse_harmonic_mean_rank": 133.79128507983188
      }
    },
    "tail": {
      "optimistic": {
        "adjusted_arithmetic_mean_rank": 0.6679472166416922,
        "adjusted_arithmetic_mean_rank_index": 0.3320690105748175,