{
  "evaluator_metadata": {
    "batch_size": 4096,
    "slice_size": null
  },
  "losses": [
    0.00019061330150767425,
    4.929431331911384e-06,
    3.852578089436065e-06,
    3.58928681582103e-06,
    3.4748540160042394e-06
  ],
  "metrics": {
    "both": {
      "optimistic": {
        "adjusted_arithmetic_mean_rank": 0.7533475301717399,
        "adjusted_arithmetic_mean_rank_index": 0.24666463724982302,
        "adjusted_geometric_mean_rank_index": 0.6438260194484903,
        "adjusted_hits_at_k": 0.04046100837778324,
        "adjusted_inverse_harmonic_mean_rank": 0.022035505980316127,
        "arithmetic_mean_rank": 15272.273939808481,
        "count": 5848.0,
        "geometric_mean_rank": 5314.362994937839,
        "harmonic_mean_rank": 44.83227908893811,
        "hits_at_1": 0.013508891928864569,
        "hits_at_10": 0.040697674418604654,
        "hits_at_3": 0.022058823529411766,
        "hits_at_5": 0.028214774281805747,
        "inverse_arithmetic_mean_rank": 6.547813403172497e-05,
        "inverse_geometric_mean_rank": 0.0001881693066417449,
        "inverse_harmonic_mean_rank": 0.022305357218538983,
        "inverse_median_rank": 7.543184732594101e-05,
        "median_absolute_deviation": 16475.417153143502,
        "median_rank": 13257.0,
        "standard_deviation": 12660.061963371547,
        "variance": 160277168.91640705,
        "z_arithmetic_mean_rank": 32.67081918717673,
        "z_geometric_mean_rank": 49.27749924271126,
        "z_hits_at_k": 196.99271243043611,
        "z_inverse_harmonic_mean_rank": 264.73240390539024
      },
      "pessimistic": {
        "adjusted_arithmetic_mean_rank": 0.7533477747862963,
        "adjusted_arithmetic_mean_rank_index": 0.24666439262319972,
        "adjusted_geometric_mean_rank_index": 0.6438258452392241,
        "adjusted_hits_at_k": 0.04046100837778324,
        "adjusted_inverse_harmonic_mean_rank": 0.022035505777574325,
        "arithmetic_mean_rank": 15272.278898768809,
        "count": 5848.0,
        "geometric_mean_rank": 5314.365593771889,
        "harmonic_mean_rank": 44.83227949632316,
        "hits_at_1": 0.013508891928864569,
        "hits_at_10": 0.040697674418604654,
        "hits_at_3": 0.022058823529411766,
        "hits_at_5": 0.028214774281805747,
        "inverse_arithmetic_mean_rank": 6.54781127707546e-05,
        "inverse_geometric_mean_rank": 0.0001881692146230848,
        "inverse_harmonic_mean_rank": 0.022305357015853126,
        "inverse_median_rank": 7.543184732594101e-05,
        "median_absolute_deviation": 16475.417153143502,
        "median_rank": 13257.0,
        "standard_deviation": 12660.064268633454,
        "variance": 160277227.28592953,
        "z_arithmetic_mean_rank": 32.67078678629322,
        "z_geometric_mean_rank": 49.27748590898953,
        "z_hits_at_k": 196.99271243043611,
        "z_inverse_harmonic_mean_rank": 264.7324014696702
      },
      "realistic": {
        "adjusted_arithmetic_mean_rank": 0.7533476499089838,
        "adjusted_arithmetic_mean_rank_index": 0.2466645175066725,
        "adjusted_geometric_mean_rank_index": 0.6438258365996382,
        "adjusted_hits_at_k": 0.04046100837778324,
        "adjusted_inverse_harmonic_mean_rank": 0.022035505581874164,
        "arithmetic_mean_rank": 15272.2763671875,
        "count": 5848.0,
        "geometric_mean_rank": 5314.36572265625,
        "harmonic_mean_rank": 44.8322798895589,
        "hits_at_1": 0.013508891928864569,
        "hits_at_10": 0.040697674418604654,
        "hits_at_3": 0.022058823529411766,
        "hits_at_5": 0.028214774281805747,
        "inverse_arithmetic_mean_rank": 6.547812517965212e-05,
        "inverse_geometric_mean_rank": 0.00018816921510733664,
        "inverse_harmonic_mean_rank": 0.022305356820206963,
        "inverse_median_rank": 7.543184619862586e-05,
        "median_absolute_deviation": 16475.417153143502,
        "median_rank": 13257.0,
        "standard_deviation": 12660.0625,
        "variance": 160277184.0,
        "z_arithmetic_mean_rank": 32.67080332715375,
        "z_geometric_mean_rank": 49.2774852477283,
        "z_hits_at_k": 196.99271243043611,
        "z_inverse_harmonic_mean_rank": 264.7323991185477
      }
    },
    "head": {
      "optimistic": {
        "adjusted_arithmetic_mean_rank": 0.8759271251000791,
        "adjusted_arithmetic_mean_rank_index": 0.12407899680084766,
        "adjusted_geometric_mean_rank_index": 0.40379021336988474,
        "adjusted_hits_at_k": 0.026093526032368673,
        "adjusted_inverse_harmonic_mean_rank": 0.015624904836206868,
        "arithmetic_mean_rank": 17753.335157318743,
        "count": 2924.0,
        "geometric_mean_rank": 8893.970565775853,
        "harmonic_mean_rank": 62.906612149750195,
        "hits_at_1": 0.01094391244870041,
        "hits_at_10": 0.026333789329685362,
        "hits_at_3": 0.01744186046511628,
        "hits_at_5": 0.02051983584131327,
        "inverse_arithmetic_mean_rank": 5.6327444456978774e-05,
        "inverse_geometric_mean_rank": 0.00011243572177403158,
        "inverse_harmonic_mean_rank": 0.015896580118151715,
        "inverse_median_rank": 5.901619994688542e-05,
        "median_absolute_deviation": 16516.93001526166,
        "median_rank": 16944.5,
        "standard_deviation": 12453.794421336042,
        "variance": 155096995.48890075,
        "z_arithmetic_mean_rank": 11.62080349509435,
        "z_geometric_mean_rank": 21.856266425692148,
        "z_hits_at_k": 89.82201361985973,
        "z_inverse_harmonic_mean_rank": 132.72052156271272
      },
      "pessimistic": {
        "adjusted_arithmetic_mean_rank": 0.8759273444583465,
        "adjusted_arithmetic_mean_rank_index": 0.12407877743175677,
        "adjusted_geometric_mean_rank_index": 0.40379006269602624,
        "adjusted_hits_at_k": 0.026093526032368673,
        "adjusted_inverse_harmonic_mean_rank": 0.015624904816403959,
        "arithmetic_mean_rank": 17753.339603283173,
        "count": 2924.0,
        "geometric_mean_rank": 8893.972813203216,
        "harmonic_mean_rank": 62.906612228093465,
        "hits_at_1": 0.01094391244870041,
        "hits_at_10": 0.026333789329685362,
        "hits_at_3": 0.01744186046511628,
        "hits_at_5": 0.02051983584131327,
        "inverse_arithmetic_mean_rank": 5.6327430350910836e-05,
        "inverse_geometric_mean_rank": 0.00011243569336253055,
        "inverse_harmonic_mean_rank": 0.01589658009835427,
        "inverse_median_rank": 5.901619994688542e-05,
        "median_absolute_deviation": 16516.93001526166,
        "median_rank": 16944.5,
        "standard_deviation": 12453.796314877382,
        "variance": 155097042.65245345,
        "z_arithmetic_mean_rank": 11.620782949754982,
        "z_geometric_mean_rank": 21.856258270051214,
        "z_hits_at_k": 89.82201361985973,
        "z_inverse_harmonic_mean_rank": 132.72052139450352
      },
      "realistic": {
        "adjusted_arithmetic_mean_rank": 0.8759272599579563,
        "adjusted_arithmetic_mean_rank_index": 0.12407886193631645,
        "adjusted_geometric_mean_rank_index": 0.40379000774711216,
        "adjusted_hits_at_k": 0.026093526032368673,
        "adjusted_inverse_harmonic_mean_rank": 0.015624902722154796,
        "arithmetic_mean_rank": 17753.337890625,
        "count": 2924.0,
        "geometric_mean_rank": 8893.9736328125,
        "harmonic_mean_rank": 62.90662051325779,
        "hits_at_1": 0.01094391244870041,
        "hits_at_10": 0.026333789329685362,
        "hits_at_3": 0.01744186046511628,
        "hits_at_5": 0.02051983584131327,
        "inverse_arithmetic_mean_rank": 5.632743705064058e-05,
        "inverse_geometric_mean_rank": 0.00011243568587815389,
        "inverse_harmonic_mean_rank": 0.015896578004683092,
        "inverse_median_rank": 5.901620170334354e-05,
        "median_absolute_deviation": 16516.93001526166,
        "median_rank": 16944.5,
        "standard_deviation": 12453.7958984375,
        "variance": 155097024.0,