{
  "evaluator_metadata": {
    "batch_size": 256,
    "slice_size": null
  },
  "losses": [
    0.00029434056921607014,
    0.00026399555195481854,
    0.00024915793555821663,
    0.0002383932134910319,
    0.00023161682828993547
  ],
  "metrics": {
    "both": {
      "optimistic": {
        "adjusted_arithmetic_mean_rank": 0.094754230917993,
        "adjusted_arithmetic_mean_rank_index": 0.9053683339153923,
        "adjusted_geometric_mean_rank_index": 0.9882856801373995,
        "adjusted_hits_at_k": 0.28365521929977294,
        "adjusted_inverse_harmonic_mean_rank": 0.1615919542527177,
        "arithmetic_mean_rank": 699.9355182746186,
        "count": 118142.0,
        "geometric_mean_rank": 64.6158947427477,
        "harmonic_mean_rank": 6.166346705456983,
        "hits_at_1": 0.09879636369792284,
        "hits_at_10": 0.28414111831524774,
        "hits_at_3": 0.1777352677286655,
        "hits_at_5": 0.2195747490308273,
        "inverse_arithmetic_mean_rank": 0.0014287030360526033,
        "inverse_geometric_mean_rank": 0.015476068295289483,
        "inverse_harmonic_mean_rank": 0.16217057648007982,
        "inverse_median_rank": 0.013888888888888888,
        "median_absolute_deviation": 105.26475751389773,
        "median_rank": 72.0,
        "standard_deviation": 1722.2560768708345,
        "variance": 2966165.9943185174,
        "z_arithmetic_mean_rank": 538.5287410327303,
        "z_geometric_mean_rank": 340.28085731372414,
        "z_hits_at_k": 3742.2605258015683,
        "z_inverse_harmonic_mean_rank": 5265.937744705862
      },
      "pessimistic": {
        "adjusted_arithmetic_mean_rank": 0.09475424810607905,
        "adjusted_arithmetic_mean_rank_index": 0.9053683167249791,
        "adjusted_geometric_mean_rank_index": 0.9882856765779632,
        "adjusted_hits_at_k": 0.28365521929977294,
        "adjusted_inverse_harmonic_mean_rank": 0.16159195298409093,
        "arithmetic_mean_rank": 699.9356452404734,
        "count": 118142.0,
        "geometric_mean_rank": 64.61591407265558,
        "harmonic_mean_rank": 6.166346753661744,
        "hits_at_1": 0.09879636369792284,
        "hits_at_10": 0.28414111831524774,
        "hits_at_3": 0.1777352677286655,
        "hits_at_5": 0.2195747490308273,
        "inverse_arithmetic_mean_rank": 0.0014287027768909168,
        "inverse_geometric_mean_rank": 0.015476063665609954,
        "inverse_harmonic_mean_rank": 0.16217057521232858,
        "inverse_median_rank": 0.013888888888888888,
        "median_absolute_deviation": 105.26475751389773,
        "median_rank": 72.0,
        "standard_deviation": 1722.2561085189475,
        "variance": 2966166.1033308282,
        "z_arithmetic_mean_rank": 538.5287308075752,
        "z_geometric_mean_rank": 340.28085608815945,
        "z_hits_at_k": 3742.2605258015683,
        "z_inverse_harmonic_mean_rank": 5265.937703364017
      },
      "realistic": {
        "adjusted_arithmetic_mean_rank": 0.09475423478978842,
        "adjusted_arithmetic_mean_rank_index": 0.9053683300430727,
        "adjusted_geometric_mean_rank_index": 0.9882856809181254,
        "adjusted_hits_at_k": 0.28365521929977294,
        "adjusted_inverse_harmonic_mean_rank": 0.1615919542822823,
        "arithmetic_mean_rank": 699.935546875,
        "count": 118142.0,
        "geometric_mean_rank": 64.61589050292969,
        "harmonic_mean_rank": 6.1663467043336,
        "hits_at_1": 0.09879636369792284,
        "hits_at_10": 0.28414111831524774,
        "hits_at_3": 0.1777352677286655,
        "hits_at_5": 0.2195747490308273,
        "inverse_arithmetic_mean_rank": 0.0014287029625847936,
        "inverse_geometric_mean_rank": 0.015476069413125515,
        "inverse_harmonic_mean_rank": 0.16217057650962402,
        "inverse_median_rank": 0.013888888992369175,
        "median_absolute_deviation": 105.26475751389773,
        "median_rank": 72.0,
        "standard_deviation": 1722.256103515625,
        "variance": 2966166.0,
        "z_arithmetic_mean_rank": 538.5287387294077,
        "z_geometric_mean_rank": 340.2808575825392,
        "z_hits_at_k": 3742.2605258015683,
        "z_inverse_harmonic_mean_rank": 5265.937745669309
      }
    },
    "head": {
      "optimistic": {
        "adjusted_arithmetic_mean_rank": 0.09877014319497167,
        "adjusted_arithmetic_mean_rank_index": 0.9013522109413388,
        "adjusted_geometric_mean_rank_index": 0.9865650476892843,
        "adjusted_hits_at_k": 0.26121629197880863,
        "adjusted_inverse_harmonic_mean_rank": 0.14501653728384634,
        "arithmetic_mean_rank": 727.6148533121159,
        "count": 59071.0,
        "geometric_mean_rank": 73.75009958894451,
        "harmonic_mean_rank": 6.867744152780259,
        "hits_at_1": 0.08549034213065633,
        "hits_at_10": 0.2617189483841479,
        "hits_at_3": 0.15826717001574375,
        "hits_at_5": 0.19796516056948418,
        "inverse_arithmetic_mean_rank": 0.0013743534720985725,
        "inverse_geometric_mean_rank": 0.013559303723976323,
        "inverse_harmonic_mean_rank": 0.1456082197813341,
        "inverse_median_rank": 0.011627906976744186,
        "median_absolute_deviation": 126.02118857297617,
        "median_rank": 86.0,
        "standard_deviation": 1733.651730374744,
        "variance": 3005548.3222313435,
        "z_arithmetic_mean_rank": 379.0532201489248,
        "z_geometric_mean_rank": 240.17935705842558,
        "z_hits_at_k": 2433.117666777289,
        "z_inverse_harmonic_mean_rank": 3336.531937198153
      },
      "pessimistic": {
        "adjusted_arithmetic_mean_rank": 0.09877016157896236,
        "adjusted_arithmetic_mean_rank_index": 0.9013521925548522,
        "adjusted_geometric_mean_rank_index": 0.9865650431569083,
        "adjusted_hits_at_k": 0.26121629197880863,
        "adjusted_inverse_harmonic_mean_rank": 0.14501653567957498,
        "arithmetic_mean_rank": 727.6149887423609,
        "count": 59071.0,
        "geometric_mean_rank": 73.7501241317043,
        "harmonic_mean_rank": 6.8677442283948125,
        "hits_at_1": 0.08549034213065633,
        "hits_at_10": 0.2617189483841479,
        "hits_at_3": 0.15826717001574375,
        "hits_at_5": 0.19796516056948418,
        "inverse_arithmetic_mean_rank": 0.001374353216291545,
        "inverse_geometric_mean_rank": 0.013559299211675658,
        "inverse_harmonic_mean_rank": 0.14560821817817296,
        "inverse_median_rank": 0.011627906976744186,
        "median_absolute_deviation": 126.02118857297617,
        "median_rank": 86.0,
        "standard_deviation": 1733.6517922746639,
        "variance": 3005548.536857154,
        "z_arithmetic_mean_rank": 379.0532124167011,
        "z_geometric_mean_rank": 240.1793559550182,
        "z_hits_at_k": 2433.117666777289,
        "z_inverse_harmonic_mean_rank": 3336.5319002871724
      },
      "realistic": {
        "adjusted_arithmetic_mean_rank": 0.09877015349627322,
        "adjusted_arithmetic_mean_rank_index": 0.9013522006386387,
        "adjusted_geometric_mean_rank_index": 0.9865650505822927,
        "adjusted_hits_at_k": 0.26121629197880863,
        "adjusted_inverse_harmonic_mean_rank": 0.14501652890756012,
        "arithmetic_mean_rank": 727.6149291992188,
        "count": 59071.0,
        "geometric_mean_rank": 73.75008392333984,
        "harmonic_mean_rank": 6.867744547582034,
        "hits_at_1": 0.08549034213065633,
        "hits_at_10": 0.2617189483841479,
        "hits_at_3": 0.15826717001574375,
        "hits_at_5": 0.19796516056948418,
        "inverse_arithmetic_mean_rank": 0.0013743533054366708,
        "inverse_geometric_mean_rank": 0.013559306971728802,
        "inverse_harmonic_mean_rank": 0.1456082114108446,
        "inverse_median_rank": 0.011627906933426857,
        "median_absolute_deviation": 126.02118857297617,
        "median_rank": 86.0,
        "standard_deviation": 1733.6517333984375,
        "variance": 3005548.25,
        "z_arithmetic_mean_rank": 379.0532158162438,
        "z_geometric_mean_rank": 240.17935776272876,