{
  "losses": [
    0.06581889594586139,
    0.06439249604551456,
    0.06347951248280359,
    0.06278877398983285,
    0.06220475568033866
  ],
  "metrics": {
    "both": {
      "optimistic": {
        "adjusted_arithmetic_mean_rank": 0.9305804659508103,
        "adjusted_arithmetic_mean_rank_index": 0.06942292661802851,
        "adjusted_hits_at_k": -0.00014438253402528848,
        "adjusted_inverse_harmonic_mean_rank": 0.00018213703543287622,
        "arithmetic_mean_rank": 19042.6849,
        "count": 10000.0,
        "geometric_mean_rank": 12709.213673151666,
        "harmonic_mean_rank": 2194.5404157572866,
        "hits_at_1": 0.0,
        "hits_at_10": 0.0001,
        "hits_at_3": 0.0001,
        "hits_at_5": 0.0001,
        "inverse_arithmetic_mean_rank": 5.2513603268203e-05,
        "inverse_geometric_mean_rank": 7.868307400579073e-05,
        "inverse_harmonic_mean_rank": 0.0004556762740935543,
        "inverse_median_rank": 5.388221348132981e-05,
        "median_absolute_deviation": 15599.940543115943,
        "median_rank": 18559.0,
        "standard_deviation": 12069.146736336086,
        "variance": 145664302.943212,
        "z_arithmetic_mean_rank": 12.024094745989629,
        "z_hits_at_k": -0.9235445763722028,
        "z_inverse_harmonic_mean_rank": 2.874811972549873
      },
      "pessimistic": {
        "adjusted_arithmetic_mean_rank": 0.9305812576145713,
        "adjusted_arithmetic_mean_rank_index": 0.06942213491557847,
        "adjusted_hits_at_k": -0.00014438253402528848,
        "adjusted_inverse_harmonic_mean_rank": 0.00018213673413773629,
        "arithmetic_mean_rank": 19042.7011,
        "count": 10000.0,
        "geometric_mean_rank": 12709.230306238696,
        "harmonic_mean_rank": 2194.5418664009517,
        "hits_at_1": 0.0,
        "hits_at_10": 0.0001,
        "hits_at_3": 0.0001,
        "hits_at_5": 0.0001,
        "inverse_arithmetic_mean_rank": 5.251355859384886e-05,
        "inverse_geometric_mean_rank": 7.868297103004899e-05,
        "inverse_harmonic_mean_rank": 0.0004556759728808454,
        "inverse_median_rank": 5.388221348132981e-05,
        "median_absolute_deviation": 15599.940543115943,
        "median_rank": 18559.0,
        "standard_deviation": 12069.149000246818,
        "variance": 145664357.5901588,
        "z_arithmetic_mean_rank": 12.023957622625176,
        "z_hits_at_k": -0.9235445763722028,
        "z_inverse_harmonic_mean_rank": 2.87480721697189
      },
      "realistic": {
        "adjusted_arithmetic_mean_rank": 0.9305809747902494,
        "adjusted_arithmetic_mean_rank_index": 0.06942241775372227,
        "adjusted_hits_at_k": -0.00014438253402528848,
        "adjusted_inverse_harmonic_mean_rank": 0.00018213688474468513,
        "arithmetic_mean_rank": 19042.6953125,
        "count": 10000.0,
        "geometric_mean_rank": 12709.228515625,
        "harmonic_mean_rank": 2194.541126665028,
        "hits_at_1": 0.0,
        "hits_at_10": 0.0001,
        "hits_at_3": 0.0001,
        "hits_at_5": 0.0001,
        "inverse_arithmetic_mean_rank": 5.251357288216241e-05,
        "inverse_geometric_mean_rank": 7.868298416724429e-05,
        "inverse_harmonic_mean_rank": 0.00045567612344658983,
        "inverse_median_rank": 5.388221325119957e-05,
        "median_absolute_deviation": 15599.940543115943,
        "median_rank": 18559.0,
        "standard_deviation": 12069.1474609375,
        "variance": 145664320.0,
        "z_arithmetic_mean_rank": 12.024006610370321,
        "z_hits_at_k": -0.9235445763722028,
        "z_inverse_harmonic_mean_rank": 2.874809594119726
      }
    },
    "head": {
      "optimistic": {
        "adjusted_arithmetic_mean_rank": 0.9428129206391556,
        "adjusted_arithmetic_mean_rank_index": 0.05718987418803789,
        "adjusted_hits_at_k": -4.436380124831586e-05,
        "adjusted_inverse_harmonic_mean_rank": 0.0002227443657399582,
        "arithmetic_mean_rank": 19292.5532,
        "count": 5000.0,
        "geometric_mean_rank": 12902.47875932424,
        "harmonic_mean_rank": 2014.9983994265895,
        "hits_at_1": 0.0,
        "hits_at_10": 0.0002,
        "hits_at_3": 0.0002,
        "hits_at_5": 0.0002,
        "inverse_arithmetic_mean_rank": 5.1833471165444296e-05,
        "inverse_geometric_mean_rank": 7.750448721160107e-05,
        "inverse_harmonic_mean_rank": 0.000496278309841125,
        "inverse_median_rank": 5.309405612041732e-05,
        "median_absolute_deviation": 15824.554779219543,
        "median_rank": 18834.5,
        "standard_deviation": 12126.543824106264,
        "variance": 147053065.11796975,
        "z_arithmetic_mean_rank": 7.0041200036088185,
        "z_hits_at_k": -0.20065587657052963,
        "z_inverse_harmonic_mean_rank": 2.4859812309410803
      },
      "pessimistic": {
        "adjusted_arithmetic_mean_rank": 0.9428137709643899,
        "adjusted_arithmetic_mean_rank_index": 0.0571890238212468,
        "adjusted_hits_at_k": -4.436380124831586e-05,
        "adjusted_inverse_harmonic_mean_rank": 0.0002227442098313817,
        "arithmetic_mean_rank": 19292.5706,
        "count": 5000.0,
        "geometric_mean_rank": 12902.494552544491,
        "harmonic_mean_rank": 2014.9990322764907,
        "hits_at_1": 0.0,
        "hits_at_10": 0.0002,
        "hits_at_3": 0.0002,
        "hits_at_5": 0.0002,
        "inverse_arithmetic_mean_rank": 5.1833424416754504e-05,
        "inverse_geometric_mean_rank": 7.750439234270328e-05,
        "inverse_harmonic_mean_rank": 0.0004962781539752044,
        "inverse_median_rank": 5.309405612041732e-05,
        "median_absolute_deviation": 15824.554779219543,
        "median_rank": 18834.5,
        "standard_deviation": 12126.546118389013,
        "variance": 147053120.76141563,
        "z_arithmetic_mean_rank": 7.004015858056192,
        "z_hits_at_k": -0.20065587657052963,
        "z_inverse_harmonic_mean_rank": 2.4859794908934996
      },
      "realistic": {
        "adjusted_arithmetic_mean_rank": 0.9428133751233326,
        "adjusted_arithmetic_mean_rank_index": 0.05718941968164948,
        "adjusted_hits_at_k": -4.436380124831586e-05,
        "adjusted_inverse_harmonic_mean_rank": 0.00022274428777780813,
        "arithmetic_mean_rank": 19292.5625,
        "count": 5000.0,
        "geometric_mean_rank": 12902.4775390625,
        "harmonic_mean_rank": 2014.9986899134094,
        "hits_at_1": 0.0,
        "hits_at_10": 0.0002,
        "hits_at_3": 0.0002,
        "hits_at_5": 0.0002,
        "inverse_arithmetic_mean_rank": 5.1833445468219e-05,
        "inverse_geometric_mean_rank": 7.7504497312475e-05,
        "inverse_harmonic_mean_rank": 0.000496278231900305,
        "inverse_median_rank": 5.3094056056579575e-05,
        "median_absolute_deviation": 15824.554779219543,
        "median_rank": 18834.5,
        "standard_deviation": 12126.5458984375,
        "variance": 147053104.0,
        "z_arithmetic_mean_rank": 7.004064339606558,
        "z_hits_at_k": -0.20065587657052963,
        "z_inverse_harmonic_mean_rank": 2.4859803608295463
      }
    },
    "tail": {
      "optimistic": {
        "adjusted_arithmetic_mean_rank": 0.9183485784203501,
        "adjusted_arithmetic_mean_rank_index": 0.08165541183470171,
        "adjusted_hits_at_k": -0.00024440126566051376,
        "adjusted_inverse_harmonic_mean_rank": 0.00014152970559830536,
        "arithmetic_mean_rank": 18792.8166,
        "count": 5000.0,
        "geometric_mean_rank": 12518.843487581595,
        "harmonic_mean_rank": 2409.2075769020707,
        "hits_at_1": 0.0,
        "hits_at_10": 0.0,
        "hits_at_3": 0.0,
        "hits_at_5": 0.0,
        "inverse_arithmetic_mean_rank": 5.321182137221517e-05,
        "inverse_geometric_mean_rank": 7.987958320526789e-05,
        "inverse_harmonic_mean_rank": 0.0004150742383459837,
        "inverse_median_rank": 5.4580683895969216e-05,
        "median_absolute_deviation": 15256.718129531897,
        "median_rank": 18321.5,
        "standard_deviation": 12006.276376702497,