{
  "evaluator_metadata": {
    "batch_size": 1024,
    "slice_size": null
  },
  "losses": [
    0.0044969535855334955,
    0.0036679787342402833,
    0.0031641818598498335,
    0.0027769141778763067,
    0.002474804447551882
  ],
  "metrics": {
    "both": {
      "optimistic": {
        "adjusted_arithmetic_mean_rank": 0.5926951523251482,
        "adjusted_arithmetic_mean_rank_index": 0.40732475287521164,
        "adjusted_geometric_mean_rank_index": 0.7386937354137952,
        "adjusted_hits_at_k": 0.03866510045659395,
        "adjusted_inverse_harmonic_mean_rank": 0.015044241141624008,
        "arithmetic_mean_rank": 12128.459,
        "count": 10000.0,
        "geometric_mean_rank": 3935.6613709344965,
        "harmonic_mean_rank": 65.30094412759377,
        "hits_at_1": 0.003,
        "hits_at_10": 0.0389,
        "hits_at_3": 0.0171,
        "hits_at_5": 0.0254,
        "inverse_arithmetic_mean_rank": 8.245070540288754e-05,
        "inverse_geometric_mean_rank": 0.0002540869007138581,
        "inverse_harmonic_mean_rank": 0.015313714271053502,
        "inverse_median_rank": 0.00011371389583807141,
        "median_absolute_deviation": 11788.170239338042,
        "median_rank": 8794.0,
        "standard_deviation": 11405.352572828207,
        "variance": 130082067.310519,
        "z_arithmetic_mean_rank": 70.5489045125688,
        "z_geometric_mean_rank": 73.92912088546521,
        "z_hits_at_k": 247.3217696492246,
        "z_inverse_harmonic_mean_rank": 237.45508127481824
      },
      "pessimistic": {
        "adjusted_arithmetic_mean_rank": 0.5926953868921885,
        "adjusted_arithmetic_mean_rank_index": 0.407324518296708,
        "adjusted_geometric_mean_rank_index": 0.7386935859087462,
        "adjusted_hits_at_k": 0.03866510045659395,
        "adjusted_inverse_harmonic_mean_rank": 0.015044240820136027,
        "arithmetic_mean_rank": 12128.4638,
        "count": 10000.0,
        "geometric_mean_rank": 3935.6636221309673,
        "harmonic_mean_rank": 65.30094549811206,
        "hits_at_1": 0.003,
        "hits_at_10": 0.0389,
        "hits_at_3": 0.0171,
        "hits_at_5": 0.0254,
        "inverse_arithmetic_mean_rank": 8.245067277193011e-05,
        "inverse_geometric_mean_rank": 0.0002540867553763524,
        "inverse_harmonic_mean_rank": 0.015313713949653477,
        "inverse_median_rank": 0.00011371389583807141,
        "median_absolute_deviation": 11788.170239338042,
        "median_rank": 8794.0,
        "standard_deviation": 11405.35493635729,
        "variance": 130082121.22428958,
        "z_arithmetic_mean_rank": 70.54886388342378,
        "z_geometric_mean_rank": 73.92910592286799,
        "z_hits_at_k": 247.3217696492246,
        "z_inverse_harmonic_mean_rank": 237.45507620052078
      },
      "realistic": {
        "adjusted_arithmetic_mean_rank": 0.5926952470071567,
        "adjusted_arithmetic_mean_rank_index": 0.4073246581885761,
        "adjusted_geometric_mean_rank_index": 0.7386937998689465,
        "adjusted_hits_at_k": 0.03866510045659395,
        "adjusted_inverse_harmonic_mean_rank": 0.015044241470269793,
        "arithmetic_mean_rank": 12128.4609375,
        "count": 10000.0,
        "geometric_mean_rank": 3935.660400390625,
        "harmonic_mean_rank": 65.30094272656147,
        "hits_at_1": 0.003,
        "hits_at_10": 0.0389,
        "hits_at_3": 0.0171,
        "hits_at_5": 0.0254,
        "inverse_arithmetic_mean_rank": 8.245069329859689e-05,
        "inverse_geometric_mean_rank": 0.00025408697547391057,
        "inverse_harmonic_mean_rank": 0.015313714599609373,
        "inverse_median_rank": 0.00011371389700798318,
        "median_absolute_deviation": 11788.170239338042,
        "median_rank": 8794.0,
        "standard_deviation": 11405.353515625,
        "variance": 130082088.0,
        "z_arithmetic_mean_rank": 70.5488881127837,
        "z_geometric_mean_rank": 73.92912733619363,
        "z_hits_at_k": 247.3217696492246,
        "z_inverse_harmonic_mean_rank": 237.45508646209296
      }
    },
    "head": {
      "optimistic": {
        "adjusted_arithmetic_mean_rank": 0.6001467270400189,
        "adjusted_arithmetic_mean_rank_index": 0.39987281445105116,
        "adjusted_geometric_mean_rank_index": 0.7263469317031201,
        "adjusted_hits_at_k": 0.03576438617283119,
        "adjusted_inverse_harmonic_mean_rank": 0.014352630823535656,
        "arithmetic_mean_rank": 12280.6576,
        "count": 5000.0,
        "geometric_mean_rank": 4121.685168522348,
        "harmonic_mean_rank": 68.38869911196008,
        "hits_at_1": 0.003,
        "hits_at_10": 0.036,
        "hits_at_3": 0.0158,
        "hits_at_5": 0.0242,
        "inverse_arithmetic_mean_rank": 8.142886420023631e-05,
        "inverse_geometric_mean_rank": 0.00024261921013207972,
        "inverse_harmonic_mean_rank": 0.014622298902964747,
        "inverse_median_rank": 0.00011096316023080337,
        "median_absolute_deviation": 11939.395665625612,
        "median_rank": 9012.0,
        "standard_deviation": 11401.945645159087,
        "variance": 130004364.49516225,
        "z_arithmetic_mean_rank": 48.97295576114048,
        "z_geometric_mean_rank": 51.40582974945663,
        "z_hits_at_k": 161.76103164263458,
        "z_inverse_harmonic_mean_rank": 160.18529008985547
      },
      "pessimistic": {
        "adjusted_arithmetic_mean_rank": 0.6001469225170842,
        "adjusted_arithmetic_mean_rank_index": 0.3998726189644326,
        "adjusted_geometric_mean_rank_index": 0.7263468231408228,
        "adjusted_hits_at_k": 0.03576438617283119,
        "adjusted_inverse_harmonic_mean_rank": 0.014352630727401386,
        "arithmetic_mean_rank": 12280.6616,
        "count": 5000.0,
        "geometric_mean_rank": 4121.686803260271,
        "harmonic_mean_rank": 68.38869956145841,
        "hits_at_1": 0.003,
        "hits_at_10": 0.036,
        "hits_at_3": 0.0158,
        "hits_at_5": 0.0242,
        "inverse_arithmetic_mean_rank": 8.142883767760525e-05,
        "inverse_geometric_mean_rank": 0.0002426191139047722,
        "inverse_harmonic_mean_rank": 0.014622298806856778,
        "inverse_median_rank": 0.00011096316023080337,
        "median_absolute_deviation": 11939.395665625612,
        "median_rank": 9012.0,
        "standard_deviation": 11401.947519572499,
        "variance": 130004407.23908545,
        "z_arithmetic_mean_rank": 48.97293181963414,
        "z_geometric_mean_rank": 51.405822066165456,
        "z_hits_at_k": 161.76103164263458,
        "z_inverse_harmonic_mean_rank": 160.18528901693048
      },
      "realistic": {
        "adjusted_arithmetic_mean_rank": 0.6001468519620811,
        "adjusted_arithmetic_mean_rank_index": 0.399872689522884,
        "adjusted_geometric_mean_rank_index": 0.7263468741503063,
        "adjusted_hits_at_k": 0.03576438617283119,
        "adjusted_inverse_harmonic_mean_rank": 0.014352631114986586,
        "arithmetic_mean_rank": 12280.66015625,
        "count": 5000.0,
        "geometric_mean_rank": 4121.68603515625,
        "harmonic_mean_rank": 68.38869774921292,
        "hits_at_1": 0.003,
        "hits_at_10": 0.036,
        "hits_at_3": 0.0158,
        "hits_at_5": 0.0242,
        "inverse_arithmetic_mean_rank": 8.142885053530335e-05,
        "inverse_geometric_mean_rank": 0.00024261916405521333,
        "inverse_harmonic_mean_rank": 0.014622299194335936,
        "inverse_median_rank": 0.00011096316302428022,
        "median_absolute_deviation": 11939.395665625612,
        "median_rank": 9012.0,
        "standard_deviation": 11401.947265625,
        "variance": 130004392.0,
        "z_arithmetic_mean_rank": 48.97294046102158,
        "z_geometric_mean_rank": 51.40582567626513,
        "z_hits_at_k": 161.76103164263458,
        "z_inverse_harmonic_mean_rank": 160.1852933426495
      }
    },
    "tail": {
      "optimistic": {
        "adjusted_arithmetic_mean_rank": 0.5852439231026143,
        "adjusted_arithmetic_mean_rank_index": 0.41477634577328704,