{
  "losses": [
    0.007010572051467946,
    0.0005912138870406634,
    0.0003330073621221427,
    0.00022124117972636016,
    0.00013660546551546888
  ],
  "metrics": {
    "both": {
      "optimistic": {
        "adjusted_arithmetic_mean_rank": 0.055875071158110745,
        "adjusted_arithmetic_mean_rank_index": 0.9441710687196261,
        "adjusted_hits_at_k": 0.32573524525833936,
        "adjusted_inverse_harmonic_mean_rank": 0.19689081522774649,
        "arithmetic_mean_rank": 1143.3846,
        "count": 10000.0,
        "geometric_mean_rank": 55.061474085931685,
        "harmonic_mean_rank": 5.073295495004501,
        "hits_at_1": 0.1307,
        "hits_at_10": 0.3259,
        "hits_at_3": 0.2176,
        "hits_at_5": 0.2635,
        "inverse_arithmetic_mean_rank": 0.0008745963519186807,
        "inverse_geometric_mean_rank": 0.018161518858709633,
        "inverse_harmonic_mean_rank": 0.19711053712220497,
        "inverse_median_rank": 0.01694915254237288,
        "median_absolute_deviation": 85.99092867332492,
        "median_rank": 59.0,
        "standard_deviation": 4199.387928648988,
        "variance": 17634858.97528284,
        "z_arithmetic_mean_rank": 163.5310255525711,
        "z_hits_at_k": 2083.5693259055724,
        "z_inverse_harmonic_mean_rank": 3107.6824741140026
      },
      "pessimistic": {
        "adjusted_arithmetic_mean_rank": 0.055875071158110745,
        "adjusted_arithmetic_mean_rank_index": 0.9441710687196261,
        "adjusted_hits_at_k": 0.32573524525833936,
        "adjusted_inverse_harmonic_mean_rank": 0.19689081522774649,
        "arithmetic_mean_rank": 1143.3846,
        "count": 10000.0,
        "geometric_mean_rank": 55.061474085931685,
        "harmonic_mean_rank": 5.073295495004501,
        "hits_at_1": 0.1307,
        "hits_at_10": 0.3259,
        "hits_at_3": 0.2176,
        "hits_at_5": 0.2635,
        "inverse_arithmetic_mean_rank": 0.0008745963519186807,
        "inverse_geometric_mean_rank": 0.018161518858709633,
        "inverse_harmonic_mean_rank": 0.19711053712220497,
        "inverse_median_rank": 0.01694915254237288,
        "median_absolute_deviation": 85.99092867332492,
        "median_rank": 59.0,
        "standard_deviation": 4199.387928648988,
        "variance": 17634858.97528284,
        "z_arithmetic_mean_rank": 163.5310255525711,
        "z_hits_at_k": 2083.5693259055724,
        "z_inverse_harmonic_mean_rank": 3107.6824741140026
      },
      "realistic": {
        "adjusted_arithmetic_mean_rank": 0.05587507328654702,
        "adjusted_arithmetic_mean_rank_index": 0.9441710665910859,
        "adjusted_hits_at_k": 0.32573524525833936,
        "adjusted_inverse_harmonic_mean_rank": 0.19689081522774649,
        "arithmetic_mean_rank": 1143.3846435546875,
        "count": 10000.0,
        "geometric_mean_rank": 55.06148910522461,
        "harmonic_mean_rank": 5.073295558172437,
        "hits_at_1": 0.1307,
        "hits_at_10": 0.3259,
        "hits_at_3": 0.2176,
        "hits_at_5": 0.2635,
        "inverse_arithmetic_mean_rank": 0.0008745962986722589,
        "inverse_geometric_mean_rank": 0.018161514773964882,
        "inverse_harmonic_mean_rank": 0.19711053712220497,
        "inverse_median_rank": 0.016949152573943138,
        "median_absolute_deviation": 85.99092867332492,
        "median_rank": 59.0,
        "standard_deviation": 4199.38818359375,
        "variance": 17634860.0,
        "z_arithmetic_mean_rank": 163.5310251839066,
        "z_hits_at_k": 2083.5693259055724,
        "z_inverse_harmonic_mean_rank": 3107.6824741140026
      }
    },
    "head": {
      "optimistic": {
        "adjusted_arithmetic_mean_rank": 0.05311946552504412,
        "adjusted_arithmetic_mean_rank_index": 0.9469268100934394,
        "adjusted_hits_at_k": 0.3108315996608721,
        "adjusted_inverse_harmonic_mean_rank": 0.18866876903099505,
        "arithmetic_mean_rank": 1086.9708,
        "count": 5000.0,
        "geometric_mean_rank": 58.671546702675336,
        "harmonic_mean_rank": 5.294065622093927,
        "hits_at_1": 0.1248,
        "hits_at_10": 0.311,
        "hits_at_3": 0.2076,
        "hits_at_5": 0.2522,
        "inverse_arithmetic_mean_rank": 0.000919987915038748,
        "inverse_geometric_mean_rank": 0.017044036781024584,
        "inverse_harmonic_mean_rank": 0.18889074510649465,
        "inverse_median_rank": 0.014925373134328358,
        "median_absolute_deviation": 97.85174642136973,
        "median_rank": 67.0,
        "standard_deviation": 3951.5450086197116,
        "variance": 15614707.955147358,
        "z_arithmetic_mean_rank": 115.97138666054661,
        "z_hits_at_k": 1405.8801396812214,
        "z_inverse_harmonic_mean_rank": 2105.673995917701
      },
      "pessimistic": {
        "adjusted_arithmetic_mean_rank": 0.05311946552504412,
        "adjusted_arithmetic_mean_rank_index": 0.9469268100934394,
        "adjusted_hits_at_k": 0.3108315996608721,
        "adjusted_inverse_harmonic_mean_rank": 0.18866876903099505,
        "arithmetic_mean_rank": 1086.9708,
        "count": 5000.0,
        "geometric_mean_rank": 58.671546702675336,
        "harmonic_mean_rank": 5.294065622093927,
        "hits_at_1": 0.1248,
        "hits_at_10": 0.311,
        "hits_at_3": 0.2076,
        "hits_at_5": 0.2522,
        "inverse_arithmetic_mean_rank": 0.000919987915038748,
        "inverse_geometric_mean_rank": 0.017044036781024584,
        "inverse_harmonic_mean_rank": 0.18889074510649465,
        "inverse_median_rank": 0.014925373134328358,
        "median_absolute_deviation": 97.85174642136973,
        "median_rank": 67.0,
        "standard_deviation": 3951.5450086197116,
        "variance": 15614707.955147358,
        "z_arithmetic_mean_rank": 115.97138666054661,
        "z_hits_at_k": 1405.8801396812214,
        "z_inverse_harmonic_mean_rank": 2105.673995917701
      },
      "realistic": {
        "adjusted_arithmetic_mean_rank": 0.05311946675632055,
        "adjusted_arithmetic_mean_rank_index": 0.9469268088621028,
        "adjusted_hits_at_k": 0.3108315996608721,
        "adjusted_inverse_harmonic_mean_rank": 0.18866876903099505,
        "arithmetic_mean_rank": 1086.9708251953125,
        "count": 5000.0,
        "geometric_mean_rank": 58.67153549194336,
        "harmonic_mean_rank": 5.294065567053748,
        "hits_at_1": 0.1248,
        "hits_at_10": 0.311,
        "hits_at_3": 0.2076,
        "hits_at_5": 0.2522,
        "inverse_arithmetic_mean_rank": 0.0009199879132211208,
        "inverse_geometric_mean_rank": 0.01704403944313526,
        "inverse_harmonic_mean_rank": 0.18889074510649465,
        "inverse_median_rank": 0.014925372786819935,
        "median_absolute_deviation": 97.85174642136973,
        "median_rank": 67.0,
        "standard_deviation": 3951.545166015625,
        "variance": 15614709.0,
        "z_arithmetic_mean_rank": 115.97138650974318,
        "z_hits_at_k": 1405.8801396812214,
        "z_inverse_harmonic_mean_rank": 2105.673995917701
      }
    },
    "tail": {
      "optimistic": {
        "adjusted_arithmetic_mean_rank": 0.0586305490274944,
        "adjusted_arithmetic_mean_rank_index": 0.9414154551220333,
        "adjusted_hits_at_k": 0.34063889068567665,
        "adjusted_inverse_harmonic_mean_rank": 0.20511286132882536,
        "arithmetic_mean_rank": 1199.7984,
        "count": 5000.0,
        "geometric_mean_rank": 51.673529997079186,
        "harmonic_mean_rank": 4.870201125174862,
        "hits_at_1": 0.1366,
        "hits_at_10": 0.3408,
        "hits_at_3": 0.2276,
        "hits_at_5": 0.2748,
        "inverse_arithmetic_mean_rank": 0.0008334733568572854,
        "inverse_geometric_mean_rank": 0.019352267980463585,
        "inverse_harmonic_mean_rank": 0.2053303291379153,
        "inverse_median_rank": 0.02,
        "median_absolute_deviation": 72.6475087067745,
        "median_rank": 50.0,
        "standard_deviation": 4432.679208081433,
        "variance": 19648644.96175744,
        "z_arithmetic_mean_rank": 115.29642319772988,