{
  "evaluator_metadata": {
    "batch_size": 1024,
    "slice_size": null
  },
  "losses": [
    0.0003799774137384096,
    0.0001661697653289569,
    0.00013809030711660472,
    0.00012140296024768122,
    0.00010931310573704068
  ],
  "metrics": {
    "both": {
      "optimistic": {
        "adjusted_arithmetic_mean_rank": 0.10869346503978508,
        "adjusted_arithmetic_mean_rank_index": 0.8914272125051246,
        "adjusted_geometric_mean_rank_index": 0.9861409524067312,
        "adjusted_hits_at_k": 0.25224795638091657,
        "adjusted_inverse_harmonic_mean_rank": 0.11382815690449287,
        "arithmetic_mean_rank": 802.9025833319226,
        "count": 118142.0,
        "geometric_mean_rank": 76.26307316764641,
        "harmonic_mean_rank": 8.738223046910447,
        "hits_at_1": 0.0471635828071304,
        "hits_at_10": 0.2527551590458939,
        "hits_at_3": 0.12581469756733424,
        "hits_at_5": 0.17230112914966736,
        "inverse_arithmetic_mean_rank": 0.0012454811091155709,
        "inverse_geometric_mean_rank": 0.013112505941135305,
        "inverse_harmonic_mean_rank": 0.11443974302688092,
        "inverse_median_rank": 0.012987012987012988,
        "median_absolute_deviation": 111.19516638792014,
        "median_rank": 77.0,
        "standard_deviation": 1986.0993868995192,
        "variance": 3944590.774642646,
        "z_arithmetic_mean_rank": 530.2363209420166,
        "z_geometric_mean_rank": 339.5423969620626,
        "z_hits_at_k": 3327.9048141920634,
        "z_inverse_harmonic_mean_rank": 3709.417282720864
      },
      "pessimistic": {
        "adjusted_arithmetic_mean_rank": 0.1086934822278711,
        "adjusted_arithmetic_mean_rank_index": 0.8914271953147114,
        "adjusted_geometric_mean_rank_index": 0.9861409491774481,
        "adjusted_hits_at_k": 0.25224795638091657,
        "adjusted_inverse_harmonic_mean_rank": 0.11382815277237188,
        "arithmetic_mean_rank": 802.9027102977773,
        "count": 118142.0,
        "geometric_mean_rank": 76.26309070462126,
        "harmonic_mean_rank": 8.738223362207178,
        "hits_at_1": 0.0471635828071304,
        "hits_at_10": 0.2527551590458939,
        "hits_at_3": 0.12581469756733424,
        "hits_at_5": 0.17230112914966736,
        "inverse_arithmetic_mean_rank": 0.0012454809121632234,
        "inverse_geometric_mean_rank": 0.013112502925866912,
        "inverse_harmonic_mean_rank": 0.11443973889761169,
        "inverse_median_rank": 0.012987012987012988,
        "median_absolute_deviation": 111.19516638792014,
        "median_rank": 77.0,
        "standard_deviation": 1986.0996845871812,
        "variance": 3944591.9571173005,
        "z_arithmetic_mean_rank": 530.2363107168617,
        "z_geometric_mean_rank": 339.5423958501744,
        "z_hits_at_k": 3327.9048141920634,
        "z_inverse_harmonic_mean_rank": 3709.417148063839
      },
      "realistic": {
        "adjusted_arithmetic_mean_rank": 0.10869349044494561,
        "adjusted_arithmetic_mean_rank_index": 0.8914271870965242,
        "adjusted_geometric_mean_rank_index": 0.9861409447167004,
        "adjusted_hits_at_k": 0.25224795638091657,
        "adjusted_inverse_harmonic_mean_rank": 0.11382816117618733,
        "arithmetic_mean_rank": 802.9027709960938,
        "count": 118142.0,
        "geometric_mean_rank": 76.26311492919922,
        "harmonic_mean_rank": 8.738222720963748,
        "hits_at_1": 0.0471635828071304,
        "hits_at_10": 0.2527551590458939,
        "hits_at_3": 0.12581469756733424,
        "hits_at_5": 0.17230112914966736,
        "inverse_arithmetic_mean_rank": 0.001245480845682323,
        "inverse_geometric_mean_rank": 0.013112498447299004,
        "inverse_harmonic_mean_rank": 0.1144397472956273,
        "inverse_median_rank": 0.012987012974917889,
        "median_absolute_deviation": 111.19516638792014,
        "median_rank": 77.0,
        "standard_deviation": 1986.099609375,
        "variance": 3944591.5,
        "z_arithmetic_mean_rank": 530.2363058285418,
        "z_geometric_mean_rank": 339.5423943142753,
        "z_hits_at_k": 3327.9048141920634,
        "z_inverse_harmonic_mean_rank": 3709.4174219262914
      }
    },
    "head": {
      "optimistic": {
        "adjusted_arithmetic_mean_rank": 0.12324713991639374,
        "adjusted_arithmetic_mean_rank_index": 0.8768718911367203,
        "adjusted_geometric_mean_rank_index": 0.9840322542018902,
        "adjusted_hits_at_k": 0.23782172866273546,
        "adjusted_inverse_harmonic_mean_rank": 0.10889755510344874,
        "arithmetic_mean_rank": 907.9307443584838,
        "count": 59071.0,
        "geometric_mean_rank": 87.46514480716856,
        "harmonic_mean_rank": 9.131233166899994,
        "hits_at_1": 0.045250630597078095,
        "hits_at_10": 0.23834030234802187,
        "hits_at_3": 0.12136242826429212,
        "hits_at_5": 0.16500482470247668,
        "inverse_arithmetic_mean_rank": 0.0011014055931177543,
        "inverse_geometric_mean_rank": 0.011433125757748028,
        "inverse_harmonic_mean_rank": 0.10951423337046323,
        "inverse_median_rank": 0.01098901098901099,
        "median_absolute_deviation": 130.46899522849296,
        "median_rank": 91.0,
        "standard_deviation": 2127.478091029021,
        "variance": 4526163.027808487,
        "z_arithmetic_mean_rank": 368.75830553111393,
        "z_geometric_mean_rank": 239.5627482369506,
        "z_hits_at_k": 2215.207348551444,
        "z_inverse_harmonic_mean_rank": 2505.5085253778548
      },
      "pessimistic": {
        "adjusted_arithmetic_mean_rank": 0.12324716749237978,
        "adjusted_arithmetic_mean_rank_index": 0.8768718635569903,
        "adjusted_geometric_mean_rank_index": 0.9840322468993766,
        "adjusted_hits_at_k": 0.23782172866273546,
        "adjusted_inverse_harmonic_mean_rank": 0.1088975468405954,
        "arithmetic_mean_rank": 907.9309475038513,
        "count": 59071.0,
        "geometric_mean_rank": 87.46518435018889,
        "harmonic_mean_rank": 9.131233855375177,
        "hits_at_1": 0.045250630597078095,
        "hits_at_10": 0.23834030234802187,
        "hits_at_3": 0.12136242826429212,
        "hits_at_5": 0.16500482470247668,
        "inverse_arithmetic_mean_rank": 0.001101405346683326,
        "inverse_geometric_mean_rank": 0.011433120588830501,
        "inverse_harmonic_mean_rank": 0.1095142251133281,
        "inverse_median_rank": 0.01098901098901099,
        "median_absolute_deviation": 130.46899522849296,
        "median_rank": 91.0,
        "standard_deviation": 2127.478475678952,
        "variance": 4526164.664477237,
        "z_arithmetic_mean_rank": 368.7582939327784,
        "z_geometric_mean_rank": 239.56274645915295,
        "z_hits_at_k": 2215.207348551444,
        "z_inverse_harmonic_mean_rank": 2505.508335266612
      },
      "realistic": {
        "adjusted_arithmetic_mean_rank": 0.12324715387227646,
        "adjusted_arithmetic_mean_rank_index": 0.8768718771789428,
        "adjusted_geometric_mean_rank_index": 0.9840322534412952,
        "adjusted_hits_at_k": 0.23782172866273546,
        "adjusted_inverse_harmonic_mean_rank": 0.10889755434025136,
        "arithmetic_mean_rank": 907.9308471679688,
        "count": 59071.0,
        "geometric_mean_rank": 87.46514892578125,
        "harmonic_mean_rank": 9.131233230490912,
        "hits_at_1": 0.045250630597078095,
        "hits_at_10": 0.23834030234802187,
        "hits_at_3": 0.12136242826429212,
        "hits_at_5": 0.16500482470247668,
        "inverse_arithmetic_mean_rank": 0.001101405476219952,
        "inverse_geometric_mean_rank": 0.011433125473558903,
        "inverse_harmonic_mean_rank": 0.10951423260779401,
        "inverse_median_rank": 0.010989011265337467,
        "median_absolute_deviation": 130.46899522849296,
        "median_rank": 91.0,
        "standard_deviation": 2127.478271484375,
        "variance": 4526164.0,
        "z_arithmetic_mean_rank": 368.7582996613325,
        "z_geometric_mean_rank": 239.56274805178367,