{
  "evaluator_metadata": {
    "batch_size": 1024,
    "slice_size": null
  },
  "losses": [
    2.0877770193848152e-05,
    1.682386126120239e-05,
    1.3304294049895757e-05,
    1.077110180917705e-05,
    8.764388467831282e-06
  ],
  "metrics": {
    "both": {
      "optimistic": {
        "adjusted_arithmetic_mean_rank": 0.043555229029547775,
        "adjusted_arithmetic_mean_rank_index": 0.9564915129253,
        "adjusted_geometric_mean_rank_index": 0.9997352943268814,
        "adjusted_hits_at_k": 0.7667430042934947,
        "adjusted_inverse_harmonic_mean_rank": 0.6225622001033762,
        "arithmetic_mean_rank": 891.2808,
        "count": 10000.0,
        "geometric_mean_rank": 4.985848515101419,
        "harmonic_mean_rank": 1.6059988219783015,
        "hits_at_1": 0.5354,
        "hits_at_10": 0.7668,
        "hits_at_3": 0.6879,
        "hits_at_5": 0.7253,
        "inverse_arithmetic_mean_rank": 0.0011219808616992535,
        "inverse_geometric_mean_rank": 0.20056766605947685,
        "inverse_harmonic_mean_rank": 0.6226654629597922,
        "inverse_median_rank": 1.0,
        "median_absolute_deviation": 0.0,
        "median_rank": 1.0,
        "standard_deviation": 4327.1181617043185,
        "variance": 18723951.585351363,
        "z_arithmetic_mean_rank": 165.66493427204637,
        "z_geometric_mean_rank": 100.05439045229771,
        "z_hits_at_k": 4904.480641422729,
        "z_inverse_harmonic_mean_rank": 9826.388478656007
      },
      "pessimistic": {
        "adjusted_arithmetic_mean_rank": 0.04355523391636111,
        "adjusted_arithmetic_mean_rank_index": 0.9564915080382479,
        "adjusted_geometric_mean_rank_index": 0.999735294324712,
        "adjusted_hits_at_k": 0.7667430042934947,
        "adjusted_inverse_harmonic_mean_rank": 0.6225622001029469,
        "arithmetic_mean_rank": 891.2809,
        "count": 10000.0,
        "geometric_mean_rank": 4.985848547766591,
        "harmonic_mean_rank": 1.6059988219794084,
        "hits_at_1": 0.5354,
        "hits_at_10": 0.7668,
        "hits_at_3": 0.6879,
        "hits_at_5": 0.7253,
        "inverse_arithmetic_mean_rank": 0.0011219807358151621,
        "inverse_geometric_mean_rank": 0.2005676647454423,
        "inverse_harmonic_mean_rank": 0.6226654629593631,
        "inverse_median_rank": 1.0,
        "median_absolute_deviation": 0.0,
        "median_rank": 1.0,
        "standard_deviation": 4327.118493847283,
        "variance": 18723954.459795184,
        "z_arithmetic_mean_rank": 165.66493342560585,
        "z_geometric_mean_rank": 100.0543904520806,
        "z_hits_at_k": 4904.480641422729,
        "z_inverse_harmonic_mean_rank": 9826.388478649233
      },
      "realistic": {
        "adjusted_arithmetic_mean_rank": 0.043555230141488696,
        "adjusted_arithmetic_mean_rank_index": 0.9564915118133047,
        "adjusted_geometric_mean_rank_index": 0.9997352943327442,
        "adjusted_hits_at_k": 0.7667430042934947,
        "adjusted_inverse_harmonic_mean_rank": 0.622562215663466,
        "arithmetic_mean_rank": 891.2808227539062,
        "count": 10000.0,
        "geometric_mean_rank": 4.985848426818848,
        "harmonic_mean_rank": 1.6059987818561974,
        "hits_at_1": 0.5354,
        "hits_at_10": 0.7668,
        "hits_at_3": 0.6879,
        "hits_at_5": 0.7253,
        "inverse_arithmetic_mean_rank": 0.0011219808366149664,
        "inverse_geometric_mean_rank": 0.20056766271591187,
        "inverse_harmonic_mean_rank": 0.622665478515625,
        "inverse_median_rank": 1.0,
        "median_absolute_deviation": 0.0,
        "median_rank": 1.0,
        "standard_deviation": 4327.1181640625,
        "variance": 18723950.0,
        "z_arithmetic_mean_rank": 165.6649340794481,
        "z_geometric_mean_rank": 100.05439045288448,
        "z_hits_at_k": 4904.480641422729,
        "z_inverse_harmonic_mean_rank": 9826.388724253135
      }
    },
    "head": {
      "optimistic": {
        "adjusted_arithmetic_mean_rank": 0.043580116319214164,
        "adjusted_arithmetic_mean_rank_index": 0.9564666255030494,
        "adjusted_geometric_mean_rank_index": 0.9997343914817656,
        "adjusted_hits_at_k": 0.766142856314531,
        "adjusted_inverse_harmonic_mean_rank": 0.6197832789019377,
        "arithmetic_mean_rank": 891.7694,
        "count": 5000.0,
        "geometric_mean_rank": 4.999549826111161,
        "harmonic_mean_rank": 1.6131964522263165,
        "hits_at_1": 0.5318,
        "hits_at_10": 0.7662,
        "hits_at_3": 0.6866,
        "hits_at_5": 0.7258,
        "inverse_arithmetic_mean_rank": 0.0011213661289566563,
        "inverse_geometric_mean_rank": 0.2000180085769518,
        "inverse_harmonic_mean_rank": 0.6198873042523337,
        "inverse_median_rank": 1.0,
        "median_absolute_deviation": 0.0,
        "median_rank": 1.0,
        "standard_deviation": 4331.006425096093,
        "variance": 18757616.654223643,
        "z_arithmetic_mean_rank": 117.1397405499343,
        "z_geometric_mean_rank": 70.75430993104793,
        "z_hits_at_k": 3465.2365686963662,
        "z_inverse_harmonic_mean_rank": 6917.210199606586
      },
      "pessimistic": {
        "adjusted_arithmetic_mean_rank": 0.043580116319214164,
        "adjusted_arithmetic_mean_rank_index": 0.9564666255030494,
        "adjusted_geometric_mean_rank_index": 0.9997343914817656,
        "adjusted_hits_at_k": 0.766142856314531,
        "adjusted_inverse_harmonic_mean_rank": 0.6197832789019377,
        "arithmetic_mean_rank": 891.7694,
        "count": 5000.0,
        "geometric_mean_rank": 4.999549826111161,
        "harmonic_mean_rank": 1.6131964522263165,
        "hits_at_1": 0.5318,
        "hits_at_10": 0.7662,
        "hits_at_3": 0.6866,
        "hits_at_5": 0.7258,
        "inverse_arithmetic_mean_rank": 0.0011213661289566563,
        "inverse_geometric_mean_rank": 0.2000180085769518,
        "inverse_harmonic_mean_rank": 0.6198873042523337,
        "inverse_median_rank": 1.0,
        "median_absolute_deviation": 0.0,
        "median_rank": 1.0,
        "standard_deviation": 4331.006425096093,
        "variance": 18757616.654223643,
        "z_arithmetic_mean_rank": 117.1397405499343,
        "z_geometric_mean_rank": 70.75430993104793,
        "z_hits_at_k": 3465.2365686963662,
        "z_inverse_harmonic_mean_rank": 6917.210199606586
      },
      "realistic": {
        "adjusted_arithmetic_mean_rank": 0.04358011676781876,
        "adjusted_arithmetic_mean_rank_index": 0.9564666250544229,
        "adjusted_geometric_mean_rank_index": 0.9997343915108016,
        "adjusted_hits_at_k": 0.766142856314531,
        "adjusted_inverse_harmonic_mean_rank": 0.6197832793372231,
        "arithmetic_mean_rank": 891.7694091796875,
        "count": 5000.0,
        "geometric_mean_rank": 4.999549388885498,
        "harmonic_mean_rank": 1.6131964510938386,
        "hits_at_1": 0.5318,
        "hits_at_10": 0.7662,
        "hits_at_3": 0.6866,
        "hits_at_5": 0.7258,
        "inverse_arithmetic_mean_rank": 0.0011213661637157202,
        "inverse_geometric_mean_rank": 0.2000180333852768,
        "inverse_harmonic_mean_rank": 0.6198873046875,
        "inverse_median_rank": 1.0,
        "median_absolute_deviation": 0.0,
        "median_rank": 1.0,
        "standard_deviation": 4331.00634765625,
        "variance": 18757616.0,
        "z_arithmetic_mean_rank": 117.13974049499042,
        "z_geometric_mean_rank": 70.7543099331029,
        "z_hits_at_k": 3465.2365686963662,
        "z_inverse_harmonic_mean_rank": 6917.210204464671
      }
    },
    "tail": {
      "optimistic": {
        "adjusted_arithmetic_mean_rank": 0.04353034289378082,
        "adjusted_arithmetic_mean_rank_index": 0.9565163991935886,
        "adjusted_geometric_mean_rank_index": 0.9997362210601108,
        "adjusted_hits_at_k": 0.7673431522656075,
        "adjusted_inverse_harmonic_mean_rank": 0.625341121272479,
        "arithmetic_mean_rank": 890.7922,
        "count": 5000.0,
        "geometric_mean_rank": 4.972184752657029,