{
  "evaluator_metadata": {
    "batch_size": 128,
    "slice_size": null
  },
  "losses": [
    0.0003800833376947446,
    0.00037256451326309726,
    0.0003562385337013802,
    0.000347856839113493,
    0.0003418508737124453
  ],
  "metrics": {
    "both": {
      "optimistic": {
        "adjusted_arithmetic_mean_rank": 1.0166994688460609,
        "adjusted_arithmetic_mean_rank_index": -0.01670029263459827,
        "adjusted_geometric_mean_rank_index": 0.22735517405740358,
        "adjusted_hits_at_k": 0.01155511005618705,
        "adjusted_inverse_harmonic_mean_rank": 0.006916144054771029,
        "arithmetic_mean_rank": 20611.088748290014,
        "count": 5848.0,
        "geometric_mean_rank": 11527.227772272285,
        "harmonic_mean_rank": 139.07882417125074,
        "hits_at_1": 0.004274965800273598,
        "hits_at_10": 0.01179890560875513,
        "hits_at_3": 0.0070109439124487,
        "hits_at_5": 0.008891928864569083,
        "inverse_arithmetic_mean_rank": 4.851757285664807e-05,
        "inverse_geometric_mean_rank": 8.675112696266926e-05,
        "inverse_harmonic_mean_rank": 0.007190167201648746,
        "inverse_median_rank": 4.828585224529213e-05,
        "median_absolute_deviation": 17863.132829664744,
        "median_rank": 20710.0,
        "standard_deviation": 13176.818342055025,
        "variance": 173628541.6195177,
        "z_arithmetic_mean_rank": -2.21195971632244,
        "z_geometric_mean_rank": 17.401431565374203,
        "z_hits_at_k": 56.25842171670579,
        "z_inverse_harmonic_mean_rank": 83.08987517740859
      },
      "pessimistic": {
        "adjusted_arithmetic_mean_rank": 1.0166994857160303,
        "adjusted_arithmetic_mean_rank_index": -0.016700309505399913,
        "adjusted_geometric_mean_rank_index": 0.2273551670159204,
        "adjusted_hits_at_k": 0.01155511005618705,
        "adjusted_inverse_harmonic_mean_rank": 0.0069161440545278995,
        "arithmetic_mean_rank": 20611.089090287278,
        "count": 5848.0,
        "geometric_mean_rank": 11527.22787731633,
        "harmonic_mean_rank": 139.07882417595226,
        "hits_at_1": 0.004274965800273598,
        "hits_at_10": 0.01179890560875513,
        "hits_at_3": 0.0070109439124487,
        "hits_at_5": 0.008891928864569083,
        "inverse_arithmetic_mean_rank": 4.851757205160195e-05,
        "inverse_geometric_mean_rank": 8.675112617213319e-05,
        "inverse_harmonic_mean_rank": 0.007190167201405685,
        "inverse_median_rank": 4.828585224529213e-05,
        "median_absolute_deviation": 17863.132829664744,
        "median_rank": 20710.0,
        "standard_deviation": 13176.818782175542,
        "variance": 173628553.2182941,
        "z_arithmetic_mean_rank": -2.21196195086614,
        "z_geometric_mean_rank": 17.401431026429407,
        "z_hits_at_k": 56.25842171670579,
        "z_inverse_harmonic_mean_rank": 83.08987517448767
      },
      "realistic": {
        "adjusted_arithmetic_mean_rank": 1.0166995228826816,
        "adjusted_arithmetic_mean_rank_index": -0.016700346673884647,
        "adjusted_geometric_mean_rank_index": 0.22735558246544507,
        "adjusted_hits_at_k": 0.01155511005618705,
        "adjusted_inverse_harmonic_mean_rank": 0.00691614434941122,
        "arithmetic_mean_rank": 20611.08984375,
        "count": 5848.0,
        "geometric_mean_rank": 11527.2216796875,
        "harmonic_mean_rank": 139.0788184736221,
        "hits_at_1": 0.004274965800273598,
        "hits_at_10": 0.01179890560875513,
        "hits_at_3": 0.0070109439124487,
        "hits_at_5": 0.008891928864569083,
        "inverse_arithmetic_mean_rank": 4.851756966672838e-05,
        "inverse_geometric_mean_rank": 8.675116987433285e-05,
        "inverse_harmonic_mean_rank": 0.007190167496207637,
        "inverse_median_rank": 4.828585224458948e-05,
        "median_absolute_deviation": 17863.132829664744,
        "median_rank": 20710.0,
        "standard_deviation": 13176.8193359375,
        "variance": 173628560.0,
        "z_arithmetic_mean_rank": -2.211966873845199,
        "z_geometric_mean_rank": 17.4014628243267,
        "z_hits_at_k": 56.25842171670579,
        "z_inverse_harmonic_mean_rank": 83.0898787171869
      }
    },
    "head": {
      "optimistic": {
        "adjusted_arithmetic_mean_rank": 1.0044911327331056,
        "adjusted_arithmetic_mean_rank_index": -0.004491354330853348,
        "adjusted_geometric_mean_rank_index": 0.2916570535589309,
        "adjusted_hits_at_k": 0.014462749736302826,
        "adjusted_inverse_harmonic_mean_rank": 0.009295211355255004,
        "arithmetic_mean_rank": 20359.076949384405,
        "count": 2924.0,
        "geometric_mean_rank": 10566.530983280216,
        "harmonic_mean_rank": 104.50813006584458,
        "hits_at_1": 0.006155950752393981,
        "hits_at_10": 0.014705882352941176,
        "hits_at_3": 0.009575923392612859,
        "hits_at_5": 0.012311901504787962,
        "inverse_arithmetic_mean_rank": 4.9118140399299235e-05,
        "inverse_geometric_mean_rank": 9.463843919847812e-05,
        "inverse_harmonic_mean_rank": 0.009568633553867601,
        "inverse_median_rank": 4.81278275098662e-05,
        "median_absolute_deviation": 19138.912038688817,
        "median_rank": 20778.0,
        "standard_deviation": 13625.52007285251,
        "variance": 185654797.2557067,
        "z_arithmetic_mean_rank": -0.4206444882002103,
        "z_geometric_mean_rank": 15.786747812228626,
        "z_hits_at_k": 49.785272491856105,
        "z_inverse_harmonic_mean_rank": 78.95506001715788
      },
      "pessimistic": {
        "adjusted_arithmetic_mean_rank": 1.0044911496068185,
        "adjusted_arithmetic_mean_rank_index": -0.004491371205398886,
        "adjusted_geometric_mean_rank_index": 0.29165704689618044,
        "adjusted_hits_at_k": 0.014462749736302826,
        "adjusted_inverse_harmonic_mean_rank": 0.009295211354996282,
        "arithmetic_mean_rank": 20359.07729138167,
        "count": 2924.0,
        "geometric_mean_rank": 10566.531082660744,
        "harmonic_mean_rank": 104.50813006866956,
        "hits_at_1": 0.006155950752393981,
        "hits_at_10": 0.014705882352941176,
        "hits_at_3": 0.009575923392612859,
        "hits_at_5": 0.012311901504787962,
        "inverse_arithmetic_mean_rank": 4.911813957419948e-05,
        "inverse_geometric_mean_rank": 9.463843830838298e-05,
        "inverse_harmonic_mean_rank": 0.00956863355360895,
        "inverse_median_rank": 4.81278275098662e-05,
        "median_absolute_deviation": 19138.912038688817,
        "median_rank": 20778.0,
        "standard_deviation": 13625.520474534556,
        "variance": 185654808.20196038,
        "z_arithmetic_mean_rank": -0.420646068610921,
        "z_geometric_mean_rank": 15.78674745158876,
        "z_hits_at_k": 49.785272491856105,
        "z_inverse_harmonic_mean_rank": 78.95506001496025
      },
      "realistic": {
        "adjusted_arithmetic_mean_rank": 1.004491094371774,
        "adjusted_arithmetic_mean_rank_index": -0.004491315967628973,
        "adjusted_geometric_mean_rank_index": 0.29165651190528796,
        "adjusted_hits_at_k": 0.014462749736302826,
        "adjusted_inverse_harmonic_mean_rank": 0.009295210999538096,
        "arithmetic_mean_rank": 20359.076171875,
        "count": 2924.0,
        "geometric_mean_rank": 10566.5390625,
        "harmonic_mean_rank": 104.5081339498945,
        "hits_at_1": 0.006155950752393981,
        "hits_at_10": 0.014705882352941176,
        "hits_at_3": 0.009575923392612859,
        "hits_at_5": 0.012311901504787962,
        "inverse_arithmetic_mean_rank": 4.9118141760118306e-05,
        "inverse_geometric_mean_rank": 9.463836613576859e-05,
        "inverse_harmonic_mean_rank": 0.009568633198248867,
        "inverse_median_rank": 4.812782572116703e-05,
        "median_absolute_deviation": 19138.912038688817,
        "median_rank": 20778.0,
        "standard_deviation": 13625.5205078125,
        "variance": 185654800.0,