{
  "losses": [
    0.002713467231609252,
    0.0027108328806589995,
    0.0027068490911217875,
    0.0027012186428765706,
    0.002693269666272096
  ],
  "metrics": {
    "both": {
      "optimistic": {
        "adjusted_arithmetic_mean_rank": 0.9336325239278058,
        "adjusted_arithmetic_mean_rank_index": 0.06637074999464865,
        "adjusted_hits_at_k": 0.007621171231354433,
        "adjusted_inverse_harmonic_mean_rank": 0.003291821314377242,
        "arithmetic_mean_rank": 18927.110123119015,
        "count": 5848.0,
        "geometric_mean_rank": 12085.68222373154,
        "harmonic_mean_rank": 280.35985102877726,
        "hits_at_1": 0.0015389876880984952,
        "hits_at_10": 0.00786593707250342,
        "hits_at_3": 0.003419972640218878,
        "hits_at_5": 0.005642954856361149,
        "inverse_arithmetic_mean_rank": 5.2834267539793294e-05,
        "inverse_geometric_mean_rank": 8.27425362911158e-05,
        "inverse_harmonic_mean_rank": 0.0035668445261706036,
        "inverse_median_rank": 5.537251861900939e-05,
        "median_absolute_deviation": 15634.040394141572,
        "median_rank": 18059.5,
        "standard_deviation": 12105.122573466682,
        "variance": 146533992.51865265,
        "z_arithmetic_mean_rank": 8.79082951074308,
        "z_hits_at_k": 37.1052342231212,
        "z_inverse_harmonic_mean_rank": 39.54761785640589
      },
      "pessimistic": {
        "adjusted_arithmetic_mean_rank": 0.9336326251476224,
        "adjusted_arithmetic_mean_rank_index": 0.066370648769839,
        "adjusted_hits_at_k": 0.007621171231354433,
        "adjusted_inverse_harmonic_mean_rank": 0.003291821259997524,
        "arithmetic_mean_rank": 18927.1121751026,
        "count": 5848.0,
        "geometric_mean_rank": 12085.684555207396,
        "harmonic_mean_rank": 280.3598553019333,
        "hits_at_1": 0.0015389876880984952,
        "hits_at_10": 0.00786593707250342,
        "hits_at_3": 0.003419972640218878,
        "hits_at_5": 0.005642954856361149,
        "inverse_arithmetic_mean_rank": 5.283426181176417e-05,
        "inverse_geometric_mean_rank": 8.274252032907205e-05,
        "inverse_harmonic_mean_rank": 0.0035668444718058904,
        "inverse_median_rank": 5.537251861900939e-05,
        "median_absolute_deviation": 15634.040394141572,
        "median_rank": 18059.5,
        "standard_deviation": 12105.12287157998,
        "variance": 146533999.73604876,
        "z_arithmetic_mean_rank": 8.790816103480935,
        "z_hits_at_k": 37.1052342231212,
        "z_inverse_harmonic_mean_rank": 39.547617203093296
      },
      "realistic": {
        "adjusted_arithmetic_mean_rank": 0.9336325833680886,
        "adjusted_arithmetic_mean_rank_index": 0.06637069055143363,
        "adjusted_hits_at_k": 0.007621171231354433,
        "adjusted_inverse_harmonic_mean_rank": 0.0032918212871810037,
        "arithmetic_mean_rank": 18927.111328125,
        "count": 5848.0,
        "geometric_mean_rank": 12085.6796875,
        "harmonic_mean_rank": 280.3598644266672,
        "hits_at_1": 0.0015389876880984952,
        "hits_at_10": 0.00786593707250342,
        "hits_at_3": 0.003419972640218878,
        "hits_at_5": 0.005642954856361149,
        "inverse_arithmetic_mean_rank": 5.283426435198635e-05,
        "inverse_geometric_mean_rank": 8.274255378637463e-05,
        "inverse_harmonic_mean_rank": 0.0035668444989818693,
        "inverse_median_rank": 5.537251854548231e-05,
        "median_absolute_deviation": 15634.040394141572,
        "median_rank": 18059.5,
        "standard_deviation": 12105.1220703125,
        "variance": 146533984.0,
        "z_arithmetic_mean_rank": 8.790821637468042,
        "z_hits_at_k": 37.1052342231212,
        "z_inverse_harmonic_mean_rank": 39.547617529672955
      }
    },
    "head": {
      "optimistic": {
        "adjusted_arithmetic_mean_rank": 0.9786446205308251,
        "adjusted_arithmetic_mean_rank_index": 0.02135643316860325,
        "adjusted_hits_at_k": 0.006936953309436689,
        "adjusted_inverse_harmonic_mean_rank": 0.0038716852646274304,
        "arithmetic_mean_rank": 19835.21853625171,
        "count": 2924.0,
        "geometric_mean_rank": 13690.242814848845,
        "harmonic_mean_rank": 241.1611840217548,
        "hits_at_1": 0.0027359781121751026,
        "hits_at_10": 0.007181942544459644,
        "hits_at_3": 0.004103967168262654,
        "hits_at_5": 0.005813953488372093,
        "inverse_arithmetic_mean_rank": 5.041537597240769e-05,
        "inverse_geometric_mean_rank": 7.304472342268248e-05,
        "inverse_harmonic_mean_rank": 0.004146604288979571,
        "inverse_median_rank": 5.22875816993464e-05,
        "median_absolute_deviation": 15294.52448610379,
        "median_rank": 19125.0,
        "standard_deviation": 11822.606562661385,
        "variance": 139774025.93548405,
        "z_arithmetic_mean_rank": 2.0001685990965115,
        "z_hits_at_k": 23.87914587961846,
        "z_inverse_harmonic_mean_rank": 32.8867339055593
      },
      "pessimistic": {
        "adjusted_arithmetic_mean_rank": 0.9786447892679542,
        "adjusted_arithmetic_mean_rank_index": 0.02135626442314853,
        "adjusted_hits_at_k": 0.006936953309436689,
        "adjusted_inverse_harmonic_mean_rank": 0.0038716852510751894,
        "arithmetic_mean_rank": 19835.22195622435,
        "count": 2924.0,
        "geometric_mean_rank": 13690.245472897186,
        "harmonic_mean_rank": 241.1611848097182,
        "hits_at_1": 0.0027359781121751026,
        "hits_at_10": 0.007181942544459644,
        "hits_at_3": 0.004103967168262654,
        "hits_at_5": 0.005813953488372093,
        "inverse_arithmetic_mean_rank": 5.041536727983006e-05,
        "inverse_geometric_mean_rank": 7.304470924058426e-05,
        "inverse_harmonic_mean_rank": 0.00414660427543107,
        "inverse_median_rank": 5.22875816993464e-05,
        "median_absolute_deviation": 15294.52448610379,
        "median_rank": 19125.0,
        "standard_deviation": 11822.607099287705,
        "variance": 139774038.62412804,
        "z_arithmetic_mean_rank": 2.0001527949892903,
        "z_hits_at_k": 23.87914587961846,
        "z_inverse_harmonic_mean_rank": 32.88673379044433
      },
      "realistic": {
        "adjusted_arithmetic_mean_rank": 0.9786447274416155,
        "adjusted_arithmetic_mean_rank_index": 0.021356326252537805,
        "adjusted_hits_at_k": 0.006936953309436689,
        "adjusted_inverse_harmonic_mean_rank": 0.003871685257851033,
        "arithmetic_mean_rank": 19835.220703125,
        "count": 2924.0,
        "geometric_mean_rank": 13690.232421875,
        "harmonic_mean_rank": 241.16118319861056,
        "hits_at_1": 0.0027359781121751026,
        "hits_at_10": 0.007181942544459644,
        "hits_at_3": 0.004103967168262654,
        "hits_at_5": 0.005813953488372093,
        "inverse_arithmetic_mean_rank": 5.041537224315107e-05,
        "inverse_geometric_mean_rank": 7.304477912839502e-05,
        "inverse_harmonic_mean_rank": 0.004146604282205044,
        "inverse_median_rank": 5.228758163866587e-05,
        "median_absolute_deviation": 15294.52448610379,
        "median_rank": 19125.0,
        "standard_deviation": 11822.6064453125,
        "variance": 139774032.0,
        "z_arithmetic_mean_rank": 2.0001585857129527,
        "z_hits_at_k": 23.87914587961846,
        "z_inverse_harmonic_mean_rank": 32.886733847999466
      }
    },
    "tail": {
      "optimistic": {
        "adjusted_arithmetic_mean_rank": 0.8886403950097489,
        "adjusted_arithmetic_mean_rank_index": 0.11136509716598464,
        "adjusted_hits_at_k": 0.008305389077967469,
        "adjusted_inverse_harmonic_mean_rank": 0.002711957429127143,
        "arithmetic_mean_rank": 18019.00170998632,
        "count": 2924.0,
        "geometric_mean_rank": 10669.183650606674,
        "harmonic_mean_rank": 334.77456423921825,
        "hits_at_1": 0.0003419972640218878,
        "hits_at_10": 0.008549931600547196,
        "hits_at_3": 0.0027359781121751026,