{
  "evaluator_metadata": {
    "batch_size": 1024,
    "slice_size": null
  },
  "losses": [
    0.0027987702639484797,
    0.0027985652882265874,
    0.0027976621540910128,
    0.0027974926507223015,
    0.0027966113623240974
  ],
  "metrics": {
    "both": {
      "optimistic": {
        "adjusted_arithmetic_mean_rank": 0.9920241586458991,
        "adjusted_arithmetic_mean_rank_index": 0.007976231137628131,
        "adjusted_geometric_mean_rank_index": 0.01955723705510304,
        "adjusted_hits_at_k": -0.00024440697472276075,
        "adjusted_inverse_harmonic_mean_rank": -6.828706250853293e-05,
        "arithmetic_mean_rank": 20300.0215,
        "count": 10000.0,
        "geometric_mean_rank": 14764.17558586092,
        "harmonic_mean_rank": 4870.429778354284,
        "hits_at_1": 0.0,
        "hits_at_10": 0.0,
        "hits_at_3": 0.0,
        "hits_at_5": 0.0,
        "inverse_arithmetic_mean_rank": 4.9261031570828635e-05,
        "inverse_geometric_mean_rank": 6.773151634403897e-05,
        "inverse_harmonic_mean_rank": 0.00020532068944804693,
        "inverse_median_rank": 4.95221116228396e-05,
        "median_absolute_deviation": 15644.418609671111,
        "median_rank": 20193.0,
        "standard_deviation": 11944.86457925069,
        "variance": 142679789.81663775,
        "z_arithmetic_mean_rank": 1.3814882717699675,
        "z_geometric_mean_rank": 1.9573055423605155,
        "z_hits_at_k": -1.5633520872629163,
        "z_inverse_harmonic_mean_rank": -1.0778283746807773
      },
      "pessimistic": {
        "adjusted_arithmetic_mean_rank": 0.9920259472195815,
        "adjusted_arithmetic_mean_rank_index": 0.007974442476537336,
        "adjusted_geometric_mean_rank_index": 0.019554508271745097,
        "adjusted_hits_at_k": -0.00024440697472276075,
        "adjusted_inverse_harmonic_mean_rank": -6.828763431190998e-05,
        "arithmetic_mean_rank": 20300.0581,
        "count": 10000.0,
        "geometric_mean_rank": 14764.216674957981,
        "harmonic_mean_rank": 4870.443338478342,
        "hits_at_1": 0.0,
        "hits_at_10": 0.0,
        "hits_at_3": 0.0,
        "hits_at_5": 0.0,
        "inverse_arithmetic_mean_rank": 4.9260942755626894e-05,
        "inverse_geometric_mean_rank": 6.773132784593504e-05,
        "inverse_harmonic_mean_rank": 0.00020532011780110903,
        "inverse_median_rank": 4.952088543343155e-05,
        "median_absolute_deviation": 15644.418609671111,
        "median_rank": 20193.5,
        "standard_deviation": 11944.86448975979,
        "variance": 142679787.67872438,
        "z_arithmetic_mean_rank": 1.381178474539098,
        "z_geometric_mean_rank": 1.957032443314091,
        "z_hits_at_k": -1.5633520872629163,
        "z_inverse_harmonic_mean_rank": -1.0778373999028603
      },
      "realistic": {
        "adjusted_arithmetic_mean_rank": 0.992025016892492,
        "adjusted_arithmetic_mean_rank_index": 0.007975372849092333,
        "adjusted_geometric_mean_rank_index": 0.019554954159064608,
        "adjusted_hits_at_k": -0.00024440697472276075,
        "adjusted_inverse_harmonic_mean_rank": -6.828734607407729e-05,
        "arithmetic_mean_rank": 20300.0390625,
        "count": 10000.0,
        "geometric_mean_rank": 14764.2099609375,
        "harmonic_mean_rank": 4870.436503006005,
        "hits_at_1": 0.0,
        "hits_at_10": 0.0,
        "hits_at_3": 0.0,
        "hits_at_5": 0.0,
        "inverse_arithmetic_mean_rank": 4.926099063595757e-05,
        "inverse_geometric_mean_rank": 6.773135828552768e-05,
        "inverse_harmonic_mean_rank": 0.000205320405960083,
        "inverse_median_rank": 4.952149902237579e-05,
        "median_absolute_deviation": 15644.418609671111,
        "median_rank": 20193.25,
        "standard_deviation": 11944.8642578125,
        "variance": 142679792.0,
        "z_arithmetic_mean_rank": 1.38133961565336,
        "z_geometric_mean_rank": 1.9570770681104932,
        "z_hits_at_k": -1.5633520872629163,
        "z_inverse_harmonic_mean_rank": -1.0778328504186194
      }
    },
    "head": {
      "optimistic": {
        "adjusted_arithmetic_mean_rank": 0.991158386631214,
        "adjusted_arithmetic_mean_rank_index": 0.008842045473061222,
        "adjusted_geometric_mean_rank_index": 0.023575799917052054,
        "adjusted_hits_at_k": -0.0002444126837850729,
        "adjusted_inverse_harmonic_mean_rank": -7.339889583391683e-05,
        "arithmetic_mean_rank": 20281.8348,
        "count": 5000.0,
        "geometric_mean_rank": 14704.057212218282,
        "harmonic_mean_rank": 4994.604040839103,
        "hits_at_1": 0.0,
        "hits_at_10": 0.0,
        "hits_at_3": 0.0,
        "hits_at_5": 0.0,
        "inverse_arithmetic_mean_rank": 4.930520388618884e-05,
        "inverse_geometric_mean_rank": 6.800844049824926e-05,
        "inverse_harmonic_mean_rank": 0.00020021607154908683,
        "inverse_median_rank": 4.940955580809328e-05,
        "median_absolute_deviation": 15743.011657201734,
        "median_rank": 20239.0,
        "standard_deviation": 11999.952493518838,
        "variance": 143998859.84670898,
        "z_arithmetic_mean_rank": 1.0828970766234107,
        "z_geometric_mean_rank": 1.6685326306831314,
        "z_hits_at_k": -1.1054697733258656,
        "z_inverse_harmonic_mean_rank": -0.8191824597167967
      },
      "pessimistic": {
        "adjusted_arithmetic_mean_rank": 0.9911600286385629,
        "adjusted_arithmetic_mean_rank_index": 0.008840403385464768,
        "adjusted_geometric_mean_rank_index": 0.023573195103802513,
        "adjusted_hits_at_k": -0.0002444126837850729,
        "adjusted_inverse_harmonic_mean_rank": -7.339957108391955e-05,
        "arithmetic_mean_rank": 20281.8684,
        "count": 5000.0,
        "geometric_mean_rank": 14704.096435660544,
        "harmonic_mean_rank": 4994.620881120737,
        "hits_at_1": 0.0,
        "hits_at_10": 0.0,
        "hits_at_3": 0.0,
        "hits_at_5": 0.0,
        "inverse_arithmetic_mean_rank": 4.930512220461898e-05,
        "inverse_geometric_mean_rank": 6.800825908450849e-05,
        "inverse_harmonic_mean_rank": 0.00020021539648382906,
        "inverse_median_rank": 4.940955580809328e-05,
        "median_absolute_deviation": 15743.011657201734,
        "median_rank": 20239.0,
        "standard_deviation": 11999.952940452784,
        "variance": 143998870.57308143,
        "z_arithmetic_mean_rank": 1.082695967970082,
        "z_geometric_mean_rank": 1.6683482799540457,
        "z_hits_at_k": -1.1054697733258656,
        "z_inverse_harmonic_mean_rank": -0.8191899959740097
      },
      "realistic": {
        "adjusted_arithmetic_mean_rank": 0.991159205802291,
        "adjusted_arithmetic_mean_rank_index": 0.008841226261950053,
        "adjusted_geometric_mean_rank_index": 0.023574021988738925,
        "adjusted_hits_at_k": -0.0002444126837850729,
        "adjusted_inverse_harmonic_mean_rank": -7.339924634853156e-05,
        "arithmetic_mean_rank": 20281.8515625,
        "count": 5000.0,
        "geometric_mean_rank": 14704.083984375,
        "harmonic_mean_rank": 4994.6127824240475,
        "hits_at_1": 0.0,
        "hits_at_10": 0.0,
        "hits_at_3": 0.0,
        "hits_at_5": 0.0,
        "inverse_arithmetic_mean_rank": 4.9305162974633276e-05,
        "inverse_geometric_mean_rank": 6.800831761211157e-05,
        "inverse_harmonic_mean_rank": 0.0002002157211303711,
        "inverse_median_rank": 4.940955477650277e-05,
        "median_absolute_deviation": 15743.011657201734,
        "median_rank": 20239.0,
        "standard_deviation": 11999.953125,
        "variance": 143998864.0,
        "z_arithmetic_mean_rank": 1.0827967467483717,
        "z_geometric_mean_rank": 1.6684068011708462,
        "z_hits_at_k": -1.1054697733258656,
        "z_inverse_harmonic_mean_rank": -0.8191863717024064
      }
    },
    "tail": {
      "optimistic": {
        "adjusted_arithmetic_mean_rank": 0.9928898905190562,
        "adjusted_arithmetic_mean_rank_index": 0.007110456947646893,