{
  "losses": [
    13.100006539226563,
    0.20497526620080622,
    0.0027243127839496222,
    0.0026737430891539487,
    0.0026241765188342097
  ],
  "metrics": {
    "both": {
      "optimistic": {
        "adjusted_arithmetic_mean_rank": 0.9938447796648451,
        "adjusted_arithmetic_mean_rank_index": 0.0061560537149736305,
        "adjusted_hits_at_k": 0.0013964195403419067,
        "adjusted_inverse_harmonic_mean_rank": 0.0008251325085160447,
        "arithmetic_mean_rank": 7341.384698075198,
        "count": 118142.0,
        "geometric_mean_rank": 5285.389111711265,
        "harmonic_mean_rank": 660.1936951360921,
        "hits_at_1": 0.0006009717120075841,
        "hits_at_10": 0.0020737756259416634,
        "hits_at_3": 0.0011257639112254745,
        "hits_at_5": 0.0014897326945540112,
        "inverse_arithmetic_mean_rank": 0.0001362140850978951,
        "inverse_geometric_mean_rank": 0.00018920082871178186,
        "inverse_harmonic_mean_rank": 0.0015147069827648996,
        "inverse_median_rank": 0.0001367053998632946,
        "median_absolute_deviation": 5602.75378373267,
        "median_rank": 7315.0,
        "standard_deviation": 4334.364307754461,
        "variance": 18786713.952335812,
        "z_arithmetic_mean_rank": 3.6617272028031493,
        "z_hits_at_k": 18.42294929802362,
        "z_inverse_harmonic_mean_rank": 26.889311668222454
      },
      "pessimistic": {
        "adjusted_arithmetic_mean_rank": 0.9938462624237342,
        "adjusted_arithmetic_mean_rank_index": 0.006154570755327993,
        "adjusted_hits_at_k": 0.0013964195403419067,
        "adjusted_inverse_harmonic_mean_rank": 0.0008251309310513212,
        "arithmetic_mean_rank": 7341.395650996259,
        "count": 118142.0,
        "geometric_mean_rank": 5285.401584977365,
        "harmonic_mean_rank": 660.1943822093159,
        "hits_at_1": 0.0006009717120075841,
        "hits_at_10": 0.0020737756259416634,
        "hits_at_3": 0.0011257639112254745,
        "hits_at_5": 0.0014897326945540112,
        "inverse_arithmetic_mean_rank": 0.0001362138818746672,
        "inverse_geometric_mean_rank": 0.00018920038220790797,
        "inverse_harmonic_mean_rank": 0.0015147054063888536,
        "inverse_median_rank": 0.0001367053998632946,
        "median_absolute_deviation": 5602.75378373267,
        "median_rank": 7315.0,
        "standard_deviation": 4334.364337844292,
        "variance": 18786714.213176392,
        "z_arithmetic_mean_rank": 3.6608451127618764,
        "z_hits_at_k": 18.42294929802362,
        "z_inverse_harmonic_mean_rank": 26.889260262005685
      },
      "realistic": {
        "adjusted_arithmetic_mean_rank": 0.9938455159247913,
        "adjusted_arithmetic_mean_rank_index": 0.006155317355342249,
        "adjusted_hits_at_k": 0.0013964195403419067,
        "adjusted_inverse_harmonic_mean_rank": 0.0008251317188252537,
        "arithmetic_mean_rank": 7341.39013671875,
        "count": 118142.0,
        "geometric_mean_rank": 5285.39404296875,
        "harmonic_mean_rank": 660.1941329808002,
        "hits_at_1": 0.0006009717120075841,
        "hits_at_10": 0.0020737756259416634,
        "hits_at_3": 0.0011257639112254745,
        "hits_at_5": 0.0014897326945540112,
        "inverse_arithmetic_mean_rank": 0.00013621398829855025,
        "inverse_geometric_mean_rank": 0.00018920065485872328,
        "inverse_harmonic_mean_rank": 0.0015147061936191088,
        "inverse_median_rank": 0.0001367054064758122,
        "median_absolute_deviation": 5602.75378373267,
        "median_rank": 7315.0,
        "standard_deviation": 4334.3642578125,
        "variance": 18786714.0,
        "z_arithmetic_mean_rank": 3.6612892033609796,
        "z_hits_at_k": 18.42294929802362,
        "z_inverse_harmonic_mean_rank": 26.8892859338809
      }
    },
    "head": {
      "optimistic": {
        "adjusted_arithmetic_mean_rank": 0.98490719405311,
        "adjusted_arithmetic_mean_rank_index": 0.015094854999328944,
        "adjusted_hits_at_k": 0.0010978852313046777,
        "adjusted_inverse_harmonic_mean_rank": 0.0007080517688152044,
        "arithmetic_mean_rank": 7255.564083899037,
        "count": 59071.0,
        "geometric_mean_rank": 5224.860477100204,
        "harmonic_mean_rank": 714.4891053150517,
        "hits_at_1": 0.0005417209798378223,
        "hits_at_10": 0.0017775219650928544,
        "hits_at_3": 0.0009987980565759847,
        "hits_at_5": 0.001286587327114828,
        "inverse_arithmetic_mean_rank": 0.0001378252591303162,
        "inverse_geometric_mean_rank": 0.00019139267055701356,
        "inverse_harmonic_mean_rank": 0.0013996014670637324,
        "inverse_median_rank": 0.00013900472616068947,
        "median_absolute_deviation": 5513.797650622334,
        "median_rank": 7194.0,
        "standard_deviation": 4301.428105454356,
        "variance": 18502283.746392652,
        "z_arithmetic_mean_rank": 6.3479662286523535,
        "z_hits_at_k": 10.226329805638587,
        "z_inverse_harmonic_mean_rank": 16.290813338188357
      },
      "pessimistic": {
        "adjusted_arithmetic_mean_rank": 0.9849086854543545,
        "adjusted_arithmetic_mean_rank_index": 0.015093363395606518,
        "adjusted_hits_at_k": 0.0010978852313046777,
        "adjusted_inverse_harmonic_mean_rank": 0.0007080504080451104,
        "arithmetic_mean_rank": 7255.575070677659,
        "count": 59071.0,
        "geometric_mean_rank": 5224.8727660877985,
        "harmonic_mean_rank": 714.4897995008857,
        "hits_at_1": 0.0005417209798378223,
        "hits_at_10": 0.0017775219650928544,
        "hits_at_3": 0.0009987980565759847,
        "hits_at_5": 0.001286587327114828,
        "inverse_arithmetic_mean_rank": 0.0001378250504279603,
        "inverse_geometric_mean_rank": 0.00019139222039827103,
        "inverse_harmonic_mean_rank": 0.0013996001072353454,
        "inverse_median_rank": 0.00013900472616068947,
        "median_absolute_deviation": 5513.797650622334,
        "median_rank": 7194.0,
        "standard_deviation": 4301.428409444852,
        "variance": 18502286.361579273,
        "z_arithmetic_mean_rank": 6.347338952003668,
        "z_hits_at_k": 10.226329805638587,
        "z_inverse_harmonic_mean_rank": 16.29078202967029
      },
      "realistic": {
        "adjusted_arithmetic_mean_rank": 0.9849079732733217,
        "adjusted_arithmetic_mean_rank_index": 0.015094075673327434,
        "adjusted_hits_at_k": 0.0010978852313046777,
        "adjusted_inverse_harmonic_mean_rank": 0.000708051087890621,
        "arithmetic_mean_rank": 7255.56982421875,
        "count": 59071.0,
        "geometric_mean_rank": 5224.86328125,
        "harmonic_mean_rank": 714.4894411794969,
        "hits_at_1": 0.0005417209798378223,
        "hits_at_10": 0.0017775219650928544,
        "hits_at_3": 0.0009987980565759847,
        "hits_at_5": 0.001286587327114828,
        "inverse_arithmetic_mean_rank": 0.00013782514724880457,
        "inverse_geometric_mean_rank": 0.0001913925661938265,
        "inverse_harmonic_mean_rank": 0.0013996007866103758,
        "inverse_median_rank": 0.00013900472549721599,
        "median_absolute_deviation": 5513.797650622334,
        "median_rank": 7194.0,
        "standard_deviation": 4301.42822265625,
        "variance": 18502286.0,
        "z_arithmetic_mean_rank": 6.347638492139595,
        "z_hits_at_k": 10.226329805638587,
        "z_inverse_harmonic_mean_rank": 16.290797671515698
      }
    },
    "tail": {
      "optimistic": {
        "adjusted_arithmetic_mean_rank": 1.002733849824362,
        "adjusted_arithmetic_mean_rank_index": -0.0027342189664276706,
        "adjusted_hits_at_k": 0.0016949526063758595,
        "adjusted_inverse_harmonic_mean_rank": 0.0009422128039963093,
        "arithmetic_mean_rank": 7427.205312251359,
        "count": 59071.0,
        "geometric_mean_rank": 5346.618954636671,
        "harmonic_mean_rank": 613.5675121777332,
        "hits_at_1": 0.0006602224441773459,
        "hits_at_10": 0.0023700292867904725,