{
  "evaluator_metadata": {
    "batch_size": 256,
    "slice_size": null
  },
  "losses": [
    8.82791924415056e-05,
    2.338981202127039e-06,
    2.670299490484847e-07,
    2.541239686084076e-07,
    2.686744262802388e-07
  ],
  "metrics": {
    "both": {
      "optimistic": {
        "adjusted_arithmetic_mean_rank": 0.04818624212508355,
        "adjusted_arithmetic_mean_rank_index": 0.9518602735097387,
        "adjusted_geometric_mean_rank_index": 0.9998959797743731,
        "adjusted_hits_at_k": 0.8902731885548729,
        "adjusted_inverse_harmonic_mean_rank": 0.771540162192838,
        "arithmetic_mean_rank": 986.0463,
        "count": 10000.0,
        "geometric_mean_rank": 2.566301382855976,
        "harmonic_mean_rank": 1.2960038160389173,
        "hits_at_1": 0.7075,
        "hits_at_10": 0.8903,
        "hits_at_3": 0.8156,
        "hits_at_5": 0.8519,
        "inverse_arithmetic_mean_rank": 0.0010141511610560275,
        "inverse_geometric_mean_rank": 0.3896658462176113,
        "inverse_harmonic_mean_rank": 0.7716026663072505,
        "inverse_median_rank": 1.0,
        "median_absolute_deviation": 0.0,
        "median_rank": 1.0,
        "standard_deviation": 5035.254535130901,
        "variance": 25353788.233556304,
        "z_arithmetic_mean_rank": 164.86280067963153,
        "z_geometric_mean_rank": 100.07047199367629,
        "z_hits_at_k": 5694.642917372759,
        "z_inverse_harmonic_mean_rank": 12177.824736762357
      },
      "pessimistic": {
        "adjusted_arithmetic_mean_rank": 0.048186247011896895,
        "adjusted_arithmetic_mean_rank_index": 0.9518602686226866,
        "adjusted_geometric_mean_rank_index": 0.9998959797654242,
        "adjusted_hits_at_k": 0.8902731885548729,
        "adjusted_inverse_harmonic_mean_rank": 0.7715401621652603,
        "arithmetic_mean_rank": 986.0464,
        "count": 10000.0,
        "geometric_mean_rank": 2.5663015176053334,
        "harmonic_mean_rank": 1.296003816085225,
        "hits_at_1": 0.7075,
        "hits_at_10": 0.8903,
        "hits_at_3": 0.8156,
        "hits_at_5": 0.8519,
        "inverse_arithmetic_mean_rank": 0.0010141510582057803,
        "inverse_geometric_mean_rank": 0.38966582575734116,
        "inverse_harmonic_mean_rank": 0.7716026662796803,
        "inverse_median_rank": 1.0,
        "median_absolute_deviation": 0.0,
        "median_rank": 1.0,
        "standard_deviation": 5035.254553371363,
        "variance": 25353788.41724704,
        "z_arithmetic_mean_rank": 164.862799833191,
        "z_geometric_mean_rank": 100.07047199278067,
        "z_hits_at_k": 5694.642917372759,
        "z_inverse_harmonic_mean_rank": 12177.824736327077
      },
      "realistic": {
        "adjusted_arithmetic_mean_rank": 0.048186246362866995,
        "adjusted_arithmetic_mean_rank_index": 0.9518602692717482,
        "adjusted_geometric_mean_rank_index": 0.9998959797609986,
        "adjusted_hits_at_k": 0.8902731885548729,
        "adjusted_inverse_harmonic_mean_rank": 0.7715401325962403,
        "arithmetic_mean_rank": 986.04638671875,
        "count": 10000.0,
        "geometric_mean_rank": 2.5663015842437744,
        "harmonic_mean_rank": 1.2960038657365307,
        "hits_at_1": 0.7075,
        "hits_at_10": 0.8903,
        "hits_at_3": 0.8156,
        "hits_at_5": 0.8519,
        "inverse_arithmetic_mean_rank": 0.0010141510283574462,
        "inverse_geometric_mean_rank": 0.389665812253952,
        "inverse_harmonic_mean_rank": 0.7716026367187501,
        "inverse_median_rank": 1.0,
        "median_absolute_deviation": 0.0,
        "median_rank": 1.0,
        "standard_deviation": 5035.25439453125,
        "variance": 25353788.0,
        "z_arithmetic_mean_rank": 164.86279994560888,
        "z_geometric_mean_rank": 100.07047199233776,
        "z_hits_at_k": 5694.642917372759,
        "z_inverse_harmonic_mean_rank": 12177.824269615996
      }
    },
    "head": {
      "optimistic": {
        "adjusted_arithmetic_mean_rank": 0.04813570932708946,
        "adjusted_arithmetic_mean_rank_index": 0.9519108098558059,
        "adjusted_geometric_mean_rank_index": 0.9998956496843767,
        "adjusted_hits_at_k": 0.8889728701920999,
        "adjusted_inverse_harmonic_mean_rank": 0.7717651857990683,
        "arithmetic_mean_rank": 984.9894,
        "count": 5000.0,
        "geometric_mean_rank": 2.5713136366255833,
        "harmonic_mean_rank": 1.2956260718711086,
        "hits_at_1": 0.7092,
        "hits_at_10": 0.889,
        "hits_at_3": 0.8126,
        "hits_at_5": 0.8516,
        "inverse_arithmetic_mean_rank": 0.0010152393518143444,
        "inverse_geometric_mean_rank": 0.3889062717811164,
        "inverse_harmonic_mean_rank": 0.7718276296769999,
        "inverse_median_rank": 1.0,
        "median_absolute_deviation": 0.0,
        "median_rank": 1.0,
        "standard_deviation": 5033.722594947763,
        "variance": 25338363.16288764,
        "z_arithmetic_mean_rank": 116.5817837444569,
        "z_geometric_mean_rank": 70.76572267521647,
        "z_hits_at_k": 4020.7923013041427,
        "z_inverse_harmonic_mean_rank": 8613.433431712892
      },
      "pessimistic": {
        "adjusted_arithmetic_mean_rank": 0.04813571910094273,
        "adjusted_arithmetic_mean_rank_index": 0.9519108000814749,
        "adjusted_geometric_mean_rank_index": 0.9998956496664444,
        "adjusted_hits_at_k": 0.8889728701920999,
        "adjusted_inverse_harmonic_mean_rank": 0.7717651857439131,
        "arithmetic_mean_rank": 984.9896,
        "count": 5000.0,
        "geometric_mean_rank": 2.571313906650664,
        "harmonic_mean_rank": 1.2956260719636692,
        "hits_at_1": 0.7092,
        "hits_at_10": 0.889,
        "hits_at_3": 0.8126,
        "hits_at_5": 0.8516,
        "inverse_arithmetic_mean_rank": 0.0010152391456721979,
        "inverse_geometric_mean_rank": 0.38890623094034354,
        "inverse_harmonic_mean_rank": 0.7718276296218598,
        "inverse_median_rank": 1.0,
        "median_absolute_deviation": 0.0,
        "median_rank": 1.0,
        "standard_deviation": 5033.722631481778,
        "variance": 25338363.53069184,
        "z_arithmetic_mean_rank": 116.58178254738158,
        "z_geometric_mean_rank": 70.76572267394735,
        "z_hits_at_k": 4020.7923013041427,
        "z_inverse_harmonic_mean_rank": 8613.433431097323
      },
      "realistic": {
        "adjusted_arithmetic_mean_rank": 0.048135714309463874,
        "adjusted_arithmetic_mean_rank_index": 0.9519108048731879,
        "adjusted_geometric_mean_rank_index": 0.9998956496696731,
        "adjusted_hits_at_k": 0.8889728701920999,
        "adjusted_inverse_harmonic_mean_rank": 0.7717651928427455,
        "arithmetic_mean_rank": 984.989501953125,
        "count": 5000.0,
        "geometric_mean_rank": 2.5713138580322266,
        "harmonic_mean_rank": 1.2956260600504965,
        "hits_at_1": 0.7092,
        "hits_at_10": 0.889,
        "hits_at_3": 0.8126,
        "hits_at_5": 0.8516,
        "inverse_arithmetic_mean_rank": 0.0010152392787858844,
        "inverse_geometric_mean_rank": 0.38890624046325684,
        "inverse_harmonic_mean_rank": 0.77182763671875,
        "inverse_median_rank": 1.0,
        "median_absolute_deviation": 0.0,
        "median_rank": 1.0,
        "standard_deviation": 5033.72265625,
        "variance": 25338364.0,
        "z_arithmetic_mean_rank": 116.58178313422906,
        "z_geometric_mean_rank": 70.76572267417586,
        "z_hits_at_k": 4020.7923013041427,
        "z_inverse_harmonic_mean_rank": 8613.433510325203
      }
    },
    "tail": {
      "optimistic": {
        "adjusted_arithmetic_mean_rank": 0.048236772580123974,
        "adjusted_arithmetic_mean_rank_index": 0.9518097395069041,
        "adjusted_geometric_mean_rank_index": 0.9998963195837571,
        "adjusted_hits_at_k": 0.8915735069028025,
        "adjusted_inverse_harmonic_mean_rank": 0.7713151385892261,
        "arithmetic_mean_rank": 987.1032,
        "count": 5000.0,