{
  "losses": [
    2.09204011979469e-05,
    1.6905181007187295e-05,
    1.3378267618860774e-05,
    1.0851657965730716e-05,
    8.871422993938076e-06
  ],
  "metrics": {
    "both": {
      "optimistic": {
        "adjusted_arithmetic_mean_rank": 0.04896868446936024,
        "adjusted_arithmetic_mean_rank_index": 0.9510777929270965,
        "adjusted_hits_at_k": 0.7553402180539828,
        "adjusted_inverse_harmonic_mean_rank": 0.612646630277034,
        "arithmetic_mean_rank": 1002.0576,
        "count": 10000.0,
        "geometric_mean_rank": 5.3526386004716215,
        "harmonic_mean_rank": 1.6319800035619036,
        "hits_at_1": 0.5278,
        "hits_at_10": 0.7554,
        "hits_at_3": 0.6717,
        "hits_at_5": 0.7107,
        "inverse_arithmetic_mean_rank": 0.00099794662502435,
        "inverse_geometric_mean_rank": 0.18682374706035448,
        "inverse_harmonic_mean_rank": 0.612752605924971,
        "inverse_median_rank": 1.0,
        "median_absolute_deviation": 0.0,
        "median_rank": 1.0,
        "standard_deviation": 4571.982390329411,
        "variance": 20903022.977482237,
        "z_arithmetic_mean_rank": 164.72727454841043,
        "z_hits_at_k": 4831.542585181187,
        "z_inverse_harmonic_mean_rank": 9669.883247396065
      },
      "pessimistic": {
        "adjusted_arithmetic_mean_rank": 0.04896868446936024,
        "adjusted_arithmetic_mean_rank_index": 0.9510777929270965,
        "adjusted_hits_at_k": 0.7553402180539828,
        "adjusted_inverse_harmonic_mean_rank": 0.612646630277034,
        "arithmetic_mean_rank": 1002.0576,
        "count": 10000.0,
        "geometric_mean_rank": 5.3526386004716215,
        "harmonic_mean_rank": 1.6319800035619036,
        "hits_at_1": 0.5278,
        "hits_at_10": 0.7554,
        "hits_at_3": 0.6717,
        "hits_at_5": 0.7107,
        "inverse_arithmetic_mean_rank": 0.00099794662502435,
        "inverse_geometric_mean_rank": 0.18682374706035448,
        "inverse_harmonic_mean_rank": 0.612752605924971,
        "inverse_median_rank": 1.0,
        "median_absolute_deviation": 0.0,
        "median_rank": 1.0,
        "standard_deviation": 4571.982390329411,
        "variance": 20903022.977482237,
        "z_arithmetic_mean_rank": 164.72727454841043,
        "z_hits_at_k": 4831.542585181187,
        "z_inverse_harmonic_mean_rank": 9669.883247396065
      },
      "realistic": {
        "adjusted_arithmetic_mean_rank": 0.04896868530928128,
        "adjusted_arithmetic_mean_rank_index": 0.9510777920871344,
        "adjusted_hits_at_k": 0.7553402180539828,
        "adjusted_inverse_harmonic_mean_rank": 0.612646630277034,
        "arithmetic_mean_rank": 1002.0576171875,
        "count": 10000.0,
        "geometric_mean_rank": 5.352639198303223,
        "harmonic_mean_rank": 1.6319799215470276,
        "hits_at_1": 0.5278,
        "hits_at_10": 0.7554,
        "hits_at_3": 0.6717,
        "hits_at_5": 0.7107,
        "inverse_arithmetic_mean_rank": 0.000997946597635746,
        "inverse_geometric_mean_rank": 0.18682372570037842,
        "inverse_harmonic_mean_rank": 0.612752605924971,
        "inverse_median_rank": 1.0,
        "median_absolute_deviation": 0.0,
        "median_rank": 1.0,
        "standard_deviation": 4571.982421875,
        "variance": 20903022.0,
        "z_arithmetic_mean_rank": 164.7272744029285,
        "z_hits_at_k": 4831.542585181187,
        "z_inverse_harmonic_mean_rank": 9669.883247396065
      }
    },
    "head": {
      "optimistic": {
        "adjusted_arithmetic_mean_rank": 0.04896234274102222,
        "adjusted_arithmetic_mean_rank_index": 0.9510841360429304,
        "adjusted_hits_at_k": 0.7549401188924727,
        "adjusted_inverse_harmonic_mean_rank": 0.6136099088029643,
        "arithmetic_mean_rank": 1001.9046,
        "count": 5000.0,
        "geometric_mean_rank": 5.329299858068893,
        "harmonic_mean_rank": 1.629419167883981,
        "hits_at_1": 0.5286,
        "hits_at_10": 0.755,
        "hits_at_3": 0.6732,
        "hits_at_5": 0.7098,
        "inverse_arithmetic_mean_rank": 0.000998099020605355,
        "inverse_geometric_mean_rank": 0.18764190918736492,
        "inverse_harmonic_mean_rank": 0.6137156231558476,
        "inverse_median_rank": 1.0,
        "median_absolute_deviation": 0.0,
        "median_rank": 1.0,
        "standard_deviation": 4574.616893806392,
        "variance": 20927119.72509884,
        "z_arithmetic_mean_rank": 116.48053990240568,
        "z_hits_at_k": 3414.5669904780675,
        "z_inverse_harmonic_mean_rank": 6848.311118156339
      },
      "pessimistic": {
        "adjusted_arithmetic_mean_rank": 0.04896234274102222,
        "adjusted_arithmetic_mean_rank_index": 0.9510841360429304,
        "adjusted_hits_at_k": 0.7549401188924727,
        "adjusted_inverse_harmonic_mean_rank": 0.6136099088029643,
        "arithmetic_mean_rank": 1001.9046,
        "count": 5000.0,
        "geometric_mean_rank": 5.329299858068893,
        "harmonic_mean_rank": 1.629419167883981,
        "hits_at_1": 0.5286,
        "hits_at_10": 0.755,
        "hits_at_3": 0.6732,
        "hits_at_5": 0.7098,
        "inverse_arithmetic_mean_rank": 0.000998099020605355,
        "inverse_geometric_mean_rank": 0.18764190918736492,
        "inverse_harmonic_mean_rank": 0.6137156231558476,
        "inverse_median_rank": 1.0,
        "median_absolute_deviation": 0.0,
        "median_rank": 1.0,
        "standard_deviation": 4574.616893806392,
        "variance": 20927119.72509884,
        "z_arithmetic_mean_rank": 116.48053990240568,
        "z_hits_at_k": 3414.5669904780675,
        "z_inverse_harmonic_mean_rank": 6848.311118156339
      },
      "realistic": {
        "adjusted_arithmetic_mean_rank": 0.048962342841242394,
        "adjusted_arithmetic_mean_rank_index": 0.9510841359427052,
        "adjusted_hits_at_k": 0.7549401188924727,
        "adjusted_inverse_harmonic_mean_rank": 0.6136099088029643,
        "arithmetic_mean_rank": 1001.9046020507812,
        "count": 5000.0,
        "geometric_mean_rank": 5.329300403594971,
        "harmonic_mean_rank": 1.6294191629877437,
        "hits_at_1": 0.5286,
        "hits_at_10": 0.755,
        "hits_at_3": 0.6732,
        "hits_at_5": 0.7098,
        "inverse_arithmetic_mean_rank": 0.0009980989852920175,
        "inverse_geometric_mean_rank": 0.18764188885688782,
        "inverse_harmonic_mean_rank": 0.6137156231558476,
        "inverse_median_rank": 1.0,
        "median_absolute_deviation": 0.0,
        "median_rank": 1.0,
        "standard_deviation": 4574.61669921875,
        "variance": 20927120.0,
        "z_arithmetic_mean_rank": 116.48053989013098,
        "z_hits_at_k": 3414.5669904780675,
        "z_inverse_harmonic_mean_rank": 6848.311118156339
      }
    },
    "tail": {
      "optimistic": {
        "adjusted_arithmetic_mean_rank": 0.04897502590366397,
        "adjusted_arithmetic_mean_rank_index": 0.9510714501053755,
        "adjusted_hits_at_k": 0.7557403172109258,
        "adjusted_inverse_harmonic_mean_rank": 0.6116833517623125,
        "arithmetic_mean_rank": 1002.2106,
        "count": 5000.0,
        "geometric_mean_rank": 5.376079550840021,
        "harmonic_mean_rank": 1.63454890125634,
        "hits_at_1": 0.527,
        "hits_at_10": 0.7558,
        "hits_at_3": 0.6702,
        "hits_at_5": 0.7116,
        "inverse_arithmetic_mean_rank": 0.0009977942759735329,
        "inverse_geometric_mean_rank": 0.1860091523094647,
        "inverse_harmonic_mean_rank": 0.6117895886940944,
        "inverse_median_rank": 1.0,
        "median_absolute_deviation": 0.0,
        "median_rank": 1.0,
        "standard_deviation": 4569.346362779653,
        "variance": 20878926.183047645,
        "z_arithmetic_mean_rank": 116.47900595429857,
        "z_hits_at_k": 3418.2661043162093,
        "z_inverse_harmonic_mean_rank": 6826.96866898661
      },
      "pessimistic": {
        "adjusted_arithmetic_mean_rank": 0.04897502590366397,
        "adjusted_arithmetic_mean_rank_index": 0.9510714501053755,