{
  "losses": [
    0.002552040782367046,
    0.0013616517112822108,
    0.0010789413683163901,
    0.0009065022953803493,
    0.000778262092445874
  ],
  "metrics": {
    "both": {
      "optimistic": {
        "adjusted_arithmetic_mean_rank": 0.23547394843537406,
        "adjusted_arithmetic_mean_rank_index": 0.7646295637944857,
        "adjusted_hits_at_k": 0.21288723610477697,
        "adjusted_inverse_harmonic_mean_rank": 0.11693621079345207,
        "arithmetic_mean_rank": 1739.4113016539418,
        "count": 118142.0,
        "geometric_mean_rank": 208.93563489743488,
        "harmonic_mean_rank": 8.507332970126315,
        "hits_at_1": 0.06665707369098203,
        "hits_at_10": 0.21342113727548204,
        "hits_at_3": 0.1354471737400755,
        "hits_at_5": 0.16716324423151802,
        "inverse_arithmetic_mean_rank": 0.00057490715338525,
        "inverse_geometric_mean_rank": 0.0047861629754584155,
        "inverse_harmonic_mean_rank": 0.11754565191130073,
        "inverse_median_rank": 0.0020491803278688526,
        "median_absolute_deviation": 720.5446781937226,
        "median_rank": 488.0,
        "standard_deviation": 2589.43720587806,
        "variance": 6705185.043185574,
        "z_arithmetic_mean_rank": 454.8148868492797,
        "z_hits_at_k": 2808.619217684682,
        "z_inverse_harmonic_mean_rank": 3810.7021416245047
      },
      "pessimistic": {
        "adjusted_arithmetic_mean_rank": 0.2354740939611692,
        "adjusted_arithmetic_mean_rank_index": 0.7646294182489872,
        "adjusted_hits_at_k": 0.21288723610477697,
        "adjusted_inverse_harmonic_mean_rank": 0.11693620537414412,
        "arithmetic_mean_rank": 1739.4123766315113,
        "count": 118142.0,
        "geometric_mean_rank": 208.9357986842343,
        "harmonic_mean_rank": 8.507333362076508,
        "hits_at_1": 0.06665707369098203,
        "hits_at_10": 0.21342113727548204,
        "hits_at_3": 0.1354471737400755,
        "hits_at_5": 0.16716324423151802,
        "inverse_arithmetic_mean_rank": 0.0005749067980857805,
        "inverse_geometric_mean_rank": 0.00478615922353883,
        "inverse_harmonic_mean_rank": 0.11754564649573288,
        "inverse_median_rank": 0.0020491803278688526,
        "median_absolute_deviation": 720.5446781937226,
        "median_rank": 488.0,
        "standard_deviation": 2589.438397730749,
        "variance": 6705191.215642387,
        "z_arithmetic_mean_rank": 454.8148002763004,
        "z_hits_at_k": 2808.619217684682,
        "z_inverse_harmonic_mean_rank": 3810.7019650207967
      },
      "realistic": {
        "adjusted_arithmetic_mean_rank": 0.23547402473044568,
        "adjusted_arithmetic_mean_rank_index": 0.7646294874890841,
        "adjusted_hits_at_k": 0.21288723610477697,
        "adjusted_inverse_harmonic_mean_rank": 0.11693620806333842,
        "arithmetic_mean_rank": 1739.411865234375,
        "count": 118142.0,
        "geometric_mean_rank": 208.9356231689453,
        "harmonic_mean_rank": 8.507333741808493,
        "hits_at_1": 0.06665707369098203,
        "hits_at_10": 0.21342113727548204,
        "hits_at_3": 0.1354471737400755,
        "hits_at_5": 0.16716324423151802,
        "inverse_arithmetic_mean_rank": 0.0005749069387093186,
        "inverse_geometric_mean_rank": 0.004786163102835417,
        "inverse_harmonic_mean_rank": 0.11754564918307125,
        "inverse_median_rank": 0.0020491802133619785,
        "median_absolute_deviation": 720.5446781937226,
        "median_rank": 488.0,
        "standard_deviation": 2589.437744140625,
        "variance": 6705187.5,
        "z_arithmetic_mean_rank": 454.8148414615074,
        "z_hits_at_k": 2808.619217684682,
        "z_inverse_harmonic_mean_rank": 3810.7020526559136
      }
    },
    "head": {
      "optimistic": {
        "adjusted_arithmetic_mean_rank": 0.26508252584909736,
        "adjusted_arithmetic_mean_rank_index": 0.7350172491329787,
        "adjusted_hits_at_k": 0.1697216964175407,
        "adjusted_inverse_harmonic_mean_rank": 0.0895138719752979,
        "arithmetic_mean_rank": 1952.7964314130454,
        "count": 59071.0,
        "geometric_mean_rank": 302.6048275128738,
        "harmonic_mean_rank": 11.09336609853906,
        "hits_at_1": 0.04784073403192768,
        "hits_at_10": 0.17028660425589545,
        "hits_at_3": 0.10321477543972507,
        "hits_at_5": 0.12986067613549795,
        "inverse_arithmetic_mean_rank": 0.0005120861467758823,
        "inverse_geometric_mean_rank": 0.0033046399431861566,
        "inverse_harmonic_mean_rank": 0.09014396452053404,
        "inverse_median_rank": 0.0012755102040816326,
        "median_absolute_deviation": 1156.4297304343695,
        "median_rank": 784.0,
        "standard_deviation": 2684.174746370657,
        "variance": 7204794.06905398,
        "z_arithmetic_mean_rank": 309.10298079580843,
        "z_hits_at_k": 1580.8847712394263,
        "z_inverse_harmonic_mean_rank": 2059.5298871552714
      },
      "pessimistic": {
        "adjusted_arithmetic_mean_rank": 0.26508269130501355,
        "adjusted_arithmetic_mean_rank_index": 0.7350170836545997,
        "adjusted_hits_at_k": 0.1697216964175407,
        "adjusted_inverse_harmonic_mean_rank": 0.08951386824429253,
        "arithmetic_mean_rank": 1952.79765028525,
        "count": 59071.0,
        "geometric_mean_rank": 302.6050304340035,
        "harmonic_mean_rank": 11.09336655736919,
        "hits_at_1": 0.04784073403192768,
        "hits_at_10": 0.17028660425589545,
        "hits_at_3": 0.10321477543972507,
        "hits_at_5": 0.12986067613549795,
        "inverse_arithmetic_mean_rank": 0.0005120858271485156,
        "inverse_geometric_mean_rank": 0.003304637727157991,
        "inverse_harmonic_mean_rank": 0.09014396079211066,
        "inverse_median_rank": 0.0012755102040816326,
        "median_absolute_deviation": 1156.4297304343695,
        "median_rank": 784.0,
        "standard_deviation": 2684.1761261754814,
        "variance": 7204801.476330414,
        "z_arithmetic_mean_rank": 309.102911205795,
        "z_hits_at_k": 1580.8847712394263,
        "z_inverse_harmonic_mean_rank": 2059.52980131252
      },
      "realistic": {
        "adjusted_arithmetic_mean_rank": 0.2650826192047391,
        "adjusted_arithmetic_mean_rank_index": 0.7350171557646628,
        "adjusted_hits_at_k": 0.1697216964175407,
        "adjusted_inverse_harmonic_mean_rank": 0.08951387009760452,
        "arithmetic_mean_rank": 1952.797119140625,
        "count": 59071.0,
        "geometric_mean_rank": 302.6047668457031,
        "harmonic_mean_rank": 11.093367293323608,
        "hits_at_1": 0.04784073403192768,
        "hits_at_10": 0.17028660425589545,
        "hits_at_3": 0.10321477543972507,
        "hits_at_5": 0.12986067613549795,
        "inverse_arithmetic_mean_rank": 0.0005120859714224935,
        "inverse_geometric_mean_rank": 0.003304640529677272,
        "inverse_harmonic_mean_rank": 0.09014396264414008,
        "inverse_median_rank": 0.0012755101779475808,
        "median_absolute_deviation": 1156.4297304343695,
        "median_rank": 784.0,
        "standard_deviation": 2684.175537109375,
        "variance": 7204798.0,
        "z_arithmetic_mean_rank": 309.1029415308459,
        "z_hits_at_k": 1580.8847712394263,
        "z_inverse_harmonic_mean_rank": 2059.5298439534126
      }
    },
    "tail": {
      "optimistic": {
        "adjusted_arithmetic_mean_rank": 0.2060260937923374,
        "adjusted_arithmetic_mean_rank_index": 0.7940811136940227,
        "adjusted_hits_at_k": 0.25605259606423786,
        "adjusted_inverse_harmonic_mean_rank": 0.14435844556744704,
        "arithmetic_mean_rank": 1526.0261718948384,
        "count": 59071.0,
        "geometric_mean_rank": 144.2610809906429,
        "harmonic_mean_rank": 6.899057304639579,
        "hits_at_1": 0.0854734133500364,
        "hits_at_10": 0.25655567029506865,
        "hits_at_3": 0.16767957204042594,
        "hits_at_5": 0.20446581232753805,