{
  "losses": [
    6.97649384102165e-05,
    4.809209213251929e-05,
    4.411240719934941e-05,
    3.876147011645326e-05,
    3.176101996801703e-05
  ],
  "metrics": {
    "both": {
      "optimistic": {
        "adjusted_arithmetic_mean_rank": 0.28883692078052037,
        "adjusted_arithmetic_mean_rank_index": 0.7112627563151099,
        "adjusted_hits_at_k": 0.12278097414673175,
        "adjusted_inverse_harmonic_mean_rank": 0.06165702011291035,
        "arithmetic_mean_rank": 2061.044647225756,
        "count": 40876.0,
        "geometric_mean_rank": 312.6961306089733,
        "harmonic_mean_rank": 16.044739074726174,
        "hits_at_1": 0.030457970447206186,
        "hits_at_10": 0.12339759271944417,
        "hits_at_3": 0.06365593502299638,
        "hits_at_5": 0.08564928075154124,
        "inverse_arithmetic_mean_rank": 0.00048519084792560796,
        "inverse_geometric_mean_rank": 0.003197992882267228,
        "inverse_harmonic_mean_rank": 0.062325725294916735,
        "inverse_median_rank": 0.002197802197802198,
        "median_absolute_deviation": 664.2057938905097,
        "median_rank": 455.0,
        "standard_deviation": 3245.958078763932,
        "variance": 10536243.849092837,
        "z_arithmetic_mean_rank": 248.7524141179013,
        "z_hits_at_k": 935.9634767133426,
        "z_inverse_harmonic_mean_rank": 1161.0389978492628
      },
      "pessimistic": {
        "adjusted_arithmetic_mean_rank": 0.2888369413511776,
        "adjusted_arithmetic_mean_rank_index": 0.7112627357415695,
        "adjusted_hits_at_k": 0.12278097414673175,
        "adjusted_inverse_harmonic_mean_rank": 0.06165702011019156,
        "arithmetic_mean_rank": 2061.044794011156,
        "count": 40876.0,
        "geometric_mean_rank": 312.696136716117,
        "harmonic_mean_rank": 16.044739075425582,
        "hits_at_1": 0.030457970447206186,
        "hits_at_10": 0.12339759271944417,
        "hits_at_3": 0.06365593502299638,
        "hits_at_5": 0.08564928075154124,
        "inverse_arithmetic_mean_rank": 0.0004851908133708361,
        "inverse_geometric_mean_rank": 0.0031979928198085025,
        "inverse_harmonic_mean_rank": 0.06232572529219989,
        "inverse_median_rank": 0.002197802197802198,
        "median_absolute_deviation": 664.2057938905097,
        "median_rank": 455.0,
        "standard_deviation": 3245.958340975742,
        "variance": 10536245.55134999,
        "z_arithmetic_mean_rank": 248.75240692264498,
        "z_hits_at_k": 935.9634767133426,
        "z_inverse_harmonic_mean_rank": 1161.0389977980665
      },
      "realistic": {
        "adjusted_arithmetic_mean_rank": 0.2888369250560297,
        "adjusted_arithmetic_mean_rank_index": 0.7112627520390014,
        "adjusted_hits_at_k": 0.12278097414673175,
        "adjusted_inverse_harmonic_mean_rank": 0.06165702011155085,
        "arithmetic_mean_rank": 2061.044677734375,
        "count": 40876.0,
        "geometric_mean_rank": 312.696044921875,
        "harmonic_mean_rank": 16.04473833353234,
        "hits_at_1": 0.030457970447206186,
        "hits_at_10": 0.12339759271944417,
        "hits_at_3": 0.06365593502299638,
        "hits_at_5": 0.08564928075154124,
        "inverse_arithmetic_mean_rank": 0.0004851908306591213,
        "inverse_geometric_mean_rank": 0.0031979938503354788,
        "inverse_harmonic_mean_rank": 0.06232572529355821,
        "inverse_median_rank": 0.002197802299633622,
        "median_absolute_deviation": 664.2057938905097,
        "median_rank": 455.0,
        "standard_deviation": 3245.9580078125,
        "variance": 10536244.0,
        "z_arithmetic_mean_rank": 248.75241262240291,
        "z_hits_at_k": 935.9634767133426,
        "z_inverse_harmonic_mean_rank": 1161.0389978236628
      }
    },
    "head": {
      "optimistic": {
        "adjusted_arithmetic_mean_rank": 0.280102424914663,
        "adjusted_arithmetic_mean_rank_index": 0.7199998966579886,
        "adjusted_hits_at_k": 0.09760345464392997,
        "adjusted_inverse_harmonic_mean_rank": 0.04860850280967176,
        "arithmetic_mean_rank": 1970.9794500440357,
        "count": 20438.0,
        "geometric_mean_rank": 345.32466566691244,
        "harmonic_mean_rank": 20.285374139606326,
        "hits_at_1": 0.022800665427145515,
        "hits_at_10": 0.09824836089636951,
        "hits_at_3": 0.047558469517565316,
        "hits_at_5": 0.06610235835208925,
        "inverse_arithmetic_mean_rank": 0.0005073619615758337,
        "inverse_geometric_mean_rank": 0.002895825579295756,
        "inverse_harmonic_mean_rank": 0.04929660124175589,
        "inverse_median_rank": 0.0020964360587002098,
        "median_absolute_deviation": 687.9274293865993,
        "median_rank": 477.0,
        "standard_deviation": 3132.9989276446954,
        "variance": 9815682.28062281,
        "z_arithmetic_mean_rank": 177.86604567255606,
        "z_hits_at_k": 521.7718689030245,
        "z_inverse_harmonic_mean_rank": 641.9138905064652
      },
      "pessimistic": {
        "adjusted_arithmetic_mean_rank": 0.2801024457748228,
        "adjusted_arithmetic_mean_rank_index": 0.7199998757948638,
        "adjusted_hits_at_k": 0.09760345464392997,
        "adjusted_inverse_harmonic_mean_rank": 0.04860850280770392,
        "arithmetic_mean_rank": 1970.9795968294354,
        "count": 20438.0,
        "geometric_mean_rank": 345.3246714815715,
        "harmonic_mean_rank": 20.285374140415495,
        "hits_at_1": 0.022800665427145515,
        "hits_at_10": 0.09824836089636951,
        "hits_at_3": 0.047558469517565316,
        "hits_at_5": 0.06610235835208925,
        "inverse_arithmetic_mean_rank": 0.0005073619237909026,
        "inverse_geometric_mean_rank": 0.002895825530535155,
        "inverse_harmonic_mean_rank": 0.049296601239789475,
        "inverse_median_rank": 0.0020964360587002098,
        "median_absolute_deviation": 687.9274293865993,
        "median_rank": 477.0,
        "standard_deviation": 3132.9992511936284,
        "variance": 9815684.307979835,
        "z_arithmetic_mean_rank": 177.86604051860877,
        "z_hits_at_k": 521.7718689030245,
        "z_inverse_harmonic_mean_rank": 641.9138904804784
      },
      "realistic": {
        "adjusted_arithmetic_mean_rank": 0.2801024309038104,
        "adjusted_arithmetic_mean_rank_index": 0.7199998906679899,
        "adjusted_hits_at_k": 0.09760345464392997,
        "adjusted_inverse_harmonic_mean_rank": 0.04860850280868778,
        "arithmetic_mean_rank": 1970.9794921875,
        "count": 20438.0,
        "geometric_mean_rank": 345.3247375488281,
        "harmonic_mean_rank": 20.2853743489536,
        "hits_at_1": 0.022800665427145515,
        "hits_at_10": 0.09824836089636951,
        "hits_at_3": 0.047558469517565316,
        "hits_at_5": 0.06610235835208925,
        "inverse_arithmetic_mean_rank": 0.0005073619540780783,
        "inverse_geometric_mean_rank": 0.0028958250768482685,
        "inverse_harmonic_mean_rank": 0.04929660124077262,
        "inverse_median_rank": 0.0020964359864592552,
        "median_absolute_deviation": 687.9274293865993,
        "median_rank": 477.0,
        "standard_deviation": 3132.9990234375,
        "variance": 9815683.0,
        "z_arithmetic_mean_rank": 177.86604419280948,
        "z_hits_at_k": 521.7718689030245,
        "z_inverse_harmonic_mean_rank": 641.9138904934711
      }
    },
    "tail": {
      "optimistic": {
        "adjusted_arithmetic_mean_rank": 0.297332296051859,
        "adjusted_arithmetic_mean_rank_index": 0.702764842029959,
        "adjusted_hits_at_k": 0.14795790231516903,
        "adjusted_inverse_harmonic_mean_rank": 0.07470526033128848,
        "arithmetic_mean_rank": 2151.1098444074764,
        "count": 20438.0,
        "geometric_mean_rank": 283.1505531439164,
        "harmonic_mean_rank": 13.270546071704294,
        "hits_at_1": 0.038115275467266854,
        "hits_at_10": 0.14854682454251883,
        "hits_at_3": 0.07975340052842744,
        "hits_at_5": 0.10519620315099325,