{
  "evaluator_metadata": {
    "batch_size": 8192,
    "slice_size": null
  },
  "losses": [
    0.06621763066039518,
    0.06459694919663586,
    0.0637450087589807,
    0.0629228597891125,
    0.06228165925657403
  ],
  "metrics": {
    "both": {
      "optimistic": {
        "adjusted_arithmetic_mean_rank": 0.9437711675374072,
        "adjusted_arithmetic_mean_rank_index": 0.056231580394964786,
        "adjusted_geometric_mean_rank_index": 0.13584888007932028,
        "adjusted_hits_at_k": 0.00015569078806712837,
        "adjusted_inverse_harmonic_mean_rank": 0.0001548875701843438,
        "arithmetic_mean_rank": 19312.6093,
        "count": 10000.0,
        "geometric_mean_rank": 13013.095349439951,
        "harmonic_mean_rank": 2334.080357303059,
        "hits_at_1": 0.0,
        "hits_at_10": 0.0004,
        "hits_at_3": 0.0001,
        "hits_at_5": 0.0002,
        "inverse_arithmetic_mean_rank": 5.177964222576594e-05,
        "inverse_geometric_mean_rank": 7.684566762534613e-05,
        "inverse_harmonic_mean_rank": 0.00042843426400085985,
        "inverse_median_rank": 5.2801098262843864e-05,
        "median_absolute_deviation": 15893.495782380052,
        "median_rank": 18939.0,
        "standard_deviation": 12153.88657263402,
        "variance": 147716958.82045352,
        "z_arithmetic_mean_rank": 9.739345246937546,
        "z_geometric_mean_rank": 13.59587579541774,
        "z_hits_at_k": 0.9958779562999378,
        "z_inverse_harmonic_mean_rank": 2.444712247055369
      },
      "pessimistic": {
        "adjusted_arithmetic_mean_rank": 0.9437718125967681,
        "adjusted_arithmetic_mean_rank_index": 0.05623093530407952,
        "adjusted_geometric_mean_rank_index": 0.13584804290931352,
        "adjusted_hits_at_k": 0.00015569078806712837,
        "adjusted_inverse_harmonic_mean_rank": 0.00015488743965322147,
        "arithmetic_mean_rank": 19312.6225,
        "count": 10000.0,
        "geometric_mean_rank": 13013.107955262823,
        "harmonic_mean_rank": 2334.081068233282,
        "hits_at_1": 0.0,
        "hits_at_10": 0.0004,
        "hits_at_3": 0.0001,
        "hits_at_5": 0.0002,
        "inverse_arithmetic_mean_rank": 5.177960683485632e-05,
        "inverse_geometric_mean_rank": 7.684559318479912e-05,
        "inverse_harmonic_mean_rank": 0.0004284341335054494,
        "inverse_median_rank": 5.2801098262843864e-05,
        "median_absolute_deviation": 15893.495782380052,
        "median_rank": 18939.0,
        "standard_deviation": 12153.887721967558,
        "variance": 147716986.75819376,
        "z_arithmetic_mean_rank": 9.739233516788687,
        "z_geometric_mean_rank": 13.595792010704713,
        "z_hits_at_k": 0.9958779562999378,
        "z_inverse_harmonic_mean_rank": 2.444710186780081
      },
      "realistic": {
        "adjusted_arithmetic_mean_rank": 0.9437714575392363,
        "adjusted_arithmetic_mean_rank_index": 0.05623129037896313,
        "adjusted_geometric_mean_rank_index": 0.13584762434833497,
        "adjusted_hits_at_k": 0.00015569078806712837,
        "adjusted_inverse_harmonic_mean_rank": 0.0001548874873742069,
        "arithmetic_mean_rank": 19312.615234375,
        "count": 10000.0,
        "geometric_mean_rank": 13013.1142578125,
        "harmonic_mean_rank": 2334.0808083236393,
        "hits_at_1": 0.0,
        "hits_at_10": 0.0004,
        "hits_at_3": 0.0001,
        "hits_at_5": 0.0002,
        "inverse_arithmetic_mean_rank": 5.177962520974688e-05,
        "inverse_geometric_mean_rank": 7.684555748710409e-05,
        "inverse_harmonic_mean_rank": 0.0004284341812133789,
        "inverse_median_rank": 5.2801096899202093e-05,
        "median_absolute_deviation": 15893.495782380052,
        "median_rank": 18939.0,
        "standard_deviation": 12153.88671875,
        "variance": 147716960.0,
        "z_arithmetic_mean_rank": 9.739295015982833,
        "z_geometric_mean_rank": 13.59575012075264,
        "z_hits_at_k": 0.9958779562999378,
        "z_inverse_harmonic_mean_rank": 2.444710939997898
      }
    },
    "head": {
      "optimistic": {
        "adjusted_arithmetic_mean_rank": 0.9432172063057032,
        "adjusted_arithmetic_mean_rank_index": 0.05678556876338092,
        "adjusted_geometric_mean_rank_index": 0.12458016502255864,
        "adjusted_hits_at_k": 0.0005557828463619552,
        "adjusted_inverse_harmonic_mean_rank": 0.00017251546772340296,
        "arithmetic_mean_rank": 19300.826,
        "count": 5000.0,
        "geometric_mean_rank": 13183.127109601111,
        "harmonic_mean_rank": 2241.835019542241,
        "hits_at_1": 0.0,
        "hits_at_10": 0.0008,
        "hits_at_3": 0.0002,
        "hits_at_5": 0.0004,
        "inverse_arithmetic_mean_rank": 5.181125408829653e-05,
        "inverse_geometric_mean_rank": 7.585453676402104e-05,
        "inverse_harmonic_mean_rank": 0.00044606315419418754,
        "inverse_median_rank": 5.366102331571463e-05,
        "median_absolute_deviation": 15631.816490813813,
        "median_rank": 18635.5,
        "standard_deviation": 12029.896846778196,
        "variance": 144718418.144124,
        "z_arithmetic_mean_rank": 6.954604180176574,
        "z_geometric_mean_rank": 8.81692545777343,
        "z_hits_at_k": 2.5137858136954785,
        "z_inverse_harmonic_mean_rank": 1.9253919774028487
      },
      "pessimistic": {
        "adjusted_arithmetic_mean_rank": 0.9432178709277252,
        "adjusted_arithmetic_mean_rank_index": 0.0567849041088776,
        "adjusted_geometric_mean_rank_index": 0.124579314102237,
        "adjusted_hits_at_k": 0.0005557828463619552,
        "adjusted_inverse_harmonic_mean_rank": 0.00017251532995541503,
        "arithmetic_mean_rank": 19300.8396,
        "count": 5000.0,
        "geometric_mean_rank": 13183.139922813003,
        "harmonic_mean_rank": 2241.8357117507135,
        "hits_at_1": 0.0,
        "hits_at_10": 0.0008,
        "hits_at_3": 0.0002,
        "hits_at_5": 0.0004,
        "inverse_arithmetic_mean_rank": 5.1811217580399975e-05,
        "inverse_geometric_mean_rank": 7.585446303801509e-05,
        "inverse_harmonic_mean_rank": 0.0004460630164638922,
        "inverse_median_rank": 5.366102331571463e-05,
        "median_absolute_deviation": 15631.816490813813,
        "median_rank": 18635.5,
        "standard_deviation": 12029.898754049089,
        "variance": 144718464.03267184,
        "z_arithmetic_mean_rank": 6.954522779054997,
        "z_geometric_mean_rank": 8.816865235497723,
        "z_hits_at_k": 2.5137858136954785,
        "z_inverse_harmonic_mean_rank": 1.9253904398167867
      },
      "realistic": {
        "adjusted_arithmetic_mean_rank": 0.9432175010484657,
        "adjusted_arithmetic_mean_rank_index": 0.056785274006213804,
        "adjusted_geometric_mean_rank_index": 0.12457991600156137,
        "adjusted_hits_at_k": 0.0005557828463619552,
        "adjusted_inverse_harmonic_mean_rank": 0.00017251540288220268,
        "arithmetic_mean_rank": 19300.83203125,
        "count": 5000.0,
        "geometric_mean_rank": 13183.130859375,
        "harmonic_mean_rank": 2241.835345333606,
        "hits_at_1": 0.0,
        "hits_at_10": 0.0008,
        "hits_at_3": 0.0002,
        "hits_at_5": 0.0004,
        "inverse_arithmetic_mean_rank": 5.181123924558051e-05,
        "inverse_geometric_mean_rank": 7.585451385239139e-05,
        "inverse_harmonic_mean_rank": 0.0004460630893707275,
        "inverse_median_rank": 5.36610241397284e-05,
        "median_absolute_deviation": 15631.816490813813,
        "median_rank": 18635.5,
        "standard_deviation": 12029.8984375,
        "variance": 144718448.0,
        "z_arithmetic_mean_rank": 6.95456808087404,
        "z_geometric_mean_rank": 8.816907833783532,
        "z_hits_at_k": 2.5137858136954785,
        "z_inverse_harmonic_mean_rank": 1.9253912537301927
      }
    },
    "tail": {
      "optimistic": {
        "adjusted_arithmetic_mean_rank": 0.9443251030846932,
        "adjusted_arithmetic_mean_rank_index": 0.05567761771348001,