{
  "losses": [
    0.002791654386314053,
    7.358028466998594e-05,
    2.835282286703969e-05,
    2.1093817337828796e-05,
    1.892652983966786e-05
  ],
  "metrics": {
    "both": {
      "optimistic": {
        "adjusted_arithmetic_mean_rank": 0.5663228397885496,
        "adjusted_arithmetic_mean_rank_index": 0.4337379446939893,
        "adjusted_hits_at_k": 0.060549148858748736,
        "adjusted_inverse_harmonic_mean_rank": 0.02716977127692903,
        "arithmetic_mean_rank": 4041.092303552207,
        "count": 40876.0,
        "geometric_mean_rank": 1230.6452823359225,
        "harmonic_mean_rank": 35.88982075732999,
        "hits_at_1": 0.010935512281045112,
        "hits_at_10": 0.06120951169390351,
        "hits_at_3": 0.028231725217731676,
        "hits_at_5": 0.04119776886192387,
        "inverse_arithmetic_mean_rank": 0.00024745784676112907,
        "inverse_geometric_mean_rank": 0.0008125818335742301,
        "inverse_harmonic_mean_rank": 0.027863053615160897,
        "inverse_median_rank": 0.00033500837520938025,
        "median_absolute_deviation": 4191.316471715337,
        "median_rank": 2985.0,
        "standard_deviation": 3877.5773194486583,
        "variance": 15035605.868302641,
        "z_arithmetic_mean_rank": 151.69269004908605,
        "z_hits_at_k": 461.56818897805357,
        "z_inverse_harmonic_mean_rank": 511.6232337760049
      },
      "pessimistic": {
        "adjusted_arithmetic_mean_rank": 0.5663232752007933,
        "adjusted_arithmetic_mean_rank_index": 0.43373750922071796,
        "adjusted_hits_at_k": 0.060549148858748736,
        "adjusted_inverse_harmonic_mean_rank": 0.0271697708446242,
        "arithmetic_mean_rank": 4041.0954105098344,
        "count": 40876.0,
        "geometric_mean_rank": 1230.6462909069642,
        "harmonic_mean_rank": 35.88982131377605,
        "hits_at_1": 0.010935512281045112,
        "hits_at_10": 0.06120951169390351,
        "hits_at_3": 0.028231725217731676,
        "hits_at_5": 0.04119776886192387,
        "inverse_arithmetic_mean_rank": 0.00024745765650552597,
        "inverse_geometric_mean_rank": 0.0008125811676261731,
        "inverse_harmonic_mean_rank": 0.027863053183164146,
        "inverse_median_rank": 0.00033500837520938025,
        "median_absolute_deviation": 4191.316471715337,
        "median_rank": 2985.0,
        "standard_deviation": 3877.578950153829,
        "variance": 15035618.51467607,
        "z_arithmetic_mean_rank": 151.69253774949414,
        "z_hits_at_k": 461.56818897805357,
        "z_inverse_harmonic_mean_rank": 511.6232256354434
      },
      "realistic": {
        "adjusted_arithmetic_mean_rank": 0.5663230424952339,
        "adjusted_arithmetic_mean_rank_index": 0.4337377419588935,
        "adjusted_hits_at_k": 0.060549148858748736,
        "adjusted_inverse_harmonic_mean_rank": 0.027169771060678034,
        "arithmetic_mean_rank": 4041.09375,
        "count": 40876.0,
        "geometric_mean_rank": 1230.645263671875,
        "harmonic_mean_rank": 35.88982087682511,
        "hits_at_1": 0.010935512281045112,
        "hits_at_10": 0.06120951169390351,
        "hits_at_3": 0.028231725217731676,
        "hits_at_5": 0.04119776886192387,
        "inverse_arithmetic_mean_rank": 0.0002474577631801367,
        "inverse_geometric_mean_rank": 0.0008125818567350507,
        "inverse_harmonic_mean_rank": 0.02786305339906401,
        "inverse_median_rank": 0.0003350083716213703,
        "median_absolute_deviation": 4191.316471715337,
        "median_rank": 2985.0,
        "standard_deviation": 3877.578125,
        "variance": 15035612.0,
        "z_arithmetic_mean_rank": 151.69261914583115,
        "z_hits_at_k": 461.56818897805357,
        "z_inverse_harmonic_mean_rank": 511.62322970386776
      }
    },
    "head": {
      "optimistic": {
        "adjusted_arithmetic_mean_rank": 0.6753109059937,
        "adjusted_arithmetic_mean_rank_index": 0.32473524320845226,
        "adjusted_hits_at_k": 0.007706544319798423,
        "adjusted_inverse_harmonic_mean_rank": 0.0050529021797449565,
        "arithmetic_mean_rank": 4751.918583031607,
        "count": 20438.0,
        "geometric_mean_rank": 2508.5323512557943,
        "harmonic_mean_rank": 173.2350944902231,
        "hits_at_1": 0.002299637929347294,
        "hits_at_10": 0.00841569625207946,
        "hits_at_3": 0.004403561992367159,
        "hits_at_5": 0.006164986789314023,
        "inverse_arithmetic_mean_rank": 0.00021044131597095346,
        "inverse_geometric_mean_rank": 0.0003986394672165144,
        "inverse_harmonic_mean_rank": 0.005772502407452072,
        "inverse_median_rank": 0.00024783147459727387,
        "median_absolute_deviation": 4339.576693565897,
        "median_rank": 4035.0,
        "standard_deviation": 3764.766512579791,
        "variance": 14173466.894242203,
        "z_arithmetic_mean_rank": 80.2213637364448,
        "z_hits_at_k": 41.19790684863103,
        "z_inverse_harmonic_mean_rank": 66.72758692545682
      },
      "pessimistic": {
        "adjusted_arithmetic_mean_rank": 0.6753114066375367,
        "adjusted_arithmetic_mean_rank_index": 0.32473474249345724,
        "adjusted_hits_at_k": 0.007706544319798423,
        "adjusted_inverse_harmonic_mean_rank": 0.005052901714946772,
        "arithmetic_mean_rank": 4751.922105881202,
        "count": 20438.0,
        "geometric_mean_rank": 2508.5346523933813,
        "harmonic_mean_rank": 173.2351084289142,
        "hits_at_1": 0.002299637929347294,
        "hits_at_10": 0.00841569625207946,
        "hits_at_3": 0.004403561992367159,
        "hits_at_5": 0.006164986789314023,
        "inverse_arithmetic_mean_rank": 0.0002104411599597462,
        "inverse_geometric_mean_rank": 0.0003986391015351949,
        "inverse_harmonic_mean_rank": 0.005772501942990055,
        "inverse_median_rank": 0.00024783147459727387,
        "median_absolute_deviation": 4339.576693565897,
        "median_rank": 4035.0,
        "standard_deviation": 3764.7675746432033,
        "variance": 14173474.891084868,
        "z_arithmetic_mean_rank": 80.22124004171013,
        "z_hits_at_k": 41.19790684863103,
        "z_inverse_harmonic_mean_rank": 66.7275807874276
      },
      "realistic": {
        "adjusted_arithmetic_mean_rank": 0.6753110962611738,
        "adjusted_arithmetic_mean_rank_index": 0.3247350529139351,
        "adjusted_hits_at_k": 0.007706544319798423,
        "adjusted_inverse_harmonic_mean_rank": 0.005052901947239784,
        "arithmetic_mean_rank": 4751.919921875,
        "count": 20438.0,
        "geometric_mean_rank": 2508.53369140625,
        "harmonic_mean_rank": 173.23509892383208,
        "hits_at_1": 0.002299637929347294,
        "hits_at_10": 0.00841569625207946,
        "hits_at_3": 0.004403561992367159,
        "hits_at_5": 0.006164986789314023,
        "inverse_arithmetic_mean_rank": 0.00021044125605840236,
        "inverse_geometric_mean_rank": 0.0003986392403021455,
        "inverse_harmonic_mean_rank": 0.00577250217511506,
        "inverse_median_rank": 0.0002478314854670316,
        "median_absolute_deviation": 4339.576693565897,
        "median_rank": 4035.0,
        "standard_deviation": 3764.76708984375,
        "variance": 14173471.0,
        "z_arithmetic_mean_rank": 80.22131672680848,
        "z_hits_at_k": 41.19790684863103,
        "z_inverse_harmonic_mean_rank": 66.72758385504133
      }
    },
    "tail": {
      "optimistic": {
        "adjusted_arithmetic_mean_rank": 0.46031849371867495,
        "adjusted_arithmetic_mean_rank_index": 0.5397561128500036,
        "adjusted_hits_at_k": 0.11339051230450989,
        "adjusted_inverse_harmonic_mean_rank": 0.049286170723083396,
        "arithmetic_mean_rank": 3330.2660240728055,
        "count": 20438.0,
        "geometric_mean_rank": 603.7346140572965,
        "harmonic_mean_rank": 20.018575306945234,
        "hits_at_1": 0.01957138663274293,
        "hits_at_10": 0.11400332713572757,
        "hits_at_3": 0.05205988844309619,
        "hits_at_5": 0.07623055093453371,