{
  "losses": [
    0.00018945981818183324,
    4.8747250159544595e-06,
    3.806483352484587e-06,
    3.5589507950760996e-06,
    3.4506096300906347e-06
  ],
  "metrics": {
    "both": {
      "optimistic": {
        "adjusted_arithmetic_mean_rank": 0.748950246120412,
        "adjusted_arithmetic_mean_rank_index": 0.25106213822015777,
        "adjusted_hits_at_k": 0.03840851855613144,
        "adjusted_inverse_harmonic_mean_rank": 0.021831347310534693,
        "arithmetic_mean_rank": 15183.129787961696,
        "count": 5848.0,
        "geometric_mean_rank": 5271.940706937559,
        "harmonic_mean_rank": 45.24629960213599,
        "hits_at_1": 0.012311901504787962,
        "hits_at_10": 0.03864569083447333,
        "hits_at_3": 0.02308481532147743,
        "hits_at_5": 0.028898768809849523,
        "inverse_arithmetic_mean_rank": 6.586257339332459e-05,
        "inverse_geometric_mean_rank": 0.00018968346868622018,
        "inverse_harmonic_mean_rank": 0.02210125488257148,
        "inverse_median_rank": 7.812194836139214e-05,
        "median_absolute_deviation": 16124.781728466927,
        "median_rank": 12800.5,
        "standard_deviation": 12734.650059969405,
        "variance": 162171312.14987877,
        "z_arithmetic_mean_rank": 33.253269759253385,
        "z_hits_at_k": 186.99974504247893,
        "z_inverse_harmonic_mean_rank": 262.2796617047961
      },
      "pessimistic": {
        "adjusted_arithmetic_mean_rank": 0.7489507100445709,
        "adjusted_arithmetic_mean_rank_index": 0.25106167427311343,
        "adjusted_hits_at_k": 0.03840851855613144,
        "adjusted_inverse_harmonic_mean_rank": 0.021831347249979118,
        "arithmetic_mean_rank": 15183.139192886458,
        "count": 5848.0,
        "geometric_mean_rank": 5271.943980987781,
        "harmonic_mean_rank": 45.246299726072834,
        "hits_at_1": 0.012311901504787962,
        "hits_at_10": 0.03864569083447333,
        "hits_at_3": 0.02308481532147743,
        "hits_at_5": 0.028898768809849523,
        "inverse_arithmetic_mean_rank": 6.586253259592824e-05,
        "inverse_geometric_mean_rank": 0.00018968335088656127,
        "inverse_harmonic_mean_rank": 0.022101254822032613,
        "inverse_median_rank": 7.812194836139214e-05,
        "median_absolute_deviation": 16124.781728466927,
        "median_rank": 12800.5,
        "standard_deviation": 12734.654306532657,
        "variance": 162171420.30689073,
        "z_arithmetic_mean_rank": 33.25320830930188,
        "z_hits_at_k": 186.99974504247893,
        "z_inverse_harmonic_mean_rank": 262.2796609772874
      },
      "realistic": {
        "adjusted_arithmetic_mean_rank": 0.7489504434858746,
        "adjusted_arithmetic_mean_rank_index": 0.25106194084495925,
        "adjusted_hits_at_k": 0.03840851855613144,
        "adjusted_inverse_harmonic_mean_rank": 0.021831347280254862,
        "arithmetic_mean_rank": 15183.1337890625,
        "count": 5848.0,
        "geometric_mean_rank": 5271.947265625,
        "harmonic_mean_rank": 45.24629964608544,
        "hits_at_1": 0.012311901504787962,
        "hits_at_10": 0.03864569083447333,
        "hits_at_3": 0.02308481532147743,
        "hits_at_5": 0.028898768809849523,
        "inverse_arithmetic_mean_rank": 6.586255767615512e-05,
        "inverse_geometric_mean_rank": 0.00018968322547152638,
        "inverse_harmonic_mean_rank": 0.022101254852300002,
        "inverse_median_rank": 7.812194962752983e-05,
        "median_absolute_deviation": 16124.781728466927,
        "median_rank": 12800.5,
        "standard_deviation": 12734.65234375,
        "variance": 162171376.0,
        "z_arithmetic_mean_rank": 33.25324361683795,
        "z_hits_at_k": 186.99974504247893,
        "z_inverse_harmonic_mean_rank": 262.27966134101723
      }
    },
    "head": {
      "optimistic": {
        "adjusted_arithmetic_mean_rank": 0.8731896014158192,
        "adjusted_arithmetic_mean_rank_index": 0.12681665555773147,
        "adjusted_hits_at_k": 0.022672709474702245,
        "adjusted_inverse_harmonic_mean_rank": 0.01581431335858354,
        "arithmetic_mean_rank": 17697.850889192887,
        "count": 2924.0,
        "geometric_mean_rank": 8745.380971246836,
        "harmonic_mean_rank": 62.166104430540265,
        "hits_at_1": 0.01094391244870041,
        "hits_at_10": 0.022913816689466484,
        "hits_at_3": 0.018467852257181942,
        "hits_at_5": 0.019493844049247606,
        "inverse_arithmetic_mean_rank": 5.6504035787229144e-05,
        "inverse_geometric_mean_rank": 0.000114346076321639,
        "inverse_harmonic_mean_rank": 0.016085936366132203,
        "inverse_median_rank": 5.902665053271552e-05,
        "median_absolute_deviation": 16556.96027516131,
        "median_rank": 16941.5,
        "standard_deviation": 12541.980565244461,
        "variance": 157301276.4989698,
        "z_arithmetic_mean_rank": 11.877203008876947,
        "z_hits_at_k": 78.04650152338807,
        "z_inverse_harmonic_mean_rank": 134.32938882569934
      },
      "pessimistic": {
        "adjusted_arithmetic_mean_rank": 0.8731901245009187,
        "adjusted_arithmetic_mean_rank_index": 0.12681613244682233,
        "adjusted_hits_at_k": 0.022672709474702245,
        "adjusted_inverse_harmonic_mean_rank": 0.015814313287617128,
        "arithmetic_mean_rank": 17697.86149110807,
        "count": 2924.0,
        "geometric_mean_rank": 8745.387291427725,
        "harmonic_mean_rank": 62.166104704723125,
        "hits_at_1": 0.01094391244870041,
        "hits_at_10": 0.022913816689466484,
        "hits_at_3": 0.018467852257181942,
        "hits_at_5": 0.019493844049247606,
        "inverse_arithmetic_mean_rank": 5.6504001938450566e-05,
        "inverse_geometric_mean_rank": 0.0001143459936851745,
        "inverse_harmonic_mean_rank": 0.016085936295185375,
        "inverse_median_rank": 5.902665053271552e-05,
        "median_absolute_deviation": 16556.96027516131,
        "median_rank": 16941.5,
        "standard_deviation": 12541.982420271721,
        "variance": 157301323.0304049,
        "z_arithmetic_mean_rank": 11.877154016144601,
        "z_hits_at_k": 78.04650152338807,
        "z_inverse_harmonic_mean_rank": 134.3293882228989
      },
      "realistic": {
        "adjusted_arithmetic_mean_rank": 0.8731898273653809,
        "adjusted_arithmetic_mean_rank_index": 0.12681642959702122,
        "adjusted_hits_at_k": 0.022672709474702245,
        "adjusted_inverse_harmonic_mean_rank": 0.015814313323097975,
        "arithmetic_mean_rank": 17697.85546875,
        "count": 2924.0,
        "geometric_mean_rank": 8745.3857421875,
        "harmonic_mean_rank": 62.16610392070862,
        "hits_at_1": 0.01094391244870041,
        "hits_at_10": 0.022913816689466484,
        "hits_at_3": 0.018467852257181942,
        "hits_at_5": 0.019493844049247606,
        "inverse_arithmetic_mean_rank": 5.650402090395801e-05,
        "inverse_geometric_mean_rank": 0.00011434601037763059,
        "inverse_harmonic_mean_rank": 0.01608593633065643,
        "inverse_median_rank": 5.902664997847751e-05,
        "median_absolute_deviation": 16556.96027516131,
        "median_rank": 16941.5,
        "standard_deviation": 12541.982421875,
        "variance": 157301312.0,
        "z_arithmetic_mean_rank": 11.877181846189643,
        "z_hits_at_k": 78.04650152338807,
        "z_inverse_harmonic_mean_rank": 134.3293885242791
      }
    },
    "tail": {
      "optimistic": {
        "adjusted_arithmetic_mean_rank": 0.624766004283246,
        "adjusted_arithmetic_mean_rank_index": 0.37525250198790927,
        "adjusted_hits_at_k": 0.054144325905684736,
        "adjusted_inverse_harmonic_mean_rank": 0.027848380588003943,
        "arithmetic_mean_rank": 12668.408686730507,
        "count": 2924.0,
        "geometric_mean_rank": 3178.061528576585,
        "harmonic_mean_rank": 35.56621163641454,
        "hits_at_1": 0.013679890560875513,
        "hits_at_10": 0.05437756497948017,
        "hits_at_3": 0.027701778385772913,