{
  "losses": [
    8.795345775860285e-05,
    2.2625781074151614e-06,
    2.8825618770567654e-07,
    2.830078377052869e-07,
    2.627437319533504e-07
  ],
  "metrics": {
    "both": {
      "optimistic": {
        "adjusted_arithmetic_mean_rank": 0.05202866037834784,
        "adjusted_arithmetic_mean_rank_index": 0.9480176674754901,
        "adjusted_hits_at_k": 0.895374435030444,
        "adjusted_inverse_harmonic_mean_rank": 0.7729452824278747,
        "arithmetic_mean_rank": 1064.6746,
        "count": 10000.0,
        "geometric_mean_rank": 2.5872329490836847,
        "harmonic_mean_rank": 1.2936486730420298,
        "hits_at_1": 0.7071,
        "hits_at_10": 0.8954,
        "hits_at_3": 0.8185,
        "hits_at_5": 0.8575,
        "inverse_arithmetic_mean_rank": 0.0009392541157645726,
        "inverse_geometric_mean_rank": 0.386513321250863,
        "inverse_harmonic_mean_rank": 0.7730074021167497,
        "inverse_median_rank": 1.0,
        "median_absolute_deviation": 0.0,
        "median_rank": 1.0,
        "standard_deviation": 5108.040841194875,
        "variance": 26092081.235314842,
        "z_arithmetic_mean_rank": 164.19725888705435,
        "z_hits_at_k": 5727.273100428186,
        "z_inverse_harmonic_mean_rank": 12200.002853722233
      },
      "pessimistic": {
        "adjusted_arithmetic_mean_rank": 0.052028670151974515,
        "adjusted_arithmetic_mean_rank_index": 0.9480176577013858,
        "adjusted_hits_at_k": 0.895374435030444,
        "adjusted_inverse_harmonic_mean_rank": 0.7729452824037771,
        "arithmetic_mean_rank": 1064.6748,
        "count": 10000.0,
        "geometric_mean_rank": 2.587233083873683,
        "harmonic_mean_rank": 1.2936486730823467,
        "hits_at_1": 0.7071,
        "hits_at_10": 0.8954,
        "hits_at_3": 0.8185,
        "hits_at_5": 0.8575,
        "inverse_arithmetic_mean_rank": 0.000939253939324947,
        "inverse_geometric_mean_rank": 0.38651330111424287,
        "inverse_harmonic_mean_rank": 0.7730074020926587,
        "inverse_median_rank": 1.0,
        "median_absolute_deviation": 0.0,
        "median_rank": 1.0,
        "standard_deviation": 5108.041468042811,
        "variance": 26092087.63924496,
        "z_arithmetic_mean_rank": 164.19725719417332,
        "z_hits_at_k": 5727.273100428186,
        "z_inverse_harmonic_mean_rank": 12200.002853341883
      },
      "realistic": {
        "adjusted_arithmetic_mean_rank": 0.05202866441569558,
        "adjusted_arithmetic_mean_rank_index": 0.9480176634379451,
        "adjusted_hits_at_k": 0.895374435030444,
        "adjusted_inverse_harmonic_mean_rank": 0.7729452824158229,
        "arithmetic_mean_rank": 1064.6746826171875,
        "count": 10000.0,
        "geometric_mean_rank": 2.587232828140259,
        "harmonic_mean_rank": 1.2936486399760676,
        "hits_at_1": 0.7071,
        "hits_at_10": 0.8954,
        "hits_at_3": 0.8185,
        "hits_at_5": 0.8575,
        "inverse_arithmetic_mean_rank": 0.0009392540669068694,
        "inverse_geometric_mean_rank": 0.386513352394104,
        "inverse_harmonic_mean_rank": 0.7730074021047012,
        "inverse_median_rank": 1.0,
        "median_absolute_deviation": 0.0,
        "median_rank": 1.0,
        "standard_deviation": 5108.041015625,
        "variance": 26092084.0,
        "z_arithmetic_mean_rank": 164.19725818774901,
        "z_hits_at_k": 5727.273100428186,
        "z_inverse_harmonic_mean_rank": 12200.00285353201
      }
    },
    "head": {
      "optimistic": {
        "adjusted_arithmetic_mean_rank": 0.05201507874896203,
        "adjusted_arithmetic_mean_rank_index": 0.9480312508427307,
        "adjusted_hits_at_k": 0.8943741900205923,
        "adjusted_inverse_harmonic_mean_rank": 0.7704192076970289,
        "arithmetic_mean_rank": 1064.372,
        "count": 5000.0,
        "geometric_mean_rank": 2.602302684720317,
        "harmonic_mean_rank": 1.2978888205900572,
        "hits_at_1": 0.703,
        "hits_at_10": 0.8944,
        "hits_at_3": 0.8156,
        "hits_at_5": 0.8562,
        "inverse_arithmetic_mean_rank": 0.0009395211448628862,
        "inverse_geometric_mean_rank": 0.3842750521957346,
        "inverse_harmonic_mean_rank": 0.7704820198276857,
        "inverse_median_rank": 1.0,
        "median_absolute_deviation": 0.0,
        "median_rank": 1.0,
        "standard_deviation": 5108.4860026446195,
        "variance": 26096629.239216004,
        "z_arithmetic_mean_rank": 116.10664898896995,
        "z_hits_at_k": 4045.2222765165366,
        "z_inverse_harmonic_mean_rank": 8598.411384857467
      },
      "pessimistic": {
        "adjusted_arithmetic_mean_rank": 0.05201509829666856,
        "adjusted_arithmetic_mean_rank_index": 0.9480312312940687,
        "adjusted_hits_at_k": 0.8943741900205923,
        "adjusted_inverse_harmonic_mean_rank": 0.7704192076488339,
        "arithmetic_mean_rank": 1064.3724,
        "count": 5000.0,
        "geometric_mean_rank": 2.6023029558705306,
        "harmonic_mean_rank": 1.2978888206712202,
        "hits_at_1": 0.703,
        "hits_at_10": 0.8944,
        "hits_at_3": 0.8156,
        "hits_at_5": 0.8562,
        "inverse_arithmetic_mean_rank": 0.0009395207917830263,
        "inverse_geometric_mean_rank": 0.3842750121557145,
        "inverse_harmonic_mean_rank": 0.7704820197795038,
        "inverse_median_rank": 1.0,
        "median_absolute_deviation": 0.0,
        "median_rank": 1.0,
        "standard_deviation": 5108.4872562548535,
        "variance": 26096642.04731824,
        "z_arithmetic_mean_rank": 116.10664659481931,
        "z_hits_at_k": 4045.2222765165366,
        "z_inverse_harmonic_mean_rank": 8598.411384319577
      },
      "realistic": {
        "adjusted_arithmetic_mean_rank": 0.05201508815056893,
        "adjusted_arithmetic_mean_rank_index": 0.9480312414406642,
        "adjusted_hits_at_k": 0.8943741900205923,
        "adjusted_inverse_harmonic_mean_rank": 0.7704192076729255,
        "arithmetic_mean_rank": 1064.3721923828125,
        "count": 5000.0,
        "geometric_mean_rank": 2.6023025512695312,
        "harmonic_mean_rank": 1.297888801348993,
        "hits_at_1": 0.703,
        "hits_at_10": 0.8944,
        "hits_at_3": 0.8156,
        "hits_at_5": 0.8562,
        "inverse_arithmetic_mean_rank": 0.0009395209490321577,
        "inverse_geometric_mean_rank": 0.38427507877349854,
        "inverse_harmonic_mean_rank": 0.7704820198035889,
        "inverse_median_rank": 1.0,
        "median_absolute_deviation": 0.0,
        "median_rank": 1.0,
        "standard_deviation": 5108.48681640625,
        "variance": 26096636.0,
        "z_arithmetic_mean_rank": 116.10664783748636,
        "z_hits_at_k": 4045.2222765165366,
        "z_inverse_harmonic_mean_rank": 8598.411384588457
      }
    },
    "tail": {
      "optimistic": {
        "adjusted_arithmetic_mean_rank": 0.05204224137802127,
        "adjusted_arithmetic_mean_rank_index": 0.9480040847380733,
        "adjusted_hits_at_k": 0.8963746800288777,
        "adjusted_inverse_harmonic_mean_rank": 0.7754713571293268,
        "arithmetic_mean_rank": 1064.9772,
        "count": 5000.0,
        "geometric_mean_rank": 2.57225048113251,
        "harmonic_mean_rank": 1.2894361400416687,
        "hits_at_1": 0.7112,
        "hits_at_10": 0.8964,
        "hits_at_3": 0.8214,
        "hits_at_5": 0.8588,
        "inverse_arithmetic_mean_rank": 0.0009389872384122401,
        "inverse_geometric_mean_rank": 0.3887646274478371,
        "inverse_harmonic_mean_rank": 0.7755327844058136,
        "inverse_median_rank": 1.0,
        "median_absolute_deviation": 0.0,
        "median_rank": 1.0,
        "standard_deviation": 5107.595623018737,
        "variance": 26087533.048280153,
        "z_arithmetic_mean_rank": 116.10334157194073,
        "z_hits_at_k": 4054.3651248062633,
        "z_inverse_harmonic_mean_rank": 8654.998772756573
      },
      "pessimistic": {
        "adjusted_arithmetic_mean_rank": 0.05204224137802127,