{
  "evaluator_metadata": {
    "batch_size": 1024,
    "slice_size": null
  },
  "losses": [
    0.0002195790323791253,
    1.653514352525725e-05,
    1.4086949304634584e-05,
    1.1515389150776652e-05,
    9.777598791220405e-06
  ],
  "metrics": {
    "both": {
      "optimistic": {
        "adjusted_arithmetic_mean_rank": 0.07133568713438639,
        "adjusted_arithmetic_mean_rank_index": 0.9287900484289984,
        "adjusted_geometric_mean_rank_index": 0.9924661457284999,
        "adjusted_hits_at_k": 0.35636286355421287,
        "adjusted_inverse_harmonic_mean_rank": 0.236786103943646,
        "arithmetic_mean_rank": 526.9461918707996,
        "count": 118142.0,
        "geometric_mean_rank": 41.91341929915113,
        "harmonic_mean_rank": 4.213847157632036,
        "hits_at_1": 0.173883970137631,
        "hits_at_10": 0.3567994447359957,
        "hits_at_3": 0.2580200098186928,
        "hits_at_5": 0.2985813681840497,
        "inverse_arithmetic_mean_rank": 0.001897726969901297,
        "inverse_geometric_mean_rank": 0.023858707228409135,
        "inverse_harmonic_mean_rank": 0.2373128313846932,
        "inverse_median_rank": 0.022222222222222223,
        "median_absolute_deviation": 65.23449761424648,
        "median_rank": 45.0,
        "standard_deviation": 1306.1796683025648,
        "variance": 1706105.325886998,
        "z_arithmetic_mean_rank": 552.460381843816,
        "z_geometric_mean_rank": 341.72025125001227,
        "z_hits_at_k": 4701.491763249247,
        "z_inverse_harmonic_mean_rank": 7716.354987752866
      },
      "pessimistic": {
        "adjusted_arithmetic_mean_rank": 0.07133572953166528,
        "adjusted_arithmetic_mean_rank_index": 0.9287900060259792,
        "adjusted_geometric_mean_rank_index": 0.9924661433888894,
        "adjusted_hits_at_k": 0.35636286355421287,
        "adjusted_inverse_harmonic_mean_rank": 0.23678610315360502,
        "arithmetic_mean_rank": 526.946505053241,
        "count": 118142.0,
        "geometric_mean_rank": 41.913432004661814,
        "harmonic_mean_rank": 4.213847171650723,
        "hits_at_1": 0.173883970137631,
        "hits_at_10": 0.3567994447359957,
        "hits_at_3": 0.2580200098186928,
        "hits_at_5": 0.2985813681840497,
        "inverse_arithmetic_mean_rank": 0.0018977258420168537,
        "inverse_geometric_mean_rank": 0.023858699995952973,
        "inverse_harmonic_mean_rank": 0.23731283059519745,
        "inverse_median_rank": 0.022222222222222223,
        "median_absolute_deviation": 65.23449761424648,
        "median_rank": 45.0,
        "standard_deviation": 1306.1802348103465,
        "variance": 1706106.805809212,
        "z_arithmetic_mean_rank": 552.4603566217669,
        "z_geometric_mean_rank": 341.720250444451,
        "z_hits_at_k": 4701.491763249247,
        "z_inverse_harmonic_mean_rank": 7716.354962007112
      },
      "realistic": {
        "adjusted_arithmetic_mean_rank": 0.07133570029177673,
        "adjusted_arithmetic_mean_rank_index": 0.9287900352698266,
        "adjusted_geometric_mean_rank_index": 0.9924661467040232,
        "adjusted_hits_at_k": 0.35636286355421287,
        "adjusted_inverse_harmonic_mean_rank": 0.23678609380201712,
        "arithmetic_mean_rank": 526.9462890625,
        "count": 118142.0,
        "geometric_mean_rank": 41.913414001464844,
        "harmonic_mean_rank": 4.2138473375876755,
        "hits_at_1": 0.173883970137631,
        "hits_at_10": 0.3567994447359957,
        "hits_at_3": 0.2580200098186928,
        "hits_at_5": 0.2985813681840497,
        "inverse_arithmetic_mean_rank": 0.0018977266736328602,
        "inverse_geometric_mean_rank": 0.02385871112346649,
        "inverse_harmonic_mean_rank": 0.2373128212500635,
        "inverse_median_rank": 0.02222222276031971,
        "median_absolute_deviation": 65.23449761424648,
        "median_rank": 45.0,
        "standard_deviation": 1306.179931640625,
        "variance": 1706105.875,
        "z_arithmetic_mean_rank": 552.4603740165131,
        "z_geometric_mean_rank": 341.7202515858989,
        "z_hits_at_k": 4701.491763249247,
        "z_inverse_harmonic_mean_rank": 7716.354657258773
      }
    },
    "head": {
      "optimistic": {
        "adjusted_arithmetic_mean_rank": 0.07689682971067989,
        "adjusted_arithmetic_mean_rank_index": 0.9232284940236298,
        "adjusted_geometric_mean_rank_index": 0.9906866025503254,
        "adjusted_hits_at_k": 0.32003303624630025,
        "adjusted_inverse_harmonic_mean_rank": 0.20532087082516273,
        "arithmetic_mean_rank": 566.4796431413046,
        "count": 59071.0,
        "geometric_mean_rank": 51.43193130167176,
        "harmonic_mean_rank": 4.857414947867291,
        "hits_at_1": 0.1445717864942188,
        "hits_at_10": 0.3204956746965516,
        "hits_at_3": 0.22456027492339728,
        "hits_at_5": 0.263428755226761,
        "inverse_arithmetic_mean_rank": 0.0017652885008447809,
        "inverse_geometric_mean_rank": 0.019443174205038955,
        "inverse_harmonic_mean_rank": 0.20587082032986756,
        "inverse_median_rank": 0.01694915254237288,
        "median_absolute_deviation": 85.99092867332492,
        "median_rank": 59.0,
        "standard_deviation": 1355.3119844999508,
        "variance": 1836870.575329195,
        "z_arithmetic_mean_rank": 388.25303731980824,
        "z_geometric_mean_rank": 241.1827499912326,
        "z_hits_at_k": 2980.9704002169224,
        "z_inverse_harmonic_mean_rank": 4724.010486752963
      },
      "pessimistic": {
        "adjusted_arithmetic_mean_rank": 0.07689688026665428,
        "adjusted_arithmetic_mean_rank_index": 0.9232284434607918,
        "adjusted_geometric_mean_rank_index": 0.9906865989916975,
        "adjusted_hits_at_k": 0.32003303624630025,
        "adjusted_inverse_harmonic_mean_rank": 0.20532086964081991,
        "arithmetic_mean_rank": 566.4800155744782,
        "count": 59071.0,
        "geometric_mean_rank": 51.43195057159756,
        "harmonic_mean_rank": 4.857414975791905,
        "hits_at_1": 0.1445717864942188,
        "hits_at_10": 0.3204956746965516,
        "hits_at_3": 0.22456027492339728,
        "hits_at_5": 0.263428755226761,
        "inverse_arithmetic_mean_rank": 0.0017652873402530906,
        "inverse_geometric_mean_rank": 0.0194431669202963,
        "inverse_harmonic_mean_rank": 0.20587081914634436,
        "inverse_median_rank": 0.01694915254237288,
        "median_absolute_deviation": 85.99092867332492,
        "median_rank": 59.0,
        "standard_deviation": 1355.3126588901207,
        "variance": 1836872.4033478086,
        "z_arithmetic_mean_rank": 388.253016056193,
        "z_geometric_mean_rank": 241.1827491248843,
        "z_hits_at_k": 2980.9704002169224,
        "z_inverse_harmonic_mean_rank": 4724.010459503673
      },
      "realistic": {
        "adjusted_arithmetic_mean_rank": 0.0768968589307786,
        "adjusted_arithmetic_mean_rank_index": 0.9232284647995641,
        "adjusted_geometric_mean_rank_index": 0.9906865998727367,
        "adjusted_hits_at_k": 0.32003303624630025,
        "adjusted_inverse_harmonic_mean_rank": 0.20532086895293028,
        "arithmetic_mean_rank": 566.4798583984375,
        "count": 59071.0,
        "geometric_mean_rank": 51.43194580078125,
        "harmonic_mean_rank": 4.857414992011072,
        "hits_at_1": 0.1445717864942188,
        "hits_at_10": 0.3204956746965516,
        "hits_at_3": 0.22456027492339728,
        "hits_at_5": 0.263428755226761,
        "inverse_arithmetic_mean_rank": 0.0017652878304943442,
        "inverse_geometric_mean_rank": 0.019443169236183167,
        "inverse_harmonic_mean_rank": 0.20587081845893077,
        "inverse_median_rank": 0.016949152573943138,
        "median_absolute_deviation": 85.99092867332492,
        "median_rank": 59.0,
        "standard_deviation": 1355.312255859375,
        "variance": 1836871.25,
        "z_arithmetic_mean_rank": 388.2530250299663,
        "z_geometric_mean_rank": 241.1827493393734,
        "z_hits_at_k": 2980.9704002169224,