{
  "evaluator_metadata": {
    "batch_size": 4096,
    "slice_size": null
  },
  "losses": [
    0.006557168293018543,
    0.006131826215394638,
    0.0058330251878667225,
    0.00561165085609545,
    0.005457009655934738
  ],
  "metrics": {
    "both": {
      "optimistic": {
        "adjusted_arithmetic_mean_rank": 0.9426456616120584,
        "adjusted_arithmetic_mean_rank_index": 0.057362377210596005,
        "adjusted_geometric_mean_rank_index": 0.12297663463498498,
        "adjusted_hits_at_k": 0.0006920234342332076,
        "adjusted_inverse_harmonic_mean_rank": 0.0004381064572794429,
        "arithmetic_mean_rank": 6726.40737841276,
        "count": 40876.0,
        "geometric_mean_rank": 4599.648580410729,
        "harmonic_mean_rank": 869.233415396429,
        "hits_at_1": 9.785693316371466e-05,
        "hits_at_10": 0.0013944612975829338,
        "hits_at_3": 0.00041589196594578727,
        "hits_at_5": 0.0006605342988550739,
        "inverse_arithmetic_mean_rank": 0.00014866777222107106,
        "inverse_geometric_mean_rank": 0.00021740791334774195,
        "inverse_harmonic_mean_rank": 0.0011504389756391644,
        "inverse_median_rank": 0.0001520565650421957,
        "median_absolute_deviation": 5317.352856670342,
        "median_rank": 6576.5,
        "standard_deviation": 4185.0150321375795,
        "variance": 17514350.819217503,
        "z_arithmetic_mean_rank": 20.061545025360317,
        "z_geometric_mean_rank": 24.905953532687732,
        "z_hits_at_k": 5.275317808587865,
        "z_inverse_harmonic_mean_rank": 8.249809692059822
      },
      "pessimistic": {
        "adjusted_arithmetic_mean_rank": 0.9426473106930761,
        "adjusted_arithmetic_mean_rank_index": 0.057360727898442154,
        "adjusted_geometric_mean_rank_index": 0.12297434805562524,
        "adjusted_hits_at_k": 0.0006920234342332076,
        "adjusted_inverse_harmonic_mean_rank": 0.000438104068321181,
        "arithmetic_mean_rank": 6726.419145708974,
        "count": 40876.0,
        "geometric_mean_rank": 4599.660570028499,
        "harmonic_mean_rank": 869.2352191312187,
        "hits_at_1": 9.785693316371466e-05,
        "hits_at_10": 0.0013944612975829338,
        "hits_at_3": 0.00041589196594578727,
        "hits_at_5": 0.0006605342988550739,
        "inverse_arithmetic_mean_rank": 0.00014866751213949195,
        "inverse_geometric_mean_rank": 0.00021740734664553826,
        "inverse_harmonic_mean_rank": 0.0011504365883833812,
        "inverse_median_rank": 0.0001520565650421957,
        "median_absolute_deviation": 5317.352856670342,
        "median_rank": 6576.5,
        "standard_deviation": 4185.016936089053,
        "variance": 17514366.755352203,
        "z_arithmetic_mean_rank": 20.060968205645963,
        "z_geometric_mean_rank": 24.905490441146412,
        "z_hits_at_k": 5.275317808587865,
        "z_inverse_harmonic_mean_rank": 8.249764706530177
      },
      "realistic": {
        "adjusted_arithmetic_mean_rank": 0.942646461470457,
        "adjusted_arithmetic_mean_rank_index": 0.057361577240088724,
        "adjusted_geometric_mean_rank_index": 0.12297601003791969,
        "adjusted_hits_at_k": 0.0006920234342332076,
        "adjusted_inverse_harmonic_mean_rank": 0.0004381052745533685,
        "arithmetic_mean_rank": 6726.4130859375,
        "count": 40876.0,
        "geometric_mean_rank": 4599.65185546875,
        "harmonic_mean_rank": 869.2343083889797,
        "hits_at_1": 9.785693316371466e-05,
        "hits_at_10": 0.0013944612975829338,
        "hits_at_3": 0.00041589196594578727,
        "hits_at_5": 0.0006605342988550739,
        "inverse_arithmetic_mean_rank": 0.00014866764831822366,
        "inverse_geometric_mean_rank": 0.00021740775264333934,
        "inverse_harmonic_mean_rank": 0.0011504377937559536,
        "inverse_median_rank": 0.00015205657109618187,
        "median_absolute_deviation": 5317.352856670342,
        "median_rank": 6576.5,
        "standard_deviation": 4185.01611328125,
        "variance": 17514358.0,
        "z_arithmetic_mean_rank": 20.061265248873838,
        "z_geometric_mean_rank": 24.90582703560534,
        "z_hits_at_k": 5.275317808587865,
        "z_inverse_harmonic_mean_rank": 8.249787420612163
      }
    },
    "head": {
      "optimistic": {
        "adjusted_arithmetic_mean_rank": 0.9866627195535737,
        "adjusted_arithmetic_mean_rank_index": 0.013339176120974239,
        "adjusted_geometric_mean_rank_index": 0.02607247210901087,
        "adjusted_hits_at_k": 0.0003620255024674139,
        "adjusted_inverse_harmonic_mean_rank": 0.00015334822445050558,
        "arithmetic_mean_rank": 6942.788677952833,
        "count": 20438.0,
        "geometric_mean_rank": 5030.878952767664,
        "harmonic_mean_rank": 1140.91162398533,
        "hits_at_1": 4.892846658185733e-05,
        "hits_at_10": 0.001076426264800861,
        "hits_at_3": 0.0003914277326548586,
        "hits_at_5": 0.0005871415989822879,
        "inverse_arithmetic_mean_rank": 0.00014403434216218468,
        "inverse_geometric_mean_rank": 0.000198772423146827,
        "inverse_harmonic_mean_rank": 0.0008764920778937197,
        "inverse_median_rank": 0.00014646649578908824,
        "median_absolute_deviation": 5178.729549240067,
        "median_rank": 6827.5,
        "standard_deviation": 4102.466072979059,
        "variance": 16830227.879944224,
        "z_arithmetic_mean_rank": 3.2952595134808575,
        "z_geometric_mean_rank": 3.7339554587159967,
        "z_hits_at_k": 1.9353282494158774,
        "z_inverse_harmonic_mean_rank": 2.0250851120577327
      },
      "pessimistic": {
        "adjusted_arithmetic_mean_rank": 0.9866642910189499,
        "adjusted_arithmetic_mean_rank_index": 0.01333760443224008,
        "adjusted_geometric_mean_rank_index": 0.026069825878376696,
        "adjusted_hits_at_k": 0.0003620255024674139,
        "adjusted_inverse_harmonic_mean_rank": 0.00015334516391599952,
        "arithmetic_mean_rank": 6942.7997357862805,
        "count": 20438.0,
        "geometric_mean_rank": 5030.892619307924,
        "harmonic_mean_rank": 1140.9156049524101,
        "hits_at_1": 4.892846658185733e-05,
        "hits_at_10": 0.001076426264800861,
        "hits_at_3": 0.0003914277326548586,
        "hits_at_5": 0.0005871415989822879,
        "inverse_arithmetic_mean_rank": 0.00014403411275793466,
        "inverse_geometric_mean_rank": 0.00019877188317678012,
        "inverse_harmonic_mean_rank": 0.0008764890195727597,
        "inverse_median_rank": 0.00014646649578908824,
        "median_absolute_deviation": 5178.729549240067,
        "median_rank": 6827.5,
        "standard_deviation": 4102.46654893988,
        "variance": 16830231.785170693,
        "z_arithmetic_mean_rank": 3.2948712494526546,
        "z_geometric_mean_rank": 3.7335764801795506,
        "z_hits_at_k": 1.9353282494158774,
        "z_inverse_harmonic_mean_rank": 2.025044695268523
      },
      "realistic": {
        "adjusted_arithmetic_mean_rank": 0.9866635375067887,
        "adjusted_arithmetic_mean_rank_index": 0.013338358051500632,
        "adjusted_geometric_mean_rank_index": 0.026071819300254817,
        "adjusted_hits_at_k": 0.0003620255024674139,
        "adjusted_inverse_harmonic_mean_rank": 0.00015334667558629324,
        "arithmetic_mean_rank": 6942.79443359375,
        "count": 20438.0,
        "geometric_mean_rank": 5030.88232421875,
        "harmonic_mean_rank": 1140.9136386552518,
        "hits_at_1": 4.892846658185733e-05,
        "hits_at_10": 0.001076426264800861,
        "hits_at_3": 0.0003914277326548586,
        "hits_at_5": 0.0005871415989822879,
        "inverse_arithmetic_mean_rank": 0.00014403421664610505,
        "inverse_geometric_mean_rank": 0.0001987722935155034,
        "inverse_harmonic_mean_rank": 0.0008764905301497307,
        "inverse_median_rank": 0.00014646649651695043,
        "median_absolute_deviation": 5178.729549240067,
        "median_rank": 6827.5,
        "standard_deviation": 4102.46630859375,