{
  "evaluator_metadata": {
    "batch_size": 2048,
    "slice_size": null
  },
  "losses": [
    0.002535040261322091,
    0.0013169600454131234,
    0.0010097262843328746,
    0.0008632518252629737,
    0.0007637009042292636
  ],
  "metrics": {
    "both": {
      "optimistic": {
        "adjusted_arithmetic_mean_rank": 0.2325918387095582,
        "adjusted_arithmetic_mean_rank_index": 0.7675120637406266,
        "adjusted_geometric_mean_rank_index": 0.9623243784288315,
        "adjusted_hits_at_k": 0.21144731304754785,
        "adjusted_inverse_harmonic_mean_rank": 0.11782603426599923,
        "arithmetic_mean_rank": 1718.1215825024124,
        "count": 118142.0,
        "geometric_mean_rank": 205.60158202534976,
        "harmonic_mean_rank": 8.443459883456963,
        "hits_at_1": 0.06818066394677591,
        "hits_at_10": 0.21198219092278783,
        "hits_at_3": 0.1368861200927697,
        "hits_at_5": 0.1675610705760864,
        "inverse_arithmetic_mean_rank": 0.0005820309867381554,
        "inverse_geometric_mean_rank": 0.004863775804393881,
        "inverse_harmonic_mean_rank": 0.11843486127757559,
        "inverse_median_rank": 0.0021551724137931034,
        "median_absolute_deviation": 684.9622249495881,
        "median_rank": 464.0,
        "standard_deviation": 2626.3693262666297,
        "variance": 6897815.837954232,
        "z_arithmetic_mean_rank": 456.52944766267717,
        "z_geometric_mean_rank": 331.34201080413635,
        "z_hits_at_k": 2789.6223269150987,
        "z_inverse_harmonic_mean_rank": 3839.6995940773863
      },
      "pessimistic": {
        "adjusted_arithmetic_mean_rank": 0.23259198767297054,
        "adjusted_arithmetic_mean_rank_index": 0.7675119147570456,
        "adjusted_geometric_mean_rank_index": 0.9623243588106034,
        "adjusted_hits_at_k": 0.21144731304754785,
        "adjusted_inverse_harmonic_mean_rank": 0.11782603255173432,
        "arithmetic_mean_rank": 1718.1226828731526,
        "count": 118142.0,
        "geometric_mean_rank": 205.60168856428186,
        "harmonic_mean_rank": 8.44346000558602,
        "hits_at_1": 0.06818066394677591,
        "hits_at_10": 0.21198219092278783,
        "hits_at_3": 0.1368861200927697,
        "hits_at_5": 0.1675610705760864,
        "inverse_arithmetic_mean_rank": 0.0005820306139767256,
        "inverse_geometric_mean_rank": 0.004863773284076642,
        "inverse_harmonic_mean_rank": 0.11843485956449376,
        "inverse_median_rank": 0.0021551724137931034,
        "median_absolute_deviation": 684.9622249495881,
        "median_rank": 464.0,
        "standard_deviation": 2626.370702761352,
        "variance": 6897823.068323158,
        "z_arithmetic_mean_rank": 456.5293590446669,
        "z_geometric_mean_rank": 331.3420040493006,
        "z_hits_at_k": 2789.6223269150987,
        "z_inverse_harmonic_mean_rank": 3839.699538213142
      },
      "realistic": {
        "adjusted_arithmetic_mean_rank": 0.2325918882218207,
        "adjusted_arithmetic_mean_rank_index": 0.7675120142216605,
        "adjusted_geometric_mean_rank_index": 0.9623243483069595,
        "adjusted_hits_at_k": 0.21144731304754785,
        "adjusted_inverse_harmonic_mean_rank": 0.11782603811895852,
        "arithmetic_mean_rank": 1718.1219482421875,
        "count": 118142.0,
        "geometric_mean_rank": 205.60174560546875,
        "harmonic_mean_rank": 8.443459608961314,
        "hits_at_1": 0.06818066394677591,
        "hits_at_10": 0.21198219092278783,
        "hits_at_3": 0.1368861200927697,
        "hits_at_5": 0.1675610705760864,
        "inverse_arithmetic_mean_rank": 0.0005820308579131961,
        "inverse_geometric_mean_rank": 0.004863772075623274,
        "inverse_harmonic_mean_rank": 0.11843486512787578,
        "inverse_median_rank": 0.0021551724057644606,
        "median_absolute_deviation": 684.9622249495881,
        "median_rank": 464.0,
        "standard_deviation": 2626.369873046875,
        "variance": 6897819.0,
        "z_arithmetic_mean_rank": 456.5294182079398,
        "z_geometric_mean_rank": 331.34200043274615,
        "z_hits_at_k": 2789.6223269150987,
        "z_inverse_harmonic_mean_rank": 3839.6997196371262
      }
    },
    "head": {
      "optimistic": {
        "adjusted_arithmetic_mean_rank": 0.2635138727776829,
        "adjusted_arithmetic_mean_rank_index": 0.7365861151702535,
        "adjusted_geometric_mean_rank_index": 0.9456343343807989,
        "adjusted_hits_at_k": 0.16618117235305171,
        "adjusted_inverse_harmonic_mean_rank": 0.08985695538975279,
        "arithmetic_mean_rank": 1941.2405579726092,
        "count": 59071.0,
        "geometric_mean_rank": 295.38940284600267,
        "harmonic_mean_rank": 11.05133438110848,
        "hits_at_1": 0.049127321359042506,
        "hits_at_10": 0.16674848910632967,
        "hits_at_3": 0.10329941934282473,
        "hits_at_5": 0.1294035990587598,
        "inverse_arithmetic_mean_rank": 0.0005151345081334892,
        "inverse_geometric_mean_rank": 0.0033853617982407334,
        "inverse_harmonic_mean_rank": 0.09048681050764633,
        "inverse_median_rank": 0.001440922190201729,
        "median_absolute_deviation": 1022.9955307688654,
        "median_rank": 694.0,
        "standard_deviation": 2756.3004548828058,
        "variance": 7597192.197587161,
        "z_arithmetic_mean_rank": 309.76274921507064,
        "z_geometric_mean_rank": 230.21477091238273,
        "z_hits_at_k": 1547.9063088866371,
        "z_inverse_harmonic_mean_rank": 2067.4235301210465
      },
      "pessimistic": {
        "adjusted_arithmetic_mean_rank": 0.2635140313396026,
        "adjusted_arithmetic_mean_rank_index": 0.7365859565868069,
        "adjusted_geometric_mean_rank_index": 0.9456343123996525,
        "adjusted_hits_at_k": 0.16618117235305171,
        "adjusted_inverse_harmonic_mean_rank": 0.08985695495606277,
        "arithmetic_mean_rank": 1941.241726058472,
        "count": 59071.0,
        "geometric_mean_rank": 295.38952187363765,
        "harmonic_mean_rank": 11.05133443403925,
        "hits_at_1": 0.049127321359042506,
        "hits_at_10": 0.16674848910632967,
        "hits_at_3": 0.10329941934282473,
        "hits_at_5": 0.1294035990587598,
        "inverse_arithmetic_mean_rank": 0.000515134198166251,
        "inverse_geometric_mean_rank": 0.0033853604341043016,
        "inverse_harmonic_mean_rank": 0.09048681007425645,
        "inverse_median_rank": 0.001440922190201729,
        "median_absolute_deviation": 1022.9955307688654,
        "median_rank": 694.0,
        "standard_deviation": 2756.30194280584,
        "variance": 7597200.399915249,
        "z_arithmetic_mean_rank": 309.76268252464115,
        "z_geometric_mean_rank": 230.21476556107046,
        "z_hits_at_k": 1547.9063088866371,
        "z_inverse_harmonic_mean_rank": 2067.4235201427323
      },
      "realistic": {
        "adjusted_arithmetic_mean_rank": 0.26351392827356934,
        "adjusted_arithmetic_mean_rank_index": 0.7365860596668328,
        "adjusted_geometric_mean_rank_index": 0.9456343115698167,
        "adjusted_hits_at_k": 0.16618117235305171,
        "adjusted_inverse_harmonic_mean_rank": 0.08985696537040451,
        "arithmetic_mean_rank": 1941.240966796875,
        "count": 59071.0,
        "geometric_mean_rank": 295.3895263671875,
        "harmonic_mean_rank": 11.05133316299531,
        "hits_at_1": 0.049127321359042506,
        "hits_at_10": 0.16674848910632967,
        "hits_at_3": 0.10329941934282473,
        "hits_at_5": 0.1294035990587598,
        "inverse_arithmetic_mean_rank": 0.0005151344230398536,
        "inverse_geometric_mean_rank": 0.0033853603526949883,
        "inverse_harmonic_mean_rank": 0.09048682048139105,
        "inverse_median_rank": 0.0014409221475943923,
        "median_absolute_deviation": 1022.9955307688654,
        "median_rank": 694.0,
        "standard_deviation": 2756.301025390625,
        "variance": 7597195.5,
        "z_arithmetic_mean_rank": 309.7627258737507,