{
  "evaluator_metadata": {
    "batch_size": 2048,
    "slice_size": null
  },
  "losses": [
    13.087838403357605,
    0.20433549977189364,
    0.002744033488619886,
    0.0026934515536661723,
    0.002643932435918485
  ],
  "metrics": {
    "both": {
      "optimistic": {
        "adjusted_arithmetic_mean_rank": 0.9959494722590975,
        "adjusted_arithmetic_mean_rank_index": 0.00405107615800071,
        "adjusted_geometric_mean_rank_index": 0.021381014132858422,
        "adjusted_hits_at_k": 0.0013794792690803878,
        "adjusted_inverse_harmonic_mean_rank": 0.000676489179756041,
        "arithmetic_mean_rank": 7356.93175162093,
        "count": 118142.0,
        "geometric_mean_rank": 5315.497395357781,
        "harmonic_mean_rank": 731.9753418257839,
        "hits_at_1": 0.0004147551251883327,
        "hits_at_10": 0.0020568468453217316,
        "hits_at_3": 0.000931082934096257,
        "hits_at_5": 0.001278122936804862,
        "inverse_arithmetic_mean_rank": 0.00013592623035814803,
        "inverse_geometric_mean_rank": 0.00018812914871773557,
        "inverse_harmonic_mean_rank": 0.001366166239296635,
        "inverse_median_rank": 0.00013635124079629124,
        "median_absolute_deviation": 5423.358915293492,
        "median_rank": 7334.0,
        "standard_deviation": 4278.634830765392,
        "variance": 18306716.015038792,
        "z_arithmetic_mean_rank": 2.409650151735491,
        "z_geometric_mean_rank": 7.361788160640344,
        "z_hits_at_k": 18.199456465440285,
        "z_inverse_harmonic_mean_rank": 22.045342059488902
      },
      "pessimistic": {
        "adjusted_arithmetic_mean_rank": 0.9959510214785858,
        "adjusted_arithmetic_mean_rank_index": 0.004049526728757358,
        "adjusted_geometric_mean_rank_index": 0.021378717325856278,
        "adjusted_hits_at_k": 0.0013794792690803878,
        "adjusted_inverse_harmonic_mean_rank": 0.0006764877426722778,
        "arithmetic_mean_rank": 7356.94319547663,
        "count": 118142.0,
        "geometric_mean_rank": 5315.509868419316,
        "harmonic_mean_rank": 731.9761112672941,
        "hits_at_1": 0.0004147551251883327,
        "hits_at_10": 0.0020568468453217316,
        "hits_at_3": 0.000931082934096257,
        "hits_at_5": 0.001278122936804862,
        "inverse_arithmetic_mean_rank": 0.0001359260189224845,
        "inverse_geometric_mean_rank": 0.00018812870726498567,
        "inverse_harmonic_mean_rank": 0.0013661648032046666,
        "inverse_median_rank": 0.00013635124079629124,
        "median_absolute_deviation": 5423.358915293492,
        "median_rank": 7334.0,
        "standard_deviation": 4278.635477992422,
        "variance": 18306721.553535447,
        "z_arithmetic_mean_rank": 2.40872852442817,
        "z_geometric_mean_rank": 7.360997337226195,
        "z_hits_at_k": 18.199456465440285,
        "z_inverse_harmonic_mean_rank": 22.045295227988753
      },
      "realistic": {
        "adjusted_arithmetic_mean_rank": 0.995950250449693,
        "adjusted_arithmetic_mean_rank_index": 0.0040502978620429175,
        "adjusted_geometric_mean_rank_index": 0.02138035468481103,
        "adjusted_hits_at_k": 0.0013794792690803878,
        "adjusted_inverse_harmonic_mean_rank": 0.0006764883999218058,
        "arithmetic_mean_rank": 7356.9375,
        "count": 118142.0,
        "geometric_mean_rank": 5315.5009765625,
        "harmonic_mean_rank": 731.97575936341,
        "hits_at_1": 0.0004147551251883327,
        "hits_at_10": 0.0020568468453217316,
        "hits_at_3": 0.000931082934096257,
        "hits_at_5": 0.001278122936804862,
        "inverse_arithmetic_mean_rank": 0.0001359261223115027,
        "inverse_geometric_mean_rank": 0.0001881290227174759,
        "inverse_harmonic_mean_rank": 0.0013661654600005979,
        "inverse_median_rank": 0.0001363512419629842,
        "median_absolute_deviation": 5423.358915293492,
        "median_rank": 7334.0,
        "standard_deviation": 4278.63525390625,
        "variance": 18306720.0,
        "z_arithmetic_mean_rank": 2.409187207841228,
        "z_geometric_mean_rank": 7.3615611032707875,
        "z_hits_at_k": 18.199456465440285,
        "z_inverse_harmonic_mean_rank": 22.045316646351523
      }
    },
    "head": {
      "optimistic": {
        "adjusted_arithmetic_mean_rank": 0.9842617964840297,
        "adjusted_arithmetic_mean_rank_index": 0.01574034018985404,
        "adjusted_geometric_mean_rank_index": 0.037777252629037306,
        "adjusted_hits_at_k": 0.001351989829234509,
        "adjusted_inverse_harmonic_mean_rank": 0.0007421923664650952,
        "arithmetic_mean_rank": 7250.809602004368,
        "count": 59071.0,
        "geometric_mean_rank": 5211.424203899233,
        "harmonic_mean_rank": 697.4870193828475,
        "hits_at_1": 0.00045707707673816255,
        "hits_at_10": 0.0020314536743918335,
        "hits_at_3": 0.0010157268371959168,
        "hits_at_5": 0.00130351610773476,
        "inverse_arithmetic_mean_rank": 0.00013791563354850281,
        "inverse_geometric_mean_rank": 0.00019188612572582198,
        "inverse_harmonic_mean_rank": 0.0014337184380647297,
        "inverse_median_rank": 0.00013886960144424384,
        "median_absolute_deviation": 5328.472373309133,
        "median_rank": 7201.0,
        "standard_deviation": 4237.865694484515,
        "variance": 17959505.644488726,
        "z_arithmetic_mean_rank": 6.619417540422489,
        "z_geometric_mean_rank": 9.196875836142056,
        "z_hits_at_k": 12.593205094116266,
        "z_inverse_harmonic_mean_rank": 17.076318195409776
      },
      "pessimistic": {
        "adjusted_arithmetic_mean_rank": 0.9842633384412486,
        "adjusted_arithmetic_mean_rank_index": 0.015738798023293477,
        "adjusted_geometric_mean_rank_index": 0.037774950811552466,
        "adjusted_hits_at_k": 0.001351989829234509,
        "adjusted_inverse_harmonic_mean_rank": 0.0007421905012426657,
        "arithmetic_mean_rank": 7250.820961216164,
        "count": 59071.0,
        "geometric_mean_rank": 5211.436668212272,
        "harmonic_mean_rank": 697.487926164658,
        "hits_at_1": 0.00045707707673816255,
        "hits_at_10": 0.0020314536743918335,
        "hits_at_3": 0.0010157268371959168,
        "hits_at_5": 0.00130351610773476,
        "inverse_arithmetic_mean_rank": 0.00013791541748843186,
        "inverse_geometric_mean_rank": 0.00019188566678735817,
        "inverse_harmonic_mean_rank": 0.0014337165741331085,
        "inverse_median_rank": 0.00013886960144424384,
        "median_absolute_deviation": 5328.472373309133,
        "median_rank": 7201.0,
        "standard_deviation": 4237.866652494595,
        "variance": 17959513.76432574,
        "z_arithmetic_mean_rank": 6.618769000158636,
        "z_geometric_mean_rank": 9.196315458450925,
        "z_hits_at_k": 12.593205094116266,
        "z_inverse_harmonic_mean_rank": 17.07627528048213
      },
      "realistic": {
        "adjusted_arithmetic_mean_rank": 0.9842626538451784,
        "adjusted_arithmetic_mean_rank_index": 0.015739482712306962,
        "adjusted_geometric_mean_rank_index": 0.03777578909713941,
        "adjusted_hits_at_k": 0.001351989829234509,
        "adjusted_inverse_harmonic_mean_rank": 0.0007421915149824226,
        "arithmetic_mean_rank": 7250.81591796875,
        "count": 59071.0,
        "geometric_mean_rank": 5211.43212890625,
        "harmonic_mean_rank": 697.4874333326487,
        "hits_at_1": 0.00045707707673816255,
        "hits_at_10": 0.0020314536743918335,
        "hits_at_3": 0.0010157268371959168,
        "hits_at_5": 0.00130351610773476,
        "inverse_arithmetic_mean_rank": 0.00013791551464237273,
        "inverse_geometric_mean_rank": 0.00019188583246432245,
        "inverse_harmonic_mean_rank": 0.0014337175871713171,
        "inverse_median_rank": 0.00013886959641240537,
        "median_absolute_deviation": 5328.472373309133,
        "median_rank": 7201.0,
        "standard_deviation": 4237.8662109375,
        "variance": 17959510.0,