{
  "losses": [
    0.002799568278957982,
    0.002799524831899284,
    0.002799194914067409,
    0.0027994709019207786,
    0.002799336377016278
  ],
  "metrics": {
    "both": {
      "optimistic": {
        "adjusted_arithmetic_mean_rank": 0.9900345170286631,
        "adjusted_arithmetic_mean_rank_index": 0.009965969989687906,
        "adjusted_hits_at_k": -0.00014438253402528848,
        "adjusted_inverse_harmonic_mean_rank": -4.224514997842025e-05,
        "arithmetic_mean_rank": 20259.307,
        "count": 10000.0,
        "geometric_mean_rank": 14914.15475604489,
        "harmonic_mean_rank": 4322.3528231180835,
        "hits_at_1": 0.0,
        "hits_at_10": 0.0001,
        "hits_at_3": 0.0001,
        "hits_at_5": 0.0001,
        "inverse_arithmetic_mean_rank": 4.9360029935870956e-05,
        "inverse_geometric_mean_rank": 6.705039718021483e-05,
        "inverse_harmonic_mean_rank": 0.00023135547719554608,
        "inverse_median_rank": 4.975371909050202e-05,
        "median_absolute_deviation": 15158.125082001274,
        "median_rank": 20099.0,
        "standard_deviation": 11779.53928541991,
        "variance": 138757545.776751,
        "z_arithmetic_mean_rank": 1.726112297901551,
        "z_hits_at_k": -0.9235445763722028,
        "z_inverse_harmonic_mean_rank": -0.6667884027621884
      },
      "pessimistic": {
        "adjusted_arithmetic_mean_rank": 0.9900373269463334,
        "adjusted_arithmetic_mean_rank_index": 0.009963159934695431,
        "adjusted_hits_at_k": -0.00014438253402528848,
        "adjusted_inverse_harmonic_mean_rank": -4.224635404830653e-05,
        "arithmetic_mean_rank": 20259.3645,
        "count": 10000.0,
        "geometric_mean_rank": 14914.222346617338,
        "harmonic_mean_rank": 4322.375312397938,
        "hits_at_1": 0.0,
        "hits_at_10": 0.0001,
        "hits_at_3": 0.0001,
        "hits_at_5": 0.0001,
        "inverse_arithmetic_mean_rank": 4.935988984254664e-05,
        "inverse_geometric_mean_rank": 6.705009331088642e-05,
        "inverse_harmonic_mean_rank": 0.00023135427345508016,
        "inverse_median_rank": 4.9752481405010074e-05,
        "median_absolute_deviation": 15158.125082001274,
        "median_rank": 20099.5,
        "standard_deviation": 11779.540283187614,
        "variance": 138757569.28323975,
        "z_arithmetic_mean_rank": 1.7256255946016665,
        "z_hits_at_k": -0.9235445763722028,
        "z_inverse_harmonic_mean_rank": -0.6668074075434873
      },
      "realistic": {
        "adjusted_arithmetic_mean_rank": 0.9900358357047002,
        "adjusted_arithmetic_mean_rank_index": 0.009964651249206313,
        "adjusted_hits_at_k": -0.00014438253402528848,
        "adjusted_inverse_harmonic_mean_rank": -4.2245752311731276e-05,
        "arithmetic_mean_rank": 20259.333984375,
        "count": 10000.0,
        "geometric_mean_rank": 14914.1748046875,
        "harmonic_mean_rank": 4322.363974171985,
        "hits_at_1": 0.0,
        "hits_at_10": 0.0001,
        "hits_at_3": 0.0001,
        "hits_at_5": 0.0001,
        "inverse_arithmetic_mean_rank": 4.9359965487383306e-05,
        "inverse_geometric_mean_rank": 6.705030682496727e-05,
        "inverse_harmonic_mean_rank": 0.00023135487502702685,
        "inverse_median_rank": 4.9753100029192865e-05,
        "median_absolute_deviation": 15158.125082001274,
        "median_rank": 20099.25,
        "standard_deviation": 11779.5390625,
        "variance": 138757552.0,
        "z_arithmetic_mean_rank": 1.7258838912170802,
        "z_hits_at_k": -0.9235445763722028,
        "z_inverse_harmonic_mean_rank": -0.666797909862213
      }
    },
    "head": {
      "optimistic": {
        "adjusted_arithmetic_mean_rank": 0.9904344373197072,
        "adjusted_arithmetic_mean_rank_index": 0.009566030165168882,
        "adjusted_hits_at_k": -0.0002444126837850729,
        "adjusted_inverse_harmonic_mean_rank": -6.842764639345146e-05,
        "arithmetic_mean_rank": 20267.0208,
        "count": 5000.0,
        "geometric_mean_rank": 15026.007280375668,
        "harmonic_mean_rank": 4873.627784794362,
        "hits_at_1": 0.0,
        "hits_at_10": 0.0,
        "hits_at_3": 0.0,
        "hits_at_5": 0.0,
        "inverse_arithmetic_mean_rank": 4.934124308985759e-05,
        "inverse_geometric_mean_rank": 6.655127881549907e-05,
        "inverse_harmonic_mean_rank": 0.00020518596088112915,
        "inverse_median_rank": 5.0261359067149175e-05,
        "median_absolute_deviation": 14680.72716764247,
        "median_rank": 19896.0,
        "standard_deviation": 11647.709523334077,
        "variance": 135669137.13996735,
        "z_arithmetic_mean_rank": 1.1715644453891514,
        "z_hits_at_k": -1.1054697733258656,
        "z_inverse_harmonic_mean_rank": -0.7636998765220726
      },
      "pessimistic": {
        "adjusted_arithmetic_mean_rank": 0.9904372521894481,
        "adjusted_arithmetic_mean_rank_index": 0.009563215157860516,
        "adjusted_hits_at_k": -0.0002444126837850729,
        "adjusted_inverse_harmonic_mean_rank": -6.842836303762437e-05,
        "arithmetic_mean_rank": 20267.0784,
        "count": 5000.0,
        "geometric_mean_rank": 15026.073723288115,
        "harmonic_mean_rank": 4873.644802106642,
        "hits_at_1": 0.0,
        "hits_at_10": 0.0,
        "hits_at_3": 0.0,
        "hits_at_5": 0.0,
        "inverse_arithmetic_mean_rank": 4.93411028596998e-05,
        "inverse_geometric_mean_rank": 6.65509845363099e-05,
        "inverse_harmonic_mean_rank": 0.00020518524443302643,
        "inverse_median_rank": 5.0261359067149175e-05,
        "median_absolute_deviation": 14680.72716764247,
        "median_rank": 19896.0,
        "standard_deviation": 11647.705968913082,
        "variance": 135669054.33825344,
        "z_arithmetic_mean_rank": 1.1712196876977146,
        "z_hits_at_k": -1.1054697733258656,
        "z_inverse_harmonic_mean_rank": -0.763707874766864
      },
      "realistic": {
        "adjusted_arithmetic_mean_rank": 0.9904358070336128,
        "adjusted_arithmetic_mean_rank_index": 0.00956466038432302,
        "adjusted_hits_at_k": -0.0002444126837850729,
        "adjusted_inverse_harmonic_mean_rank": -6.842800477898023e-05,
        "arithmetic_mean_rank": 20267.048828125,
        "count": 5000.0,
        "geometric_mean_rank": 15026.03125,
        "harmonic_mean_rank": 4873.636259270741,
        "hits_at_1": 0.0,
        "hits_at_10": 0.0,
        "hits_at_3": 0.0,
        "hits_at_5": 0.0,
        "inverse_arithmetic_mean_rank": 4.934117532684468e-05,
        "inverse_geometric_mean_rank": 6.655117613263428e-05,
        "inverse_harmonic_mean_rank": 0.00020518560259365283,
        "inverse_median_rank": 5.026135841035284e-05,
        "median_absolute_deviation": 14680.72716764247,
        "median_rank": 19896.0,
        "standard_deviation": 11647.7080078125,
        "variance": 135669104.0,
        "z_arithmetic_mean_rank": 1.171396686505986,
        "z_hits_at_k": -1.1054697733258656,
        "z_inverse_harmonic_mean_rank": -0.7637038763525288
      }
    },
    "tail": {
      "optimistic": {
        "adjusted_arithmetic_mean_rank": 0.9896346152799272,
        "adjusted_arithmetic_mean_rank_index": 0.010365891270086691,
        "adjusted_hits_at_k": -4.4352385407381626e-05,
        "adjusted_inverse_harmonic_mean_rank": -1.606265386805113e-05,
        "arithmetic_mean_rank": 20251.5932,
        "count": 5000.0,
        "geometric_mean_rank": 14803.134853911464,
        "harmonic_mean_rank": 3883.1182417302443,
        "hits_at_1": 0.0,
        "hits_at_10": 0.0002,
        "hits_at_3": 0.0002,
        "hits_at_5": 0.0002,
        "inverse_arithmetic_mean_rank": 4.937883109364453e-05,
        "inverse_geometric_mean_rank": 6.755325881097192e-05,
        "inverse_harmonic_mean_rank": 0.00025752499350996296,
        "inverse_median_rank": 4.927807618390578e-05,
        "median_absolute_deviation": 15595.492736460426,
        "median_rank": 20293.0,
        "standard_deviation": 11909.904928592578,