{
  "evaluator_metadata": {
    "batch_size": 2048,
    "slice_size": null
  },
  "losses": [
    9.350439590000361e-05,
    1.3484684583750924e-05,
    1.1116209103459396e-05,
    9.792114026757163e-06,
    8.904646023875852e-06
  ],
  "metrics": {
    "both": {
      "optimistic": {
        "adjusted_arithmetic_mean_rank": 0.061309328820577665,
        "adjusted_arithmetic_mean_rank_index": 0.9388177642514287,
        "adjusted_geometric_mean_rank_index": 0.9926356631379782,
        "adjusted_hits_at_k": 0.34970533694843586,
        "adjusted_inverse_harmonic_mean_rank": 0.23031375805864562,
        "arithmetic_mean_rank": 452.8829628751841,
        "count": 118142.0,
        "geometric_mean_rank": 40.99283647360712,
        "harmonic_mean_rank": 4.331911916722617,
        "hits_at_1": 0.16881380034196136,
        "hits_at_10": 0.3501464339523624,
        "hits_at_3": 0.24841292681688137,
        "hits_at_5": 0.2896345076264157,
        "inverse_arithmetic_mean_rank": 0.002208075997496958,
        "inverse_geometric_mean_rank": 0.02439450611435101,
        "inverse_harmonic_mean_rank": 0.23084495234994698,
        "inverse_median_rank": 0.022727272727272728,
        "median_absolute_deviation": 63.75189539574088,
        "median_rank": 44.0,
        "standard_deviation": 1078.3816682039305,
        "variance": 1162907.0223182922,
        "z_arithmetic_mean_rank": 558.4250406185861,
        "z_geometric_mean_rank": 341.77861851221815,
        "z_hits_at_k": 4613.659080043995,
        "z_inverse_harmonic_mean_rank": 7505.435015590688
      },
      "pessimistic": {
        "adjusted_arithmetic_mean_rank": 0.061309349446280914,
        "adjusted_arithmetic_mean_rank_index": 0.9388177436229329,
        "adjusted_geometric_mean_rank_index": 0.9926356616147918,
        "adjusted_hits_at_k": 0.34970533694843586,
        "adjusted_inverse_harmonic_mean_rank": 0.2303137574763396,
        "arithmetic_mean_rank": 452.8831152342097,
        "count": 118142.0,
        "geometric_mean_rank": 40.99284474543766,
        "harmonic_mean_rank": 4.331911927642317,
        "hits_at_1": 0.16881380034196136,
        "hits_at_10": 0.3501464339523624,
        "hits_at_3": 0.24841292681688137,
        "hits_at_5": 0.2896345076264157,
        "inverse_arithmetic_mean_rank": 0.002208075254655602,
        "inverse_geometric_mean_rank": 0.024394501191852415,
        "inverse_harmonic_mean_rank": 0.23084495176804282,
        "inverse_median_rank": 0.022727272727272728,
        "median_absolute_deviation": 63.75189539574088,
        "median_rank": 44.0,
        "standard_deviation": 1078.3819740001402,
        "variance": 1162907.681848439,
        "z_arithmetic_mean_rank": 558.4250283484,
        "z_geometric_mean_rank": 341.77861798776337,
        "z_hits_at_k": 4613.659080043995,
        "z_inverse_harmonic_mean_rank": 7505.434996614574
      },
      "realistic": {
        "adjusted_arithmetic_mean_rank": 0.061309345645473065,
        "adjusted_arithmetic_mean_rank_index": 0.9388177474242554,
        "adjusted_geometric_mean_rank_index": 0.9926356611181276,
        "adjusted_hits_at_k": 0.34970533694843586,
        "adjusted_inverse_harmonic_mean_rank": 0.23031375818123168,
        "arithmetic_mean_rank": 452.8830871582031,
        "count": 118142.0,
        "geometric_mean_rank": 40.99284744262695,
        "harmonic_mean_rank": 4.331911914423821,
        "hits_at_1": 0.16881380034196136,
        "hits_at_10": 0.3501464339523624,
        "hits_at_3": 0.24841292681688137,
        "hits_at_5": 0.2896345076264157,
        "inverse_arithmetic_mean_rank": 0.002208075486123562,
        "inverse_geometric_mean_rank": 0.024394499137997627,
        "inverse_harmonic_mean_rank": 0.23084495247244843,
        "inverse_median_rank": 0.022727273404598236,
        "median_absolute_deviation": 63.75189539574088,
        "median_rank": 44.0,
        "standard_deviation": 1078.3818359375,
        "variance": 1162907.5,
        "z_arithmetic_mean_rank": 558.4250306094924,
        "z_geometric_mean_rank": 341.7786178167548,
        "z_hits_at_k": 4613.659080043995,
        "z_inverse_harmonic_mean_rank": 7505.435019585506
      }
    },
    "head": {
      "optimistic": {
        "adjusted_arithmetic_mean_rank": 0.0681778728311803,
        "adjusted_arithmetic_mean_rank_index": 0.9319486346193927,
        "adjusted_geometric_mean_rank_index": 0.9906846783036631,
        "adjusted_hits_at_k": 0.31298586873037954,
        "adjusted_inverse_harmonic_mean_rank": 0.19818517693798296,
        "arithmetic_mean_rank": 502.2492762946285,
        "count": 59071.0,
        "geometric_mean_rank": 51.44235107340421,
        "harmonic_mean_rank": 5.031698071957418,
        "hits_at_1": 0.13917150547646054,
        "hits_at_10": 0.3134533019586599,
        "hits_at_3": 0.21396285825531988,
        "hits_at_5": 0.2538809229571194,
        "inverse_arithmetic_mean_rank": 0.0019910431875134887,
        "inverse_geometric_mean_rank": 0.019439235943417094,
        "inverse_harmonic_mean_rank": 0.19874006462613178,
        "inverse_median_rank": 0.016666666666666666,
        "median_absolute_deviation": 87.47353089183052,
        "median_rank": 60.0,
        "standard_deviation": 1139.641318600422,
        "variance": 1298782.3350613085,
        "z_arithmetic_mean_rank": 391.9201913278106,
        "z_geometric_mean_rank": 241.18228153319507,
        "z_hits_at_k": 2915.329058883141,
        "z_inverse_harmonic_mean_rank": 4559.832862637971
      },
      "pessimistic": {
        "adjusted_arithmetic_mean_rank": 0.068177891215171,
        "adjusted_arithmetic_mean_rank_index": 0.9319486162329061,
        "adjusted_geometric_mean_rank_index": 0.9906846771163226,
        "adjusted_hits_at_k": 0.31298586873037954,
        "adjusted_inverse_harmonic_mean_rank": 0.19818517668041305,
        "arithmetic_mean_rank": 502.2494117248735,
        "count": 59071.0,
        "geometric_mean_rank": 51.44235750283864,
        "harmonic_mean_rank": 5.031698078474057,
        "hits_at_1": 0.13917150547646054,
        "hits_at_10": 0.3134533019586599,
        "hits_at_3": 0.21396285825531988,
        "hits_at_5": 0.2538809229571194,
        "inverse_arithmetic_mean_rank": 0.001991042650633882,
        "inverse_geometric_mean_rank": 0.019439233513837677,
        "inverse_harmonic_mean_rank": 0.19874006436874012,
        "inverse_median_rank": 0.016666666666666666,
        "median_absolute_deviation": 87.47353089183052,
        "median_rank": 60.0,
        "standard_deviation": 1139.6416993059368,
        "variance": 1298783.2027969232,
        "z_arithmetic_mean_rank": 391.9201835955869,
        "z_geometric_mean_rank": 241.18228124413687,
        "z_hits_at_k": 2915.329058883141,
        "z_inverse_harmonic_mean_rank": 4559.832856711818
      },
      "realistic": {
        "adjusted_arithmetic_mean_rank": 0.06817788407579185,
        "adjusted_arithmetic_mean_rank_index": 0.9319486233732546,
        "adjusted_geometric_mean_rank_index": 0.9906846794870225,
        "adjusted_hits_at_k": 0.31298586873037954,
        "adjusted_inverse_harmonic_mean_rank": 0.19818519443912916,
        "arithmetic_mean_rank": 502.2493591308594,
        "count": 59071.0,
        "geometric_mean_rank": 51.442344665527344,
        "harmonic_mean_rank": 5.03169762917033,
        "hits_at_1": 0.13917150547646054,
        "hits_at_10": 0.3134533019586599,
        "hits_at_3": 0.21396285825531988,
        "hits_at_5": 0.2538809229571194,
        "inverse_arithmetic_mean_rank": 0.0019910428673028946,
        "inverse_geometric_mean_rank": 0.01943923905491829,
        "inverse_harmonic_mean_rank": 0.1987400821151665,
        "inverse_median_rank": 0.01666666753590107,
        "median_absolute_deviation": 87.47353089183052,
        "median_rank": 60.0,
        "standard_deviation": 1139.6414794921875,
        "variance": 1298782.75,
        "z_arithmetic_mean_rank": 391.9201865983776,
        "z_geometric_mean_rank": 241.18228182128405,