{
  "losses": [
    0.002959653189315609,
    0.002774793042292991,
    0.0025934358465079417,
    0.002415573638258217,
    0.0022410840366893685
  ],
  "metrics": {
    "both": {
      "optimistic": {
        "adjusted_arithmetic_mean_rank": 0.46136554119551004,
        "adjusted_arithmetic_mean_rank_index": 0.5387073866711023,
        "adjusted_hits_at_k": 0.10635834027671416,
        "adjusted_inverse_harmonic_mean_rank": 0.06391836136475008,
        "arithmetic_mean_rank": 3408.039156269574,
        "count": 118142.0,
        "geometric_mean_rank": 767.5402133699725,
        "harmonic_mean_rank": 15.488413386485405,
        "hits_at_1": 0.042829814968427825,
        "hits_at_10": 0.10696450034704,
        "hits_at_3": 0.06818066394677591,
        "hits_at_5": 0.08373821333649337,
        "inverse_arithmetic_mean_rank": 0.0002934238587489106,
        "inverse_geometric_mean_rank": 0.0013028633322147206,
        "inverse_harmonic_mean_rank": 0.06456439242979928,
        "inverse_median_rank": 0.0005056890012642225,
        "median_absolute_deviation": 2884.4026161026486,
        "median_rank": 1977.5,
        "standard_deviation": 3729.6833542856266,
        "variance": 13910537.923235284,
        "z_arithmetic_mean_rank": 320.43246915252945,
        "z_hits_at_k": 1403.1845399843735,
        "z_inverse_harmonic_mean_rank": 2082.963308705239
      },
      "pessimistic": {
        "adjusted_arithmetic_mean_rank": 0.4613685399435877,
        "adjusted_arithmetic_mean_rank_index": 0.5387043875170122,
        "adjusted_hits_at_k": 0.10635834027671416,
        "adjusted_inverse_harmonic_mean_rank": 0.0639183208909707,
        "arithmetic_mean_rank": 3408.061307579015,
        "count": 118142.0,
        "geometric_mean_rank": 767.5465563380474,
        "harmonic_mean_rank": 15.488423089084028,
        "hits_at_1": 0.042829814968427825,
        "hits_at_10": 0.10696450034704,
        "hits_at_3": 0.06818066394677591,
        "hits_at_5": 0.08373821333649337,
        "inverse_arithmetic_mean_rank": 0.00029342195158759337,
        "inverse_geometric_mean_rank": 0.0013028525654143826,
        "inverse_harmonic_mean_rank": 0.06456435198395262,
        "inverse_median_rank": 0.0005056890012642225,
        "median_absolute_deviation": 2884.4026161026486,
        "median_rank": 1977.5,
        "standard_deviation": 3729.6976699738793,
        "variance": 13910644.709408585,
        "z_arithmetic_mean_rank": 320.43068520381394,
        "z_hits_at_k": 1403.1845399843735,
        "z_inverse_harmonic_mean_rank": 2082.961989750941
      },
      "realistic": {
        "adjusted_arithmetic_mean_rank": 0.4613670488334821,
        "adjusted_arithmetic_mean_rank_index": 0.5387058788290051,
        "adjusted_hits_at_k": 0.10635834027671416,
        "adjusted_inverse_harmonic_mean_rank": 0.0639183407927078,
        "arithmetic_mean_rank": 3408.05029296875,
        "count": 118142.0,
        "geometric_mean_rank": 767.54345703125,
        "harmonic_mean_rank": 15.48841803698083,
        "hits_at_1": 0.042829814968427825,
        "hits_at_10": 0.10696450034704,
        "hits_at_3": 0.06818066394677591,
        "hits_at_5": 0.08373821333649337,
        "inverse_arithmetic_mean_rank": 0.00029342289781197906,
        "inverse_geometric_mean_rank": 0.0013028578832745552,
        "inverse_harmonic_mean_rank": 0.06456437187195466,
        "inverse_median_rank": 0.0005056890076957643,
        "median_absolute_deviation": 2884.4026161026486,
        "median_rank": 1977.5,
        "standard_deviation": 3729.6904296875,
        "variance": 13910590.0,
        "z_arithmetic_mean_rank": 320.43157226197576,
        "z_hits_at_k": 1403.1845399843735,
        "z_inverse_harmonic_mean_rank": 2082.9626383061805
      }
    },
    "head": {
      "optimistic": {
        "adjusted_arithmetic_mean_rank": 0.4984113221667289,
        "adjusted_arithmetic_mean_rank_index": 0.5016567752769987,
        "adjusted_hits_at_k": 0.07201000836025624,
        "adjusted_inverse_harmonic_mean_rank": 0.041081447926066904,
        "arithmetic_mean_rank": 3671.671107650116,
        "count": 59071.0,
        "geometric_mean_rank": 1054.047269125659,
        "harmonic_mean_rank": 23.954931595237145,
        "hits_at_1": 0.025850248006636083,
        "hits_at_10": 0.07264139764012797,
        "hits_at_3": 0.04159401398317279,
        "hits_at_5": 0.05302094090162686,
        "inverse_arithmetic_mean_rank": 0.00027235554892605945,
        "inverse_geometric_mean_rank": 0.0009487240556388978,
        "inverse_harmonic_mean_rank": 0.041745057631424234,
        "inverse_median_rank": 0.00042283298097251583,
        "median_absolute_deviation": 3340.302798293121,
        "median_rank": 2365.0,
        "standard_deviation": 3765.175230589348,
        "variance": 14176544.517043548,
        "z_arithmetic_mean_rank": 210.96593958501688,
        "z_hits_at_k": 670.7423269768094,
        "z_inverse_harmonic_mean_rank": 945.1995310257179
      },
      "pessimistic": {
        "adjusted_arithmetic_mean_rank": 0.49841446353113766,
        "adjusted_arithmetic_mean_rank_index": 0.5016536334861073,
        "adjusted_hits_at_k": 0.07201000836025624,
        "adjusted_inverse_harmonic_mean_rank": 0.04108138464536481,
        "arithmetic_mean_rank": 3671.6942492932235,
        "count": 59071.0,
        "geometric_mean_rank": 1054.0570794994069,
        "harmonic_mean_rank": 23.954967883080986,
        "hits_at_1": 0.025850248006636083,
        "hits_at_10": 0.07264139764012797,
        "hits_at_3": 0.04159401398317279,
        "hits_at_5": 0.05302094090162686,
        "inverse_arithmetic_mean_rank": 0.0002723538323466049,
        "inverse_geometric_mean_rank": 0.0009487152256260357,
        "inverse_harmonic_mean_rank": 0.041744994394514894,
        "inverse_median_rank": 0.00042283298097251583,
        "median_absolute_deviation": 3340.302798293121,
        "median_rank": 2365.0,
        "standard_deviation": 3765.1876813762074,
        "variance": 14176638.27598714,
        "z_arithmetic_mean_rank": 210.96461834129,
        "z_hits_at_k": 670.7423269768094,
        "z_inverse_harmonic_mean_rank": 945.198075067056
      },
      "realistic": {
        "adjusted_arithmetic_mean_rank": 0.49841288452990823,
        "adjusted_arithmetic_mean_rank_index": 0.5016552127017074,
        "adjusted_hits_at_k": 0.07201000836025624,
        "adjusted_inverse_harmonic_mean_rank": 0.04108141567445039,
        "arithmetic_mean_rank": 3671.6826171875,
        "count": 59071.0,
        "geometric_mean_rank": 1054.052734375,
        "harmonic_mean_rank": 23.954949947576385,
        "hits_at_1": 0.025850248006636083,
        "hits_at_10": 0.07264139764012797,
        "hits_at_3": 0.04159401398317279,
        "hits_at_5": 0.05302094090162686,
        "inverse_arithmetic_mean_rank": 0.00027235469315201044,
        "inverse_geometric_mean_rank": 0.0009487191564403474,
        "inverse_harmonic_mean_rank": 0.041745025402127114,
        "inverse_median_rank": 0.0004228329926263541,
        "median_absolute_deviation": 3340.302798293121,
        "median_rank": 2365.0,
        "standard_deviation": 3765.18115234375,
        "variance": 14176590.0,
        "z_arithmetic_mean_rank": 210.96528246209795,
        "z_hits_at_k": 670.7423269768094,
        "z_inverse_harmonic_mean_rank": 945.1987889824271
      }
    },
    "tail": {
      "optimistic": {
        "adjusted_arithmetic_mean_rank": 0.4245208539977861,
        "adjusted_arithmetic_mean_rank_index": 0.5755568509144449,
        "adjusted_hits_at_k": 0.14070652917748577,
        "adjusted_inverse_harmonic_mean_rank": 0.0867551881570143,
        "arithmetic_mean_rank": 3144.4072048890316,
        "count": 59071.0,
        "geometric_mean_rank": 558.9103984195146,
        "harmonic_mean_rank": 11.443778283670872,
        "hits_at_1": 0.05980938193021956,
        "hits_at_10": 0.14128760305395202,
        "hits_at_3": 0.09476731391037904,
        "hits_at_5": 0.11445548577135989,