{
  "losses": [
    0.00021869831097327203,
    1.6626344659595006e-05,
    1.4145980447915058e-05,
    1.1566674962732687e-05,
    1.0039698529621776e-05
  ],
  "metrics": {
    "both": {
      "optimistic": {
        "adjusted_arithmetic_mean_rank": 0.08082387386970409,
        "adjusted_arithmetic_mean_rank_index": 0.9193005770502545,
        "adjusted_hits_at_k": 0.3392531895800786,
        "adjusted_inverse_harmonic_mean_rank": 0.22364597304408337,
        "arithmetic_mean_rank": 597.0340268490461,
        "count": 118142.0,
        "geometric_mean_rank": 48.53253129682446,
        "harmonic_mean_rank": 4.460666021875165,
        "hits_at_1": 0.1631595876149041,
        "hits_at_10": 0.3397013763098644,
        "hits_at_3": 0.24314807604408253,
        "hits_at_5": 0.2834301095292106,
        "inverse_arithmetic_mean_rank": 0.0016749464101362512,
        "inverse_geometric_mean_rank": 0.020604736107498915,
        "inverse_harmonic_mean_rank": 0.2241817690667687,
        "inverse_median_rank": 0.01818181818181818,
        "median_absolute_deviation": 80.06051979930251,
        "median_rank": 55.0,
        "standard_deviation": 1424.957313717163,
        "variance": 2030503.3459160337,
        "z_arithmetic_mean_rank": 546.8158801717057,
        "z_hits_at_k": 4475.764002340077,
        "z_inverse_harmonic_mean_rank": 7288.146098304282
      },
      "pessimistic": {
        "adjusted_arithmetic_mean_rank": 0.08082393460094144,
        "adjusted_arithmetic_mean_rank_index": 0.9193005163107946,
        "adjusted_hits_at_k": 0.3392531895800786,
        "adjusted_inverse_harmonic_mean_rank": 0.22364585976837215,
        "arithmetic_mean_rank": 597.0344754617325,
        "count": 118142.0,
        "geometric_mean_rank": 48.53260829072401,
        "harmonic_mean_rank": 4.46066827422893,
        "hits_at_1": 0.1631595876149041,
        "hits_at_10": 0.3397013763098644,
        "hits_at_3": 0.24314807604408253,
        "hits_at_5": 0.2834301095292106,
        "inverse_arithmetic_mean_rank": 0.001674945151578765,
        "inverse_geometric_mean_rank": 0.02060470341939419,
        "inverse_harmonic_mean_rank": 0.22418165586923403,
        "inverse_median_rank": 0.01818181818181818,
        "median_absolute_deviation": 80.06051979930251,
        "median_rank": 55.0,
        "standard_deviation": 1424.9584387937286,
        "variance": 2030506.5522894603,
        "z_arithmetic_mean_rank": 546.8158440428246,
        "z_hits_at_k": 4475.764002340077,
        "z_inverse_harmonic_mean_rank": 7288.142406890027
      },
      "realistic": {
        "adjusted_arithmetic_mean_rank": 0.08082390282298467,
        "adjusted_arithmetic_mean_rank_index": 0.9193005480930538,
        "adjusted_hits_at_k": 0.3392531895800786,
        "adjusted_inverse_harmonic_mean_rank": 0.22364591371526105,
        "arithmetic_mean_rank": 597.0342407226562,
        "count": 118142.0,
        "geometric_mean_rank": 48.53256607055664,
        "harmonic_mean_rank": 4.460667229528553,
        "hits_at_1": 0.1631595876149041,
        "hits_at_10": 0.3397013763098644,
        "hits_at_3": 0.24314807604408253,
        "hits_at_5": 0.2834301095292106,
        "inverse_arithmetic_mean_rank": 0.0016749458154663444,
        "inverse_geometric_mean_rank": 0.020604722201824188,
        "inverse_harmonic_mean_rank": 0.22418170977889182,
        "inverse_median_rank": 0.0181818176060915,
        "median_absolute_deviation": 80.06051979930251,
        "median_rank": 55.0,
        "standard_deviation": 1424.9578857421875,
        "variance": 2030504.875,
        "z_arithmetic_mean_rank": 546.8158629474619,
        "z_hits_at_k": 4475.764002340077,
        "z_inverse_harmonic_mean_rank": 7288.144164904279
      }
    },
    "head": {
      "optimistic": {
        "adjusted_arithmetic_mean_rank": 0.08628437326551358,
        "adjusted_arithmetic_mean_rank_index": 0.9138396759828533,
        "adjusted_hits_at_k": 0.3011107138537921,
        "adjusted_inverse_harmonic_mean_rank": 0.19062081917111348,
        "arithmetic_mean_rank": 635.6353202078855,
        "count": 59071.0,
        "geometric_mean_rank": 60.487063947463966,
        "harmonic_mean_rank": 5.230646899912632,
        "hits_at_1": 0.13214606151918878,
        "hits_at_10": 0.30158622674408764,
        "hits_at_3": 0.20822400162516294,
        "hits_at_5": 0.24743105754092531,
        "inverse_arithmetic_mean_rank": 0.0015732291271557228,
        "inverse_geometric_mean_rank": 0.016532460574852,
        "inverse_harmonic_mean_rank": 0.19118094169512823,
        "inverse_median_rank": 0.013513513513513514,
        "median_absolute_deviation": 108.22996195090894,
        "median_rank": 74.0,
        "standard_deviation": 1447.533801090035,
        "variance": 2095354.1052981652,
        "z_arithmetic_mean_rank": 384.3046787663501,
        "z_hits_at_k": 2804.717087068285,
        "z_inverse_harmonic_mean_rank": 4385.7925652603535
      },
      "pessimistic": {
        "adjusted_arithmetic_mean_rank": 0.08628443760948097,
        "adjusted_arithmetic_mean_rank_index": 0.9138396116301504,
        "adjusted_hits_at_k": 0.3011107138537921,
        "adjusted_inverse_harmonic_mean_rank": 0.19062063063034304,
        "arithmetic_mean_rank": 635.6357942137428,
        "count": 59071.0,
        "geometric_mean_rank": 60.487188318126684,
        "harmonic_mean_rank": 5.230652054760578,
        "hits_at_1": 0.13214606151918878,
        "hits_at_10": 0.30158622674408764,
        "hits_at_3": 0.20822400162516294,
        "hits_at_5": 0.24743105754092531,
        "inverse_arithmetic_mean_rank": 0.0015732279539684543,
        "inverse_geometric_mean_rank": 0.016532426581652198,
        "inverse_harmonic_mean_rank": 0.1911807532848355,
        "inverse_median_rank": 0.013513513513513514,
        "median_absolute_deviation": 108.22996195090894,
        "median_rank": 74.0,
        "standard_deviation": 1447.5347027698704,
        "variance": 2095356.715723057,
        "z_arithmetic_mean_rank": 384.3046517035671,
        "z_hits_at_k": 2804.717087068285,
        "z_inverse_harmonic_mean_rank": 4385.788227325427
      },
      "realistic": {
        "adjusted_arithmetic_mean_rank": 0.08628440569150582,
        "adjusted_arithmetic_mean_rank_index": 0.9138396435524588,
        "adjusted_hits_at_k": 0.3011107138537921,
        "adjusted_inverse_harmonic_mean_rank": 0.19062071994722662,
        "arithmetic_mean_rank": 635.6355590820312,
        "count": 59071.0,
        "geometric_mean_rank": 60.487117767333984,
        "harmonic_mean_rank": 5.230649339059701,
        "hits_at_1": 0.13214606151918878,
        "hits_at_10": 0.30158622674408764,
        "hits_at_3": 0.20822400162516294,
        "hits_at_5": 0.24743105754092531,
        "inverse_arithmetic_mean_rank": 0.0015732285100966692,
        "inverse_geometric_mean_rank": 0.016532445326447487,
        "inverse_harmonic_mean_rank": 0.19118084253990825,
        "inverse_median_rank": 0.013513513840734959,
        "median_absolute_deviation": 108.22996195090894,
        "median_rank": 74.0,
        "standard_deviation": 1447.5341796875,
        "variance": 2095355.375,
        "z_arithmetic_mean_rank": 384.30466512812376,
        "z_hits_at_k": 2804.717087068285,
        "z_inverse_harmonic_mean_rank": 4385.790282323017
      }
    },
    "tail": {
      "optimistic": {
        "adjusted_arithmetic_mean_rank": 0.07539301543164696,
        "adjusted_arithmetic_mean_rank_index": 0.9247318309769208,
        "adjusted_hits_at_k": 0.3773955064930534,
        "adjusted_inverse_harmonic_mean_rank": 0.25667100161503614,
        "arithmetic_mean_rank": 558.4327334902067,
        "count": 59071.0,
        "geometric_mean_rank": 38.94066665432855,
        "harmonic_mean_rank": 3.888287986234258,
        "hits_at_1": 0.19417311371061943,
        "hits_at_10": 0.3778165258756412,
        "hits_at_3": 0.27807215046300215,
        "hits_at_5": 0.3194291615174959,
        "inverse_arithmetic_mean_rank": 0.001790725972938578,