{
  "evaluator_metadata": {
    "batch_size": 32,
    "slice_size": null
  },
  "losses": [
    0.0027138416286498156,
    0.002708068411666065,
    0.00270294341827581,
    0.0026974449028830463,
    0.0026920965323165968
  ],
  "metrics": {
    "both": {
      "optimistic": {
        "adjusted_arithmetic_mean_rank": 0.9022145800402283,
        "adjusted_arithmetic_mean_rank_index": 0.09779912563002002,
        "adjusted_geometric_mean_rank_index": 0.3132169673715255,
        "adjusted_hits_at_k": 0.025222428209433437,
        "adjusted_inverse_harmonic_mean_rank": 0.017172625662514082,
        "arithmetic_mean_rank": 6437.904565025932,
        "count": 40876.0,
        "geometric_mean_rank": 3602.1284793223763,
        "harmonic_mean_rank": 55.950214649740836,
        "hits_at_1": 0.012550151678246404,
        "hits_at_10": 0.025907623055093452,
        "hits_at_3": 0.02030531363147079,
        "hits_at_5": 0.022971915060182015,
        "inverse_arithmetic_mean_rank": 0.0001553300441004552,
        "inverse_geometric_mean_rank": 0.0002776136403074989,
        "inverse_harmonic_mean_rank": 0.017873032413909282,
        "inverse_median_rank": 0.00016079755587715066,
        "median_absolute_deviation": 5565.68872827003,
        "median_rank": 6219.0,
        "standard_deviation": 4305.144839101484,
        "variance": 18534272.085642144,
        "z_arithmetic_mean_rank": 34.203630631700776,
        "z_geometric_mean_rank": 63.43454801929772,
        "z_hits_at_k": 192.27141470503148,
        "z_inverse_harmonic_mean_rank": 323.370932509128
      },
      "pessimistic": {
        "adjusted_arithmetic_mean_rank": 0.9022146588944141,
        "adjusted_arithmetic_mean_rank_index": 0.09779904676478202,
        "adjusted_geometric_mean_rank_index": 0.3132168544257061,
        "adjusted_hits_at_k": 0.025222428209433437,
        "adjusted_inverse_harmonic_mean_rank": 0.01717262556907924,
        "arithmetic_mean_rank": 6437.905127703298,
        "count": 40876.0,
        "geometric_mean_rank": 3602.129071550762,
        "harmonic_mean_rank": 55.950214942023315,
        "hits_at_1": 0.012550151678246404,
        "hits_at_10": 0.025907623055093452,
        "hits_at_3": 0.02030531363147079,
        "hits_at_5": 0.022971915060182015,
        "inverse_arithmetic_mean_rank": 0.0001553300305245018,
        "inverse_geometric_mean_rank": 0.0002776135946648595,
        "inverse_harmonic_mean_rank": 0.017873032320541025,
        "inverse_median_rank": 0.00016079755587715066,
        "median_absolute_deviation": 5565.68872827003,
        "median_rank": 6219.0,
        "standard_deviation": 4305.144722351568,
        "variance": 18534271.080391556,
        "z_arithmetic_mean_rank": 34.20360304988492,
        "z_geometric_mean_rank": 63.43452514484409,
        "z_hits_at_k": 192.27141470503148,
        "z_inverse_harmonic_mean_rank": 323.3709307496934
      },
      "realistic": {
        "adjusted_arithmetic_mean_rank": 0.9022145424612803,
        "adjusted_arithmetic_mean_rank_index": 0.0977991632142351,
        "adjusted_geometric_mean_rank_index": 0.3132167462681771,
        "adjusted_hits_at_k": 0.025222428209433437,
        "adjusted_inverse_harmonic_mean_rank": 0.01717262544251896,
        "arithmetic_mean_rank": 6437.904296875,
        "count": 40876.0,
        "geometric_mean_rank": 3602.129638671875,
        "harmonic_mean_rank": 55.950215337928626,
        "hits_at_1": 0.012550151678246404,
        "hits_at_10": 0.025907623055093452,
        "hits_at_3": 0.02030531363147079,
        "hits_at_5": 0.022971915060182015,
        "inverse_arithmetic_mean_rank": 0.00015533005353063345,
        "inverse_geometric_mean_rank": 0.000277613551588729,
        "inverse_harmonic_mean_rank": 0.01787303219407094,
        "inverse_median_rank": 0.00016079755732789636,
        "median_absolute_deviation": 5565.68872827003,
        "median_rank": 6219.0,
        "standard_deviation": 4305.14501953125,
        "variance": 18534272.0,
        "z_arithmetic_mean_rank": 34.20364377615988,
        "z_geometric_mean_rank": 63.43450324014324,
        "z_hits_at_k": 192.27141470503148,
        "z_inverse_harmonic_mean_rank": 323.3709283664868
      }
    },
    "head": {
      "optimistic": {
        "adjusted_arithmetic_mean_rank": 0.9861542601103468,
        "adjusted_arithmetic_mean_rank_index": 0.013847707833329004,
        "adjusted_geometric_mean_rank_index": 0.023761321767014065,
        "adjusted_hits_at_k": 0.00011720820855638033,
        "adjusted_inverse_harmonic_mean_rank": 0.00011582849847661622,
        "arithmetic_mean_rank": 6939.210832762501,
        "count": 20438.0,
        "geometric_mean_rank": 5042.814960457132,
        "harmonic_mean_rank": 1191.8958402433716,
        "hits_at_1": 0.00014678539974557198,
        "hits_at_10": 0.0008317839318915745,
        "hits_at_3": 0.0002446423329092866,
        "hits_at_5": 0.0004403561992367159,
        "inverse_arithmetic_mean_rank": 0.00014410860602168788,
        "inverse_geometric_mean_rank": 0.00019830194203860891,
        "inverse_harmonic_mean_rank": 0.0008389994882403578,
        "inverse_median_rank": 0.00014624159110851126,
        "median_absolute_deviation": 5238.774939089544,
        "median_rank": 6838.0,
        "standard_deviation": 4115.020282699011,
        "variance": 16933391.92702425,
        "z_arithmetic_mean_rank": 3.4208852603670437,
        "z_geometric_mean_rank": 3.4029652710831897,
        "z_hits_at_k": 0.6265756294420397,
        "z_inverse_harmonic_mean_rank": 1.529607327750341
      },
      "pessimistic": {
        "adjusted_arithmetic_mean_rank": 0.986154364411146,
        "adjusted_arithmetic_mean_rank_index": 0.013847603517705087,
        "adjusted_geometric_mean_rank_index": 0.023761114601180355,
        "adjusted_hits_at_k": 0.00011720820855638033,
        "adjusted_inverse_harmonic_mean_rank": 0.00011582837630638547,
        "arithmetic_mean_rank": 6939.2115666895,
        "count": 20438.0,
        "geometric_mean_rank": 5042.816030371511,
        "harmonic_mean_rank": 1191.896013674818,
        "hits_at_1": 0.00014678539974557198,
        "hits_at_10": 0.0008317839318915745,
        "hits_at_3": 0.0002446423329092866,
        "hits_at_5": 0.0004403561992367159,
        "inverse_arithmetic_mean_rank": 0.00014410859078001445,
        "inverse_geometric_mean_rank": 0.00019830189996566832,
        "inverse_harmonic_mean_rank": 0.0008389993661584872,
        "inverse_median_rank": 0.00014624159110851126,
        "median_absolute_deviation": 5238.774939089544,
        "median_rank": 6838.0,
        "standard_deviation": 4115.0200287993475,
        "variance": 16933389.837419786,
        "z_arithmetic_mean_rank": 3.4208594906306473,
        "z_geometric_mean_rank": 3.4029356019366617,
        "z_hits_at_k": 0.6265756294420397,
        "z_inverse_harmonic_mean_rank": 1.5296057143953998
      },
      "realistic": {
        "adjusted_arithmetic_mean_rank": 0.9861543443862074,
        "adjusted_arithmetic_mean_rank_index": 0.013847623545489851,
        "adjusted_geometric_mean_rank_index": 0.023761420000934508,
        "adjusted_hits_at_k": 0.00011720820855638033,
        "adjusted_inverse_harmonic_mean_rank": 0.00011582844626088513,
        "arithmetic_mean_rank": 6939.21142578125,
        "count": 20438.0,
        "geometric_mean_rank": 5042.814453125,
        "harmonic_mean_rank": 1191.8959143682134,
        "hits_at_1": 0.00014678539974557198,
        "hits_at_10": 0.0008317839318915745,
        "hits_at_3": 0.0002446423329092866,
        "hits_at_5": 0.0004403561992367159,
        "inverse_arithmetic_mean_rank": 0.00014410859148483723,
        "inverse_geometric_mean_rank": 0.00019830196106340736,
        "inverse_harmonic_mean_rank": 0.0008389994360623919,
        "inverse_median_rank": 0.00014624159666709602,
        "median_absolute_deviation": 5238.774939089544,
        "median_rank": 6838.0,
        "standard_deviation": 4115.02001953125,
        "variance": 16933390.0,