{
  "evaluator_metadata": {
    "batch_size": 256,
    "slice_size": null
  },
  "losses": [
    0.013424746205139526,
    0.013122108396254868,
    0.012823446353122617,
    0.012530585870327324,
    0.012243712673720453
  ],
  "metrics": {
    "both": {
      "optimistic": {
        "adjusted_arithmetic_mean_rank": 0.7855334638470861,
        "adjusted_arithmetic_mean_rank_index": 0.2144770172444035,
        "adjusted_geometric_mean_rank_index": 0.5966660934317238,
        "adjusted_hits_at_k": 0.033463829540325396,
        "adjusted_inverse_harmonic_mean_rank": 0.01997912249413563,
        "arithmetic_mean_rank": 16074.5543,
        "count": 10000.0,
        "geometric_mean_rank": 6074.265576986406,
        "harmonic_mean_rank": 49.38943424664326,
        "hits_at_1": 0.0132,
        "hits_at_10": 0.0337,
        "hits_at_3": 0.0201,
        "hits_at_5": 0.0242,
        "inverse_arithmetic_mean_rank": 6.221012298922653e-05,
        "inverse_geometric_mean_rank": 0.00016462895593315907,
        "inverse_harmonic_mean_rank": 0.020247245493968474,
        "inverse_median_rank": 7.060401736858827e-05,
        "median_absolute_deviation": 16906.854398728632,
        "median_rank": 14163.5,
        "standard_deviation": 12884.519360893968,
        "variance": 166010839.16125152,
        "z_arithmetic_mean_rank": 37.14755487583042,
        "z_geometric_mean_rank": 59.71486914649745,
        "z_hits_at_k": 214.0517790829075,
        "z_inverse_harmonic_mean_rank": 315.3461920068905
      },
      "pessimistic": {
        "adjusted_arithmetic_mean_rank": 0.7855372071461044,
        "adjusted_arithmetic_mean_rank_index": 0.21447327376244818,
        "adjusted_geometric_mean_rank_index": 0.5966631514048026,
        "adjusted_hits_at_k": 0.033463829540325396,
        "adjusted_inverse_harmonic_mean_rank": 0.019979117339909674,
        "arithmetic_mean_rank": 16074.6309,
        "count": 10000.0,
        "geometric_mean_rank": 6074.309877032933,
        "harmonic_mean_rank": 49.38944681599364,
        "hits_at_1": 0.0132,
        "hits_at_10": 0.0337,
        "hits_at_3": 0.0201,
        "hits_at_5": 0.0242,
        "inverse_arithmetic_mean_rank": 6.220982654102497e-05,
        "inverse_geometric_mean_rank": 0.00016462775529134868,
        "inverse_harmonic_mean_rank": 0.020247240341152658,
        "inverse_median_rank": 7.060152499293985e-05,
        "median_absolute_deviation": 16906.854398728632,
        "median_rank": 14164.0,
        "standard_deviation": 12884.537494161952,
        "variance": 166011306.43846518,
        "z_arithmetic_mean_rank": 37.14690650239095,
        "z_geometric_mean_rank": 59.71457470584704,
        "z_hits_at_k": 214.0517790829075,
        "z_inverse_harmonic_mean_rank": 315.3461106536915
      },
      "realistic": {
        "adjusted_arithmetic_mean_rank": 0.7855352962493756,
        "adjusted_arithmetic_mean_rank_index": 0.21447518475256344,
        "adjusted_geometric_mean_rank_index": 0.5966644040168032,
        "adjusted_hits_at_k": 0.033463829540325396,
        "adjusted_inverse_harmonic_mean_rank": 0.019979119736229026,
        "arithmetic_mean_rank": 16074.591796875,
        "count": 10000.0,
        "geometric_mean_rank": 6074.291015625,
        "harmonic_mean_rank": 49.389440972209925,
        "hits_at_1": 0.0132,
        "hits_at_10": 0.0337,
        "hits_at_3": 0.0201,
        "hits_at_5": 0.0242,
        "inverse_arithmetic_mean_rank": 6.220997602213174e-05,
        "inverse_geometric_mean_rank": 0.00016462826170027256,
        "inverse_harmonic_mean_rank": 0.020247242736816405,
        "inverse_median_rank": 7.060277130221948e-05,
        "median_absolute_deviation": 16906.854398728632,
        "median_rank": 14163.75,
        "standard_deviation": 12884.5283203125,
        "variance": 166011072.0,
        "z_arithmetic_mean_rank": 37.1472374870861,
        "z_geometric_mean_rank": 59.71470006836142,
        "z_hits_at_k": 214.0517790829075,
        "z_inverse_harmonic_mean_rank": 315.34614847668314
      }
    },
    "head": {
      "optimistic": {
        "adjusted_arithmetic_mean_rank": 0.7912971127949484,
        "adjusted_arithmetic_mean_rank_index": 0.2087130868604813,
        "adjusted_geometric_mean_rank_index": 0.576690351513085,
        "adjusted_hits_at_k": 0.03196345740463281,
        "adjusted_inverse_harmonic_mean_rank": 0.016330660837363887,
        "arithmetic_mean_rank": 16192.1218,
        "count": 5000.0,
        "geometric_mean_rank": 6375.223395588098,
        "harmonic_mean_rank": 60.24173415886561,
        "hits_at_1": 0.0086,
        "hits_at_10": 0.0322,
        "hits_at_3": 0.0176,
        "hits_at_5": 0.022,
        "inverse_arithmetic_mean_rank": 6.175842871932942e-05,
        "inverse_geometric_mean_rank": 0.00015685724843650793,
        "inverse_harmonic_mean_rank": 0.016599787737897196,
        "inverse_median_rank": 6.924248719013987e-05,
        "median_absolute_deviation": 16699.29008813785,
        "median_rank": 14442.0,
        "standard_deviation": 12794.627688235589,
        "variance": 163702497.68056476,
        "z_arithmetic_mean_rank": 25.561369516008,
        "z_geometric_mean_rank": 40.81416845600836,
        "z_hits_at_k": 144.5695676042832,
        "z_inverse_harmonic_mean_rank": 182.2614735761567
      },
      "pessimistic": {
        "adjusted_arithmetic_mean_rank": 0.7913008757284563,
        "adjusted_arithmetic_mean_rank_index": 0.2087093237430726,
        "adjusted_geometric_mean_rank_index": 0.5766867904434522,
        "adjusted_hits_at_k": 0.03196345740463281,
        "adjusted_inverse_harmonic_mean_rank": 0.01633065154077127,
        "arithmetic_mean_rank": 16192.1988,
        "count": 5000.0,
        "geometric_mean_rank": 6375.277018399314,
        "harmonic_mean_rank": 60.24176788760712,
        "hits_at_1": 0.0086,
        "hits_at_10": 0.0322,
        "hits_at_3": 0.0176,
        "hits_at_5": 0.022,
        "inverse_arithmetic_mean_rank": 6.175813503475513e-05,
        "inverse_geometric_mean_rank": 0.00015685592910142705,
        "inverse_harmonic_mean_rank": 0.01659977844384808,
        "inverse_median_rank": 6.924009001211702e-05,
        "median_absolute_deviation": 16699.29008813785,
        "median_rank": 14442.5,
        "standard_deviation": 12794.6465912302,
        "variance": 163702981.39447856,
        "z_arithmetic_mean_rank": 25.560908642010773,
        "z_geometric_mean_rank": 40.8139164280431,
        "z_hits_at_k": 144.5695676042832,
        "z_inverse_harmonic_mean_rank": 182.2613698197511
      },
      "realistic": {
        "adjusted_arithmetic_mean_rank": 0.7912989872367453,
        "adjusted_arithmetic_mean_rank_index": 0.20871121232707734,
        "adjusted_geometric_mean_rank_index": 0.5766885847246386,
        "adjusted_hits_at_k": 0.03196345740463281,
        "adjusted_inverse_harmonic_mean_rank": 0.016330654897157886,
        "arithmetic_mean_rank": 16192.16015625,
        "count": 5000.0,
        "geometric_mean_rank": 6375.25,
        "harmonic_mean_rank": 60.24175571037813,
        "hits_at_1": 0.0086,
        "hits_at_10": 0.0322,
        "hits_at_3": 0.0176,
        "hits_at_5": 0.022,
        "inverse_arithmetic_mean_rank": 6.175828457344323e-05,
        "inverse_geometric_mean_rank": 0.00015685659309383482,
        "inverse_harmonic_mean_rank": 0.016599781799316406,
        "inverse_median_rank": 6.924128683749586e-05,
        "median_absolute_deviation": 16699.29008813785,
        "median_rank": 14442.25,
        "standard_deviation": 12794.63671875,
        "variance": 163702736.0,
        "z_arithmetic_mean_rank": 25.56113993940727,
        "z_geometric_mean_rank": 40.81404341489906,
        "z_hits_at_k": 144.5695676042832,
        "z_inverse_harmonic_mean_rank": 182.2614072793479
      }
    },
    "tail": {
      "optimistic": {
        "adjusted_arithmetic_mean_rank": 0.7797700821308655,
        "adjusted_arithmetic_mean_rank_index": 0.22024068037057487,