{
  "losses": [
    0.00019845912073571508,
    0.00012037810856069427,
    0.00010923121339792283,
    0.00010423280733917918,
    0.00010124416824204406
  ],
  "metrics": {
    "both": {
      "optimistic": {
        "adjusted_arithmetic_mean_rank": 0.23338080058024066,
        "adjusted_arithmetic_mean_rank_index": 0.7666566644999107,
        "adjusted_hits_at_k": 0.032863682896140556,
        "adjusted_inverse_harmonic_mean_rank": 0.01730672159221292,
        "arithmetic_mean_rank": 4775.7257,
        "count": 10000.0,
        "geometric_mean_rank": 1159.3200186029587,
        "harmonic_mean_rank": 56.89714039894227,
        "hits_at_1": 0.0065,
        "hits_at_10": 0.0331,
        "hits_at_3": 0.0158,
        "hits_at_5": 0.0207,
        "inverse_arithmetic_mean_rank": 0.000209392260531211,
        "inverse_geometric_mean_rank": 0.0008625745988627474,
        "inverse_harmonic_mean_rank": 0.01757557573172149,
        "inverse_median_rank": 0.0006228589224540642,
        "median_absolute_deviation": 2239.4706510527117,
        "median_rank": 1605.5,
        "standard_deviation": 7362.395222348466,
        "variance": 54204863.41005951,
        "z_arithmetic_mean_rank": 132.78541860258312,
        "z_hits_at_k": 210.2129340175632,
        "z_inverse_harmonic_mean_rank": 273.16558831999345
      },
      "pessimistic": {
        "adjusted_arithmetic_mean_rank": 0.23338082501430735,
        "adjusted_arithmetic_mean_rank_index": 0.7666566400646498,
        "adjusted_hits_at_k": 0.032863682896140556,
        "adjusted_inverse_harmonic_mean_rank": 0.017306721511205696,
        "arithmetic_mean_rank": 4775.7262,
        "count": 10000.0,
        "geometric_mean_rank": 1159.3202177617752,
        "harmonic_mean_rank": 56.897140661113966,
        "hits_at_1": 0.0065,
        "hits_at_10": 0.0331,
        "hits_at_3": 0.0158,
        "hits_at_5": 0.0207,
        "inverse_arithmetic_mean_rank": 0.0002093922386086539,
        "inverse_geometric_mean_rank": 0.000862574450681655,
        "inverse_harmonic_mean_rank": 0.017575575650736426,
        "inverse_median_rank": 0.0006228589224540642,
        "median_absolute_deviation": 2239.4706510527117,
        "median_rank": 1605.5,
        "standard_deviation": 7362.395261056931,
        "variance": 54204863.980033554,
        "z_arithmetic_mean_rank": 132.78541437038052,
        "z_hits_at_k": 210.2129340175632,
        "z_inverse_harmonic_mean_rank": 273.1655870413927
      },
      "realistic": {
        "adjusted_arithmetic_mean_rank": 0.2333807950062192,
        "adjusted_arithmetic_mean_rank_index": 0.7666566700742046,
        "adjusted_hits_at_k": 0.032863682896140556,
        "adjusted_inverse_harmonic_mean_rank": 0.017306721551698052,
        "arithmetic_mean_rank": 4775.7255859375,
        "count": 10000.0,
        "geometric_mean_rank": 1159.3203125,
        "harmonic_mean_rank": 56.897141937862685,
        "hits_at_1": 0.0065,
        "hits_at_10": 0.0331,
        "hits_at_3": 0.0158,
        "hits_at_5": 0.0207,
        "inverse_arithmetic_mean_rank": 0.0002093922666972503,
        "inverse_geometric_mean_rank": 0.0008625743794254959,
        "inverse_harmonic_mean_rank": 0.017575575691217704,
        "inverse_median_rank": 0.0006228589336387813,
        "median_absolute_deviation": 2239.4706510527117,
        "median_rank": 1605.5,
        "standard_deviation": 7362.39501953125,
        "variance": 54204860.0,
        "z_arithmetic_mean_rank": 132.78541956805435,
        "z_hits_at_k": 210.2129340175632,
        "z_inverse_harmonic_mean_rank": 273.1655876805154
      }
    },
    "head": {
      "optimistic": {
        "adjusted_arithmetic_mean_rank": 0.23330198500215898,
        "adjusted_arithmetic_mean_rank_index": 0.7667354847984572,
        "adjusted_hits_at_k": 0.03356384846492686,
        "adjusted_inverse_harmonic_mean_rank": 0.01738759586962493,
        "arithmetic_mean_rank": 4774.0022,
        "count": 5000.0,
        "geometric_mean_rank": 1156.8772914097908,
        "harmonic_mean_rank": 56.63657920733289,
        "hits_at_1": 0.006,
        "hits_at_10": 0.0338,
        "hits_at_3": 0.0164,
        "hits_at_5": 0.0216,
        "inverse_arithmetic_mean_rank": 0.0002094678548744699,
        "inverse_geometric_mean_rank": 0.0008643959108069124,
        "inverse_harmonic_mean_rank": 0.017656433598138767,
        "inverse_median_rank": 0.0006309148264984228,
        "median_absolute_deviation": 2216.490316665875,
        "median_rank": 1585.0,
        "standard_deviation": 7366.204723369773,
        "variance": 54260972.02659516,
        "z_arithmetic_mean_rank": 93.90311524197872,
        "z_hits_at_k": 151.8080787783259,
        "z_inverse_harmonic_mean_rank": 194.05759979374437
      },
      "pessimistic": {
        "adjusted_arithmetic_mean_rank": 0.2333019947760123,
        "adjusted_arithmetic_mean_rank_index": 0.7667354750241262,
        "adjusted_hits_at_k": 0.03356384846492686,
        "adjusted_inverse_harmonic_mean_rank": 0.017387595855387426,
        "arithmetic_mean_rank": 4774.0024,
        "count": 5000.0,
        "geometric_mean_rank": 1156.8773531346058,
        "harmonic_mean_rank": 56.636579252990074,
        "hits_at_1": 0.006,
        "hits_at_10": 0.0338,
        "hits_at_3": 0.0164,
        "hits_at_5": 0.0216,
        "inverse_arithmetic_mean_rank": 0.0002094678460991138,
        "inverse_geometric_mean_rank": 0.0008643958646873497,
        "inverse_harmonic_mean_rank": 0.01765643358390516,
        "inverse_median_rank": 0.0006309148264984228,
        "median_absolute_deviation": 2216.490316665875,
        "median_rank": 1585.0,
        "standard_deviation": 7366.204695526336,
        "variance": 54260971.61639424,
        "z_arithmetic_mean_rank": 93.9031140449034,
        "z_hits_at_k": 151.8080787783259,
        "z_inverse_harmonic_mean_rank": 194.057599634844
      },
      "realistic": {
        "adjusted_arithmetic_mean_rank": 0.23330199679950533,
        "adjusted_arithmetic_mean_rank_index": 0.7667354730005342,
        "adjusted_hits_at_k": 0.03356384846492686,
        "adjusted_inverse_harmonic_mean_rank": 0.01738759586250523,
        "arithmetic_mean_rank": 4774.00244140625,
        "count": 5000.0,
        "geometric_mean_rank": 1156.8773193359375,
        "harmonic_mean_rank": 56.63658078767159,
        "hits_at_1": 0.006,
        "hits_at_10": 0.0338,
        "hits_at_3": 0.0164,
        "hits_at_5": 0.0216,
        "inverse_arithmetic_mean_rank": 0.00020946784934494644,
        "inverse_geometric_mean_rank": 0.000864395871758461,
        "inverse_harmonic_mean_rank": 0.017656433591021013,
        "inverse_median_rank": 0.0006309148157015443,
        "median_absolute_deviation": 2216.490316665875,
        "median_rank": 1585.0,
        "standard_deviation": 7366.20458984375,
        "variance": 54260972.0,
        "z_arithmetic_mean_rank": 93.9031137970714,
        "z_hits_at_k": 151.8080787783259,
        "z_inverse_harmonic_mean_rank": 194.05759971428358
      }
    },
    "tail": {
      "optimistic": {
        "adjusted_arithmetic_mean_rank": 0.23345961250403727,
        "adjusted_arithmetic_mean_rank_index": 0.7665778478560465,
        "adjusted_hits_at_k": 0.03216351733534689,
        "adjusted_inverse_harmonic_mean_rank": 0.017225847315741973,
        "arithmetic_mean_rank": 4777.4492,
        "count": 5000.0,
        "geometric_mean_rank": 1161.7679035740384,
        "harmonic_mean_rank": 57.160110137198345,
        "hits_at_1": 0.007,
        "hits_at_10": 0.0324,
        "hits_at_3": 0.0152,
        "hits_at_5": 0.0198,
        "inverse_arithmetic_mean_rank": 0.00020931672073038474,
        "inverse_geometric_mean_rank": 0.0008607571244855542,
        "inverse_harmonic_mean_rank": 0.017494717865304207,
        "inverse_median_rank": 0.0006142506142506142,
        "median_absolute_deviation": 2263.933587658054,
        "median_rank": 1628.0,
        "standard_deviation": 7358.5833454965605,
        "variance": 54148748.85261936,