{
  "losses": [
    0.008025066050702042,
    0.006834184265635721,
    0.006292605368404343,
    0.00592642079037386,
    0.005657277270934352
  ],
  "metrics": {
    "both": {
      "optimistic": {
        "adjusted_arithmetic_mean_rank": 0.9204867973289346,
        "adjusted_arithmetic_mean_rank_index": 0.07952396828054997,
        "adjusted_hits_at_k": -0.0002298465007639259,
        "adjusted_inverse_harmonic_mean_rank": -3.6141685120576216e-05,
        "arithmetic_mean_rank": 6799.500110037074,
        "count": 118142.0,
        "geometric_mean_rank": 4816.9160901851965,
        "harmonic_mean_rank": 1528.9884148398814,
        "hits_at_1": 3.3857561239863894e-05,
        "hits_at_10": 0.0004486126864281966,
        "hits_at_3": 0.00010157268371959168,
        "hits_at_5": 0.00016928780619931947,
        "inverse_arithmetic_mean_rank": 0.00014706963509329918,
        "inverse_geometric_mean_rank": 0.00020760170641908625,
        "inverse_harmonic_mean_rank": 0.0006540271922889108,
        "inverse_median_rank": 0.00015332720024532353,
        "median_absolute_deviation": 5387.776462049357,
        "median_rank": 6522.0,
        "standard_deviation": 4246.87870870036,
        "variance": 18035978.76641244,
        "z_arithmetic_mean_rank": 47.302231496041486,
        "z_hits_at_k": -3.0323626299766397,
        "z_inverse_harmonic_mean_rank": -1.1777805690503058
      },
      "pessimistic": {
        "adjusted_arithmetic_mean_rank": 0.9204871410906554,
        "adjusted_arithmetic_mean_rank_index": 0.07952362447228589,
        "adjusted_hits_at_k": -0.0002298465007639259,
        "adjusted_inverse_harmonic_mean_rank": -3.6142143183925403e-05,
        "arithmetic_mean_rank": 6799.502649354167,
        "count": 118142.0,
        "geometric_mean_rank": 4816.919034257423,
        "harmonic_mean_rank": 1528.9894849646314,
        "hits_at_1": 3.3857561239863894e-05,
        "hits_at_10": 0.0004486126864281966,
        "hits_at_3": 0.00010157268371959168,
        "hits_at_5": 0.00016928780619931947,
        "inverse_arithmetic_mean_rank": 0.00014706958016921757,
        "inverse_geometric_mean_rank": 0.00020760157953415967,
        "inverse_harmonic_mean_rank": 0.0006540267345416912,
        "inverse_median_rank": 0.00015332720024532353,
        "median_absolute_deviation": 5387.776462049357,
        "median_rank": 6522.0,
        "standard_deviation": 4246.879017549971,
        "variance": 18035981.389706206,
        "z_arithmetic_mean_rank": 47.30202699294068,
        "z_hits_at_k": -3.0323626299766397,
        "z_inverse_harmonic_mean_rank": -1.1777954963595967
      },
      "realistic": {
        "adjusted_arithmetic_mean_rank": 0.9204869807367789,
        "adjusted_arithmetic_mean_rank_index": 0.07952378484787326,
        "adjusted_hits_at_k": -0.0002298465007639259,
        "adjusted_inverse_harmonic_mean_rank": -3.614191435791117e-05,
        "arithmetic_mean_rank": 6799.50146484375,
        "count": 118142.0,
        "geometric_mean_rank": 4816.91455078125,
        "harmonic_mean_rank": 1528.9889966880858,
        "hits_at_1": 3.3857561239863894e-05,
        "hits_at_10": 0.0004486126864281966,
        "hits_at_3": 0.00010157268371959168,
        "hits_at_5": 0.00016928780619931947,
        "inverse_arithmetic_mean_rank": 0.0001470696006435901,
        "inverse_geometric_mean_rank": 0.0002076017699437216,
        "inverse_harmonic_mean_rank": 0.0006540269632097826,
        "inverse_median_rank": 0.00015332720067817718,
        "median_absolute_deviation": 5387.776462049357,
        "median_rank": 6522.0,
        "standard_deviation": 4246.87841796875,
        "variance": 18035978.0,
        "z_arithmetic_mean_rank": 47.3021223871134,
        "z_hits_at_k": -3.0323626299766397,
        "z_inverse_harmonic_mean_rank": -1.177788039406984
      }
    },
    "head": {
      "optimistic": {
        "adjusted_arithmetic_mean_rank": 0.9334855474142308,
        "adjusted_arithmetic_mean_rank_index": 0.06652348282188125,
        "adjusted_hits_at_k": -0.0003420408236310326,
        "adjusted_inverse_harmonic_mean_rank": -7.608883349467907e-05,
        "arithmetic_mean_rank": 6876.753720099541,
        "count": 59071.0,
        "geometric_mean_rank": 4918.491902159602,
        "harmonic_mean_rank": 1623.3673438831504,
        "hits_at_1": 5.078634185979584e-05,
        "hits_at_10": 0.00033857561239863894,
        "hits_at_3": 0.00010157268371959168,
        "hits_at_5": 0.0001523590255793875,
        "inverse_arithmetic_mean_rank": 0.0001454174514171092,
        "inverse_geometric_mean_rank": 0.00020331435323923616,
        "inverse_harmonic_mean_rank": 0.0006160035211796029,
        "inverse_median_rank": 0.00015015015015015014,
        "median_absolute_deviation": 5361.089622116257,
        "median_rank": 6660.0,
        "standard_deviation": 4234.158683323923,
        "variance": 17928099.75556737,
        "z_arithmetic_mean_rank": 27.975679288367417,
        "z_hits_at_k": -3.1859634957349265,
        "z_inverse_harmonic_mean_rank": -1.7506473935605982
      },
      "pessimistic": {
        "adjusted_arithmetic_mean_rank": 0.9334858415580818,
        "adjusted_arithmetic_mean_rank_index": 0.06652318863809625,
        "adjusted_hits_at_k": -0.0003420408236310326,
        "adjusted_inverse_harmonic_mean_rank": -7.608907332910548e-05,
        "arithmetic_mean_rank": 6876.75588698346,
        "count": 59071.0,
        "geometric_mean_rank": 4918.49423226719,
        "harmonic_mean_rank": 1623.3679754868276,
        "hits_at_1": 5.078634185979584e-05,
        "hits_at_10": 0.00033857561239863894,
        "hits_at_3": 0.00010157268371959168,
        "hits_at_5": 0.0001523590255793875,
        "inverse_arithmetic_mean_rank": 0.00014541740559568668,
        "inverse_geometric_mean_rank": 0.00020331425692026237,
        "inverse_harmonic_mean_rank": 0.0006160032815111514,
        "inverse_median_rank": 0.00015015015015015014,
        "median_absolute_deviation": 5361.089622116257,
        "median_rank": 6660.0,
        "standard_deviation": 4234.158920923222,
        "variance": 17928101.767633703,
        "z_arithmetic_mean_rank": 27.97555557278804,
        "z_hits_at_k": -3.1859634957349265,
        "z_inverse_harmonic_mean_rank": -1.750652911656939
      },
      "realistic": {
        "adjusted_arithmetic_mean_rank": 0.9334856389650233,
        "adjusted_arithmetic_mean_rank_index": 0.06652339125865947,
        "adjusted_hits_at_k": -0.0003420408236310326,
        "adjusted_inverse_harmonic_mean_rank": -7.60889534720333e-05,
        "arithmetic_mean_rank": 6876.75439453125,
        "count": 59071.0,
        "geometric_mean_rank": 4918.4921875,
        "harmonic_mean_rank": 1623.3677168983902,
        "hits_at_1": 5.078634185979584e-05,
        "hits_at_10": 0.00033857561239863894,
        "hits_at_3": 0.00010157268371959168,
        "hits_at_5": 0.0001523590255793875,
        "inverse_arithmetic_mean_rank": 0.00014541743439622223,
        "inverse_geometric_mean_rank": 0.00020331433915998787,
        "inverse_harmonic_mean_rank": 0.0006160034012852777,
        "inverse_median_rank": 0.00015015015378594398,
        "median_absolute_deviation": 5361.089622116257,
        "median_rank": 6660.0,
        "standard_deviation": 4234.15869140625,
        "variance": 17928100.0,
        "z_arithmetic_mean_rank": 27.97564078251628,
        "z_hits_at_k": -3.1859634957349265,
        "z_inverse_harmonic_mean_rank": -1.7506501539924884
      }
    },
    "tail": {
      "optimistic": {
        "adjusted_arithmetic_mean_rank": 0.9075586077133286,
        "adjusted_arithmetic_mean_rank_index": 0.0924538743206843,
        "adjusted_hits_at_k": -0.00011765264503880795,
        "adjusted_inverse_harmonic_mean_rank": 3.805311688501677e-06,
        "arithmetic_mean_rank": 6722.246499974607,
        "count": 59071.0,
        "geometric_mean_rank": 4717.438003648486,
        "harmonic_mean_rank": 1444.9804962161888,
        "hits_at_1": 1.6928780619931947e-05,