{
  "evaluator_metadata": {
    "batch_size": 1024,
    "slice_size": null
  },
  "losses": [
    0.0009751350673539609,
    0.0007105607929926378,
    0.0006821246302445668,
    0.000649823348379108,
    0.0006163581072503264
  ],
  "metrics": {
    "both": {
      "optimistic": {
        "adjusted_arithmetic_mean_rank": 0.12330314877380849,
        "adjusted_arithmetic_mean_rank_index": 0.876819729646672,
        "adjusted_geometric_mean_rank_index": 0.9872007499946741,
        "adjusted_hits_at_k": 0.30210753600136414,
        "adjusted_inverse_harmonic_mean_rank": 0.18525654778353684,
        "arithmetic_mean_rank": 879.8504501418926,
        "count": 40876.0,
        "geometric_mean_rank": 68.11252538045748,
        "harmonic_mean_rank": 5.3810548114598244,
        "hits_at_1": 0.12488991095019082,
        "hits_at_10": 0.3025981015754966,
        "hits_at_3": 0.20099814071826988,
        "hits_at_5": 0.24297876504550348,
        "inverse_arithmetic_mean_rank": 0.0011365567862569497,
        "inverse_geometric_mean_rank": 0.014681587482100834,
        "inverse_harmonic_mean_rank": 0.18583717041319459,
        "inverse_median_rank": 0.014084507042253521,
        "median_absolute_deviation": 103.78215529539213,
        "median_rank": 71.0,
        "standard_deviation": 1980.2107549290874,
        "variance": 3921234.633936826,
        "z_arithmetic_mean_rank": 306.65323406753174,
        "z_geometric_mean_rank": 199.93371976539004,
        "z_hits_at_k": 2302.975861709799,
        "z_inverse_harmonic_mean_rank": 3488.4928948840657
      },
      "pessimistic": {
        "adjusted_arithmetic_mean_rank": 0.12330350876030921,
        "adjusted_arithmetic_mean_rank_index": 0.8768193696097153,
        "adjusted_geometric_mean_rank_index": 0.9872007362227379,
        "adjusted_hits_at_k": 0.30210753600136414,
        "adjusted_inverse_harmonic_mean_rank": 0.1852565465306213,
        "arithmetic_mean_rank": 879.8530188863881,
        "count": 40876.0,
        "geometric_mean_rank": 68.11259759323725,
        "harmonic_mean_rank": 5.381054847713081,
        "hits_at_1": 0.12488991095019082,
        "hits_at_10": 0.3025981015754966,
        "hits_at_3": 0.20099814071826988,
        "hits_at_5": 0.24297876504550348,
        "inverse_arithmetic_mean_rank": 0.0011365534680618354,
        "inverse_geometric_mean_rank": 0.014681571916724076,
        "inverse_harmonic_mean_rank": 0.1858371691611719,
        "inverse_median_rank": 0.014084507042253521,
        "median_absolute_deviation": 103.78215529539213,
        "median_rank": 71.0,
        "standard_deviation": 1980.216275380783,
        "variance": 3921256.4972829404,
        "z_arithmetic_mean_rank": 306.6531081505463,
        "z_geometric_mean_rank": 199.93371697621626,
        "z_hits_at_k": 2302.975861709799,
        "z_inverse_harmonic_mean_rank": 3488.4928712909077
      },
      "realistic": {
        "adjusted_arithmetic_mean_rank": 0.12330333032140904,
        "adjusted_arithmetic_mean_rank_index": 0.8768195480736256,
        "adjusted_geometric_mean_rank_index": 0.9872007411578119,
        "adjusted_hits_at_k": 0.30210753600136414,
        "adjusted_inverse_harmonic_mean_rank": 0.185256550124665,
        "arithmetic_mean_rank": 879.8517456054688,
        "count": 40876.0,
        "geometric_mean_rank": 68.1125717163086,
        "harmonic_mean_rank": 5.381054743719011,
        "hits_at_1": 0.12488991095019082,
        "hits_at_10": 0.3025981015754966,
        "hits_at_3": 0.20099814071826988,
        "hits_at_5": 0.24297876504550348,
        "inverse_arithmetic_mean_rank": 0.001136555103585124,
        "inverse_geometric_mean_rank": 0.014681577682495117,
        "inverse_harmonic_mean_rank": 0.18583717275265435,
        "inverse_median_rank": 0.014084506779909134,
        "median_absolute_deviation": 103.78215529539213,
        "median_rank": 71.0,
        "standard_deviation": 1980.21337890625,
        "variance": 3921245.25,
        "z_arithmetic_mean_rank": 306.6531705653545,
        "z_geometric_mean_rank": 199.93371797569654,
        "z_hits_at_k": 2302.975861709799,
        "z_inverse_harmonic_mean_rank": 3488.4929389689255
      }
    },
    "head": {
      "optimistic": {
        "adjusted_arithmetic_mean_rank": 0.17396412366101632,
        "adjusted_arithmetic_mean_rank_index": 0.8261532837214485,
        "adjusted_geometric_mean_rank_index": 0.9696588363086467,
        "adjusted_hits_at_k": 0.18368121518304942,
        "adjusted_inverse_harmonic_mean_rank": 0.1040972149746863,
        "arithmetic_mean_rank": 1224.122614737254,
        "count": 20438.0,
        "geometric_mean_rank": 157.6978818065583,
        "harmonic_mean_rank": 9.54697859231374,
        "hits_at_1": 0.06306879342401409,
        "hits_at_10": 0.1842646051472747,
        "hits_at_3": 0.10822976807906841,
        "hits_at_5": 0.13822291809374695,
        "inverse_arithmetic_mean_rank": 0.0008169116295712258,
        "inverse_geometric_mean_rank": 0.006341239264244906,
        "inverse_harmonic_mean_rank": 0.10474518093138897,
        "inverse_median_rank": 0.00423728813559322,
        "median_absolute_deviation": 346.9289191303109,
        "median_rank": 236.0,
        "standard_deviation": 2284.762164276684,
        "variance": 5220138.147310277,
        "z_arithmetic_mean_rank": 204.08977609163793,
        "z_geometric_mean_rank": 138.86918316715838,
        "z_hits_at_k": 981.929290085826,
        "z_inverse_harmonic_mean_rank": 1374.6864106662656
      },
      "pessimistic": {
        "adjusted_arithmetic_mean_rank": 0.17396472165226567,
        "adjusted_arithmetic_mean_rank_index": 0.8261526856452046,
        "adjusted_geometric_mean_rank_index": 0.9696587831390359,
        "adjusted_hits_at_k": 0.18368121518304942,
        "adjusted_inverse_harmonic_mean_rank": 0.1040972127486539,
        "arithmetic_mean_rank": 1224.12682258538,
        "count": 20438.0,
        "geometric_mean_rank": 157.69815640266404,
        "harmonic_mean_rank": 9.546978795058282,
        "hits_at_1": 0.06306879342401409,
        "hits_at_10": 0.1842646051472747,
        "hits_at_3": 0.10822976807906841,
        "hits_at_5": 0.13822291809374695,
        "inverse_arithmetic_mean_rank": 0.0008169088214961095,
        "inverse_geometric_mean_rank": 0.006341228222393516,
        "inverse_harmonic_mean_rank": 0.10474517870696656,
        "inverse_median_rank": 0.00423728813559322,
        "median_absolute_deviation": 346.9289191303109,
        "median_rank": 236.0,
        "standard_deviation": 2284.7695923634533,
        "variance": 5220172.090188661,
        "z_arithmetic_mean_rank": 204.08962834514932,
        "z_geometric_mean_rank": 138.8691755525004,
        "z_hits_at_k": 981.929290085826,
        "z_inverse_harmonic_mean_rank": 1374.6863812697395
      },
      "realistic": {
        "adjusted_arithmetic_mean_rank": 0.17396442794298037,
        "adjusted_arithmetic_mean_rank_index": 0.8261529793962359,
        "adjusted_geometric_mean_rank_index": 0.9696588108466823,
        "adjusted_hits_at_k": 0.18368121518304942,
        "adjusted_inverse_harmonic_mean_rank": 0.10409721372836692,
        "arithmetic_mean_rank": 1224.124755859375,
        "count": 20438.0,
        "geometric_mean_rank": 157.69801330566406,
        "harmonic_mean_rank": 9.546978705827115,
        "hits_at_1": 0.06306879342401409,
        "hits_at_10": 0.1842646051472747,
        "hits_at_3": 0.10822976807906841,
        "hits_at_5": 0.13822291809374695,
        "inverse_arithmetic_mean_rank": 0.0008169101784005761,
        "inverse_geometric_mean_rank": 0.006341233849525452,
        "inverse_harmonic_mean_rank": 0.104745179685971,
        "inverse_median_rank": 0.0042372881434857845,
        "median_absolute_deviation": 346.9289191303109,
        "median_rank": 236.0,
        "standard_deviation": 2284.765869140625,
        "variance": 5220155.0,
        "z_arithmetic_mean_rank": 204.08970091229077,
        "z_geometric_mean_rank": 138.86917952063646,