{
  "evaluator_metadata": {
    "batch_size": 2048,
    "slice_size": null
  },
  "losses": [
    0.000208604416764187,
    0.00020803913257138926,
    0.0002074576098380109,
    0.00020695912158022746,
    0.00020641966698798603
  ],
  "metrics": {
    "both": {
      "optimistic": {
        "adjusted_arithmetic_mean_rank": 0.9207919775259267,
        "adjusted_arithmetic_mean_rank_index": 0.07921874676399432,
        "adjusted_geometric_mean_rank_index": 0.21897247094458427,
        "adjusted_hits_at_k": 0.005318092337383576,
        "adjusted_inverse_harmonic_mean_rank": 0.0051853177799535705,
        "arithmetic_mean_rank": 6801.7544311083275,
        "count": 118142.0,
        "geometric_mean_rank": 4242.455386428855,
        "harmonic_mean_rank": 170.30311795666364,
        "hits_at_1": 0.003927477103824212,
        "hits_at_10": 0.005992788339455909,
        "hits_at_3": 0.00552724687240778,
        "hits_at_5": 0.00565421272705727,
        "inverse_arithmetic_mean_rank": 0.00014702089146682892,
        "inverse_geometric_mean_rank": 0.00023571255532795686,
        "inverse_harmonic_mean_rank": 0.005871883098784287,
        "inverse_median_rank": 0.000152114390021296,
        "median_absolute_deviation": 5675.401292439445,
        "median_rank": 6574.0,
        "standard_deviation": 4419.625361302917,
        "variance": 19533088.334271934,
        "z_arithmetic_mean_rank": 47.12068045997205,
        "z_geometric_mean_rank": 75.39534533250384,
        "z_hits_at_k": 70.1615400410659,
        "z_inverse_harmonic_mean_rank": 168.97846642196097
      },
      "pessimistic": {
        "adjusted_arithmetic_mean_rank": 0.9207996732049827,
        "adjusted_arithmetic_mean_rank_index": 0.07921105004298967,
        "adjusted_geometric_mean_rank_index": 0.21896172620653143,
        "adjusted_hits_at_k": 0.005318092337383576,
        "adjusted_inverse_harmonic_mean_rank": 0.005185300049122959,
        "arithmetic_mean_rank": 6801.811277953649,
        "count": 118142.0,
        "geometric_mean_rank": 4242.513736903575,
        "harmonic_mean_rank": 170.3036318532829,
        "hits_at_1": 0.003927477103824212,
        "hits_at_10": 0.005992788339455909,
        "hits_at_3": 0.00552724687240778,
        "hits_at_5": 0.00565421272705727,
        "inverse_arithmetic_mean_rank": 0.00014701966272443446,
        "inverse_geometric_mean_rank": 0.00023570931339632063,
        "inverse_harmonic_mean_rank": 0.0058718653801905,
        "inverse_median_rank": 0.000152114390021296,
        "median_absolute_deviation": 5675.401292439445,
        "median_rank": 6574.0,
        "standard_deviation": 4419.628569110977,
        "variance": 19533116.688901942,
        "z_arithmetic_mean_rank": 47.11610231722352,
        "z_geometric_mean_rank": 75.39164576592134,
        "z_hits_at_k": 70.1615400410659,
        "z_inverse_harmonic_mean_rank": 168.97788861194192
      },
      "realistic": {
        "adjusted_arithmetic_mean_rank": 0.9207958725565982,
        "adjusted_arithmetic_mean_rank_index": 0.07921485120595906,
        "adjusted_geometric_mean_rank_index": 0.21896713294853576,
        "adjusted_hits_at_k": 0.005318092337383576,
        "adjusted_inverse_harmonic_mean_rank": 0.005185308909615302,
        "arithmetic_mean_rank": 6801.783203125,
        "count": 118142.0,
        "geometric_mean_rank": 4242.484375,
        "harmonic_mean_rank": 170.3033750472689,
        "hits_at_1": 0.003927477103824212,
        "hits_at_10": 0.005992788339455909,
        "hits_at_3": 0.00552724687240778,
        "hits_at_5": 0.00565421272705727,
        "inverse_arithmetic_mean_rank": 0.00014702026965096593,
        "inverse_geometric_mean_rank": 0.00023571094789076596,
        "inverse_harmonic_mean_rank": 0.005871874234567829,
        "inverse_median_rank": 0.00015211438585538417,
        "median_absolute_deviation": 5675.401292439445,
        "median_rank": 6574.0,
        "standard_deviation": 4419.62646484375,
        "variance": 19533100.0,
        "z_arithmetic_mean_rank": 47.11836331468908,
        "z_geometric_mean_rank": 75.39350738431921,
        "z_hits_at_k": 70.1615400410659,
        "z_inverse_harmonic_mean_rank": 168.9781773565226
      }
    },
    "head": {
      "optimistic": {
        "adjusted_arithmetic_mean_rank": 0.9450959015811221,
        "adjusted_arithmetic_mean_rank_index": 0.0549115523924576,
        "adjusted_geometric_mean_rank_index": 0.16122934046823933,
        "adjusted_hits_at_k": 1.3705613470731061e-05,
        "adjusted_inverse_harmonic_mean_rank": 0.0007384753351438997,
        "arithmetic_mean_rank": 6962.284285012951,
        "count": 59071.0,
        "geometric_mean_rank": 4542.932684386978,
        "harmonic_mean_rank": 699.2987534521512,
        "hits_at_1": 8.464390309965973e-05,
        "hits_at_10": 0.0006940800054172098,
        "hits_at_3": 0.00027086048991891115,
        "hits_at_5": 0.00038936195425843476,
        "inverse_arithmetic_mean_rank": 0.00014363102094992088,
        "inverse_geometric_mean_rank": 0.00022012212583223426,
        "inverse_harmonic_mean_rank": 0.001430003979076768,
        "inverse_median_rank": 0.00014749262536873156,
        "median_absolute_deviation": 5669.470883565422,
        "median_rank": 6780.0,
        "standard_deviation": 4399.418868449341,
        "variance": 19354886.380068082,
        "z_arithmetic_mean_rank": 23.092416599277726,
        "z_geometric_mean_rank": 39.251298658222595,
        "z_hits_at_k": 0.12766190813382305,
        "z_inverse_harmonic_mean_rank": 16.990796957990767
      },
      "pessimistic": {
        "adjusted_arithmetic_mean_rank": 0.9451039192990608,
        "adjusted_arithmetic_mean_rank_index": 0.054903533586005304,
        "adjusted_geometric_mean_rank_index": 0.16121720085611924,
        "adjusted_hits_at_k": 1.3705613470731061e-05,
        "adjusted_inverse_harmonic_mean_rank": 0.0007384551039659525,
        "arithmetic_mean_rank": 6962.3433495285335,
        "count": 59071.0,
        "geometric_mean_rank": 4542.998420235553,
        "harmonic_mean_rank": 699.3086401705666,
        "hits_at_1": 8.464390309965973e-05,
        "hits_at_10": 0.0006940800054172098,
        "hits_at_3": 0.00027086048991891115,
        "hits_at_5": 0.00038936195425843476,
        "inverse_arithmetic_mean_rank": 0.0001436298024669692,
        "inverse_geometric_mean_rank": 0.00022011894072993104,
        "inverse_harmonic_mean_rank": 0.001429983761899599,
        "inverse_median_rank": 0.00014749262536873156,
        "median_absolute_deviation": 5669.470883565422,
        "median_rank": 6780.0,
        "standard_deviation": 4399.420293881387,
        "variance": 19354898.922215387,
        "z_arithmetic_mean_rank": 23.089044383211046,
        "z_geometric_mean_rank": 39.24834326846823,
        "z_hits_at_k": 0.12766190813382305,
        "z_inverse_harmonic_mean_rank": 16.990331480241736
      },
      "realistic": {
        "adjusted_arithmetic_mean_rank": 0.9450998641906208,
        "adjusted_arithmetic_mean_rank_index": 0.05490758924498118,
        "adjusted_geometric_mean_rank_index": 0.1612233113418693,
        "adjusted_hits_at_k": 1.3705613470731061e-05,
        "adjusted_inverse_harmonic_mean_rank": 0.0007384651003795702,
        "arithmetic_mean_rank": 6962.3134765625,
        "count": 59071.0,
        "geometric_mean_rank": 4542.96533203125,
        "harmonic_mean_rank": 699.3037550158945,
        "hits_at_1": 8.464390309965973e-05,
        "hits_at_10": 0.0006940800054172098,
        "hits_at_3": 0.00027086048991891115,
        "hits_at_5": 0.00038936195425843476,
        "inverse_arithmetic_mean_rank": 0.0001436304155504331,
        "inverse_geometric_mean_rank": 0.00022012054978404194,
        "inverse_harmonic_mean_rank": 0.0014299937513953017,
        "inverse_median_rank": 0.00014749262481927872,
        "median_absolute_deviation": 5669.470883565422,
        "median_rank": 6780.0,
        "standard_deviation": 4399.41943359375,
        "variance": 19354892.0,