{
  "losses": [
    0.0001197095220165262,
    3.842027433118703e-06,
    3.4459802265337745e-06,
    3.297556057019098e-06,
    3.1852552669447856e-06
  ],
  "metrics": {
    "both": {
      "optimistic": {
        "adjusted_arithmetic_mean_rank": 0.6690416172263688,
        "adjusted_arithmetic_mean_rank_index": 0.3309745568824283,
        "adjusted_hits_at_k": 0.0460669090682069,
        "adjusted_inverse_harmonic_mean_rank": 0.02654567437482097,
        "arithmetic_mean_rank": 13690.7545,
        "count": 10000.0,
        "geometric_mean_rank": 3642.850837532699,
        "harmonic_mean_rank": 37.29673164073776,
        "hits_at_1": 0.0163,
        "hits_at_10": 0.0463,
        "hits_at_3": 0.026,
        "hits_at_5": 0.0319,
        "inverse_arithmetic_mean_rank": 7.304199341241566e-05,
        "inverse_geometric_mean_rank": 0.0002745102790641023,
        "inverse_harmonic_mean_rank": 0.02681200083783586,
        "inverse_median_rank": 0.00010062893081761007,
        "median_absolute_deviation": 14190.727134426368,
        "median_rank": 9937.5,
        "standard_deviation": 12992.265564228193,
        "variance": 168798964.49142975,
        "z_arithmetic_mean_rank": 57.3250023347874,
        "z_hits_at_k": 294.6675254551374,
        "z_inverse_harmonic_mean_rank": 418.9912410223125
      },
      "pessimistic": {
        "adjusted_arithmetic_mean_rank": 0.6690419739637427,
        "adjusted_arithmetic_mean_rank_index": 0.3309742001276206,
        "adjusted_hits_at_k": 0.0460669090682069,
        "adjusted_inverse_harmonic_mean_rank": 0.026545674264344184,
        "arithmetic_mean_rank": 13690.7618,
        "count": 10000.0,
        "geometric_mean_rank": 3642.8529066914157,
        "harmonic_mean_rank": 37.29673179437403,
        "hits_at_1": 0.0163,
        "hits_at_10": 0.0463,
        "hits_at_3": 0.026,
        "hits_at_5": 0.0319,
        "inverse_arithmetic_mean_rank": 7.304195446596696e-05,
        "inverse_geometric_mean_rank": 0.00027451012314088735,
        "inverse_harmonic_mean_rank": 0.026812000727389294,
        "inverse_median_rank": 0.00010062893081761007,
        "median_absolute_deviation": 14190.727134426368,
        "median_rank": 9937.5,
        "standard_deviation": 12992.268889068635,
        "variance": 168799050.88586074,
        "z_arithmetic_mean_rank": 57.324940544629314,
        "z_hits_at_k": 294.6675254551374,
        "z_inverse_harmonic_mean_rank": 418.9912392785705
      },
      "realistic": {
        "adjusted_arithmetic_mean_rank": 0.6690418268248473,
        "adjusted_arithmetic_mean_rank_index": 0.33097434727370667,
        "adjusted_hits_at_k": 0.0460669090682069,
        "adjusted_inverse_harmonic_mean_rank": 0.026545674319570493,
        "arithmetic_mean_rank": 13690.7587890625,
        "count": 10000.0,
        "geometric_mean_rank": 3642.852783203125,
        "harmonic_mean_rank": 37.29673348542801,
        "hits_at_1": 0.0163,
        "hits_at_10": 0.0463,
        "hits_at_3": 0.026,
        "hits_at_5": 0.0319,
        "inverse_arithmetic_mean_rank": 7.304197060875595e-05,
        "inverse_geometric_mean_rank": 0.00027451012283563614,
        "inverse_harmonic_mean_rank": 0.026812000782600494,
        "inverse_median_rank": 0.00010062893124995753,
        "median_absolute_deviation": 14190.727134426368,
        "median_rank": 9937.5,
        "standard_deviation": 12992.267578125,
        "variance": 168799008.0,
        "z_arithmetic_mean_rank": 57.32496603042439,
        "z_hits_at_k": 294.6675254551374,
        "z_inverse_harmonic_mean_rank": 418.99124015025075
      }
    },
    "head": {
      "optimistic": {
        "adjusted_arithmetic_mean_rank": 0.6834586222406983,
        "adjusted_arithmetic_mean_rank_index": 0.31655684766020065,
        "adjusted_hits_at_k": 0.041365754883860385,
        "adjusted_inverse_harmonic_mean_rank": 0.025217609226782556,
        "arithmetic_mean_rank": 13985.4488,
        "count": 5000.0,
        "geometric_mean_rank": 3911.6517271442685,
        "harmonic_mean_rank": 39.23983846635467,
        "hits_at_1": 0.0156,
        "hits_at_10": 0.0416,
        "hits_at_3": 0.0246,
        "hits_at_5": 0.03,
        "inverse_arithmetic_mean_rank": 7.150288948896657e-05,
        "inverse_geometric_mean_rank": 0.00025564648127047285,
        "inverse_harmonic_mean_rank": 0.02548430470368597,
        "inverse_median_rank": 9.482268158543523e-05,
        "median_absolute_deviation": 14892.739284888772,
        "median_rank": 10546.0,
        "standard_deviation": 12984.836726111675,
        "variance": 168605984.80377856,
        "z_arithmetic_mean_rank": 38.76913842625525,
        "z_hits_at_k": 187.095820751784,
        "z_inverse_harmonic_mean_rank": 281.4459661806924
      },
      "pessimistic": {
        "adjusted_arithmetic_mean_rank": 0.6834589350040029,
        "adjusted_arithmetic_mean_rank_index": 0.31655653488161084,
        "adjusted_hits_at_k": 0.041365754883860385,
        "adjusted_inverse_harmonic_mean_rank": 0.025217609157271326,
        "arithmetic_mean_rank": 13985.4552,
        "count": 5000.0,
        "geometric_mean_rank": 3911.6534371979524,
        "harmonic_mean_rank": 39.239838573356344,
        "hits_at_1": 0.0156,
        "hits_at_10": 0.0416,
        "hits_at_3": 0.0246,
        "hits_at_5": 0.03,
        "inverse_arithmetic_mean_rank": 7.150285676793701e-05,
        "inverse_geometric_mean_rank": 0.0002556463695097522,
        "inverse_harmonic_mean_rank": 0.025484304634193756,
        "inverse_median_rank": 9.482268158543523e-05,
        "median_absolute_deviation": 14892.739284888772,
        "median_rank": 10546.0,
        "standard_deviation": 12984.840143828995,
        "variance": 168606073.56079298,
        "z_arithmetic_mean_rank": 38.76910011984509,
        "z_hits_at_k": 187.095820751784,
        "z_inverse_harmonic_mean_rank": 281.44596540489897
      },
      "realistic": {
        "adjusted_arithmetic_mean_rank": 0.6834588336002752,
        "adjusted_arithmetic_mean_rank_index": 0.3165566362902943,
        "adjusted_hits_at_k": 0.041365754883860385,
        "adjusted_inverse_harmonic_mean_rank": 0.025217609192021116,
        "arithmetic_mean_rank": 13985.453125,
        "count": 5000.0,
        "geometric_mean_rank": 3911.652099609375,
        "harmonic_mean_rank": 39.239838303317676,
        "hits_at_1": 0.0156,
        "hits_at_10": 0.0416,
        "hits_at_3": 0.0246,
        "hits_at_5": 0.03,
        "inverse_arithmetic_mean_rank": 7.150286546675488e-05,
        "inverse_geometric_mean_rank": 0.00025564644602127373,
        "inverse_harmonic_mean_rank": 0.02548430466893404,
        "inverse_median_rank": 9.482268069405109e-05,
        "median_absolute_deviation": 14892.739284888772,
        "median_rank": 10546.0,
        "standard_deviation": 12984.8388671875,
        "variance": 168606048.0,
        "z_arithmetic_mean_rank": 38.76911253950152,
        "z_hits_at_k": 187.095820751784,
        "z_inverse_harmonic_mean_rank": 281.44596579273065
      }
    },
    "tail": {
      "optimistic": {
        "adjusted_arithmetic_mean_rank": 0.6546252806566224,
        "adjusted_arithmetic_mean_rank_index": 0.34539159759475413,
        "adjusted_hits_at_k": 0.05076806319888817,
        "adjusted_inverse_harmonic_mean_rank": 0.02787373950740589,
        "arithmetic_mean_rank": 13396.0602,
        "count": 5000.0,
        "geometric_mean_rank": 3392.5214078812855,
        "harmonic_mean_rank": 35.536985383870416,
        "hits_at_1": 0.017,
        "hits_at_10": 0.051,
        "hits_at_3": 0.0274,
        "hits_at_5": 0.0338,
        "inverse_arithmetic_mean_rank": 7.464881353698307e-05,
        "inverse_geometric_mean_rank": 0.00029476601022380137,
        "inverse_harmonic_mean_rank": 0.028139696971985744,
        "inverse_median_rank": 0.0001077179942909463,
        "median_absolute_deviation": 13414.584873038686,
        "median_rank": 9283.5,
        "standard_deviation": 12993.007916497856,
        "variance": 168818254.71817595,