{
  "losses": [
    0.1859842339811534,
    0.1488544849477889,
    0.13528452142724368,
    0.12644040748196536,
    0.1193752745758366
  ],
  "metrics": {
    "both": {
      "optimistic": {
        "adjusted_arithmetic_mean_rank": 0.6755986993844032,
        "adjusted_arithmetic_mean_rank_index": 0.32441715427636864,
        "adjusted_hits_at_k": 0.020260603368259057,
        "adjusted_inverse_harmonic_mean_rank": 0.011160908295552288,
        "arithmetic_mean_rank": 13824.9336,
        "count": 10000.0,
        "geometric_mean_rank": 5556.814652149579,
        "harmonic_mean_rank": 87.47801345454457,
        "hits_at_1": 0.0054,
        "hits_at_10": 0.0205,
        "hits_at_3": 0.0121,
        "hits_at_5": 0.0157,
        "inverse_arithmetic_mean_rank": 7.233307796863487e-05,
        "inverse_geometric_mean_rank": 0.00017995921451386963,
        "inverse_harmonic_mean_rank": 0.011431443862401164,
        "inverse_median_rank": 9.026085386767759e-05,
        "median_absolute_deviation": 13728.896543361874,
        "median_rank": 11079.0,
        "standard_deviation": 11964.625858922253,
        "variance": 143152271.94399107,
        "z_arithmetic_mean_rank": 56.189256060985315,
        "z_hits_at_k": 129.59718764533335,
        "z_inverse_harmonic_mean_rank": 176.161387036573
      },
      "pessimistic": {
        "adjusted_arithmetic_mean_rank": 0.6755991538580438,
        "adjusted_arithmetic_mean_rank_index": 0.3244166997805177,
        "adjusted_hits_at_k": 0.020260603368259057,
        "adjusted_inverse_harmonic_mean_rank": 0.011160907981794924,
        "arithmetic_mean_rank": 13824.9429,
        "count": 10000.0,
        "geometric_mean_rank": 5556.819712994077,
        "harmonic_mean_rank": 87.4780158548855,
        "hits_at_1": 0.0054,
        "hits_at_10": 0.0205,
        "hits_at_3": 0.0121,
        "hits_at_5": 0.0157,
        "inverse_arithmetic_mean_rank": 7.233302931037784e-05,
        "inverse_geometric_mean_rank": 0.00017995905061695598,
        "inverse_harmonic_mean_rank": 0.011431443548729641,
        "inverse_median_rank": 9.026085386767759e-05,
        "median_absolute_deviation": 13728.896543361874,
        "median_rank": 11079.0,
        "standard_deviation": 11964.629322851568,
        "variance": 143152354.8332396,
        "z_arithmetic_mean_rank": 56.189177342016805,
        "z_hits_at_k": 129.59718764533335,
        "z_inverse_harmonic_mean_rank": 176.16138208429393
      },
      "realistic": {
        "adjusted_arithmetic_mean_rank": 0.6755988899701234,
        "adjusted_arithmetic_mean_rank_index": 0.3244169636813343,
        "adjusted_hits_at_k": 0.020260603368259057,
        "adjusted_inverse_harmonic_mean_rank": 0.011160908138604079,
        "arithmetic_mean_rank": 13824.9375,
        "count": 10000.0,
        "geometric_mean_rank": 5556.8173828125,
        "harmonic_mean_rank": 87.4780140344442,
        "hits_at_1": 0.0054,
        "hits_at_10": 0.0205,
        "hits_at_3": 0.0121,
        "hits_at_5": 0.0157,
        "inverse_arithmetic_mean_rank": 7.233305950649083e-05,
        "inverse_geometric_mean_rank": 0.00017995912639889866,
        "inverse_harmonic_mean_rank": 0.011431443705495894,
        "inverse_median_rank": 9.026085172081366e-05,
        "median_absolute_deviation": 13728.896543361874,
        "median_rank": 11079.0,
        "standard_deviation": 11964.626953125,
        "variance": 143152304.0,
        "z_arithmetic_mean_rank": 56.189223049804966,
        "z_hits_at_k": 129.59718764533335,
        "z_inverse_harmonic_mean_rank": 176.16138455933606
      }
    },
    "head": {
      "optimistic": {
        "adjusted_arithmetic_mean_rank": 0.6871711031180322,
        "adjusted_arithmetic_mean_rank_index": 0.31284418534778335,
        "adjusted_hits_at_k": 0.02096076886511117,
        "adjusted_inverse_harmonic_mean_rank": 0.01172720074827386,
        "arithmetic_mean_rank": 14061.4164,
        "count": 5000.0,
        "geometric_mean_rank": 5711.947514522259,
        "harmonic_mean_rank": 83.35009273134703,
        "hits_at_1": 0.0058,
        "hits_at_10": 0.0212,
        "hits_at_3": 0.0128,
        "hits_at_5": 0.0166,
        "inverse_arithmetic_mean_rank": 7.111659107115269e-05,
        "inverse_geometric_mean_rank": 0.00017507163668040794,
        "inverse_harmonic_mean_rank": 0.01199758713194462,
        "inverse_median_rank": 8.702462796971542e-05,
        "median_absolute_deviation": 14010.590964877938,
        "median_rank": 11491.0,
        "standard_deviation": 12007.630931162526,
        "variance": 144183200.57901102,
        "z_arithmetic_mean_rank": 38.31444373181431,
        "z_hits_at_k": 94.80480328273974,
        "z_inverse_harmonic_mean_rank": 130.8836740037781
      },
      "pessimistic": {
        "adjusted_arithmetic_mean_rank": 0.6871715038460162,
        "adjusted_arithmetic_mean_rank_index": 0.3128437846002152,
        "adjusted_hits_at_k": 0.02096076886511117,
        "adjusted_inverse_harmonic_mean_rank": 0.011727200219012527,
        "arithmetic_mean_rank": 14061.4246,
        "count": 5000.0,
        "geometric_mean_rank": 5711.953444634062,
        "harmonic_mean_rank": 83.35009640724563,
        "hits_at_1": 0.0058,
        "hits_at_10": 0.0212,
        "hits_at_3": 0.0128,
        "hits_at_5": 0.0166,
        "inverse_arithmetic_mean_rank": 7.111654959910676e-05,
        "inverse_geometric_mean_rank": 0.0001750714549222075,
        "inverse_harmonic_mean_rank": 0.011997586602828092,
        "inverse_median_rank": 8.702462796971542e-05,
        "median_absolute_deviation": 14010.590964877938,
        "median_rank": 11491.0,
        "standard_deviation": 12007.632850995855,
        "variance": 144183246.68431485,
        "z_arithmetic_mean_rank": 38.31439465172629,
        "z_hits_at_k": 94.80480328273974,
        "z_inverse_harmonic_mean_rank": 130.88366809685547
      },
      "realistic": {
        "adjusted_arithmetic_mean_rank": 0.6871713229533725,
        "adjusted_arithmetic_mean_rank_index": 0.31284396550169946,
        "adjusted_hits_at_k": 0.02096076886511117,
        "adjusted_inverse_harmonic_mean_rank": 0.011727200483508837,
        "arithmetic_mean_rank": 14061.4208984375,
        "count": 5000.0,
        "geometric_mean_rank": 5711.947265625,
        "harmonic_mean_rank": 83.35008958074279,
        "hits_at_1": 0.0058,
        "hits_at_10": 0.0212,
        "hits_at_3": 0.0128,
        "hits_at_5": 0.0166,
        "inverse_arithmetic_mean_rank": 7.111657032510266e-05,
        "inverse_geometric_mean_rank": 0.00017507164739072323,
        "inverse_harmonic_mean_rank": 0.011997586867252037,
        "inverse_median_rank": 8.702462946530432e-05,
        "median_absolute_deviation": 14010.590964877938,
        "median_rank": 11491.0,
        "standard_deviation": 12007.6318359375,
        "variance": 144183216.0,
        "z_arithmetic_mean_rank": 38.31441680697182,
        "z_hits_at_k": 94.80480328273974,
        "z_inverse_harmonic_mean_rank": 130.8836710488173
      }
    },
    "tail": {
      "optimistic": {
        "adjusted_arithmetic_mean_rank": 0.6640268322053902,
        "adjusted_arithmetic_mean_rank_index": 0.3359895865979101,
        "adjusted_hits_at_k": 0.01956043787939957,
        "adjusted_inverse_harmonic_mean_rank": 0.010594615849420157,
        "arithmetic_mean_rank": 13588.4508,
        "count": 5000.0,
        "geometric_mean_rank": 5405.8950996728145,
        "harmonic_mean_rank": 92.036109949627,
        "hits_at_1": 0.005,
        "hits_at_10": 0.0198,
        "hits_at_3": 0.0114,
        "hits_at_5": 0.0148,
        "inverse_arithmetic_mean_rank": 7.359190644455216e-05,
        "inverse_geometric_mean_rank": 0.00018498324173188709,
        "inverse_harmonic_mean_rank": 0.010865300592857712,
        "inverse_median_rank": 9.43040362127499e-05,
        "median_absolute_deviation": 13467.217251795635,
        "median_rank": 10604.0,
        "standard_deviation": 11916.773685842129,
        "variance": 142009495.07957938,