{
  "evaluator_metadata": {
    "batch_size": 8192,
    "slice_size": null
  },
  "losses": [
    0.00012069320004326263,
    3.8810777744959124e-06,
    3.485230710315089e-06,
    3.3256080524316043e-06,
    3.18438816935551e-06
  ],
  "metrics": {
    "both": {
      "optimistic": {
        "adjusted_arithmetic_mean_rank": 0.6801818998982223,
        "adjusted_arithmetic_mean_rank_index": 0.3198337297791498,
        "adjusted_geometric_mean_rank_index": 0.7519856699805167,
        "adjusted_hits_at_k": 0.04796737344145887,
        "adjusted_inverse_harmonic_mean_rank": 0.02738208123845674,
        "arithmetic_mean_rank": 13918.7207,
        "count": 10000.0,
        "geometric_mean_rank": 3735.5159149214624,
        "harmonic_mean_rank": 36.1687474865135,
        "hits_at_1": 0.0169,
        "hits_at_10": 0.0482,
        "hits_at_3": 0.0272,
        "hits_at_5": 0.0338,
        "inverse_arithmetic_mean_rank": 7.18456833464587e-05,
        "inverse_geometric_mean_rank": 0.0002677006396908965,
        "inverse_harmonic_mean_rank": 0.027648178869696196,
        "inverse_median_rank": 9.786651008025054e-05,
        "median_absolute_deviation": 14536.173451338174,
        "median_rank": 10218.0,
        "standard_deviation": 13115.026157339204,
        "variance": 172003911.1076915,
        "z_arithmetic_mean_rank": 55.39540404263296,
        "z_geometric_mean_rank": 75.25938942609984,
        "z_hits_at_k": 306.823868162061,
        "z_inverse_harmonic_mean_rank": 432.1929078869801
      },
      "pessimistic": {
        "adjusted_arithmetic_mean_rank": 0.6801822859564761,
        "adjusted_arithmetic_mean_rank_index": 0.3198333437020291,
        "adjusted_geometric_mean_rank_index": 0.7519855443955777,
        "adjusted_hits_at_k": 0.04796737344145887,
        "adjusted_inverse_harmonic_mean_rank": 0.027382081193512736,
        "arithmetic_mean_rank": 13918.7286,
        "count": 10000.0,
        "geometric_mean_rank": 3735.5178059370073,
        "harmonic_mean_rank": 36.168747545292184,
        "hits_at_1": 0.0169,
        "hits_at_10": 0.0482,
        "hits_at_3": 0.0272,
        "hits_at_5": 0.0338,
        "inverse_arithmetic_mean_rank": 7.184564256824434e-05,
        "inverse_geometric_mean_rank": 0.00026770050417392207,
        "inverse_harmonic_mean_rank": 0.02764817882476449,
        "inverse_median_rank": 9.786651008025054e-05,
        "median_absolute_deviation": 14536.173451338174,
        "median_rank": 10218.0,
        "standard_deviation": 13115.03010968492,
        "variance": 172004014.77794203,
        "z_arithmetic_mean_rank": 55.39533717383175,
        "z_geometric_mean_rank": 75.25937685744833,
        "z_hits_at_k": 306.823868162061,
        "z_inverse_harmonic_mean_rank": 432.1929071775936
      },
      "realistic": {
        "adjusted_arithmetic_mean_rank": 0.6801820909420813,
        "adjusted_arithmetic_mean_rank_index": 0.3198335387259543,
        "adjusted_geometric_mean_rank_index": 0.7519856568071709,
        "adjusted_hits_at_k": 0.04796737344145887,
        "adjusted_inverse_harmonic_mean_rank": 0.027382083521728977,
        "arithmetic_mean_rank": 13918.724609375,
        "count": 10000.0,
        "geometric_mean_rank": 3735.51611328125,
        "harmonic_mean_rank": 36.16874450040376,
        "hits_at_1": 0.0169,
        "hits_at_10": 0.0482,
        "hits_at_3": 0.0272,
        "hits_at_5": 0.0338,
        "inverse_arithmetic_mean_rank": 7.184566493378952e-05,
        "inverse_geometric_mean_rank": 0.0002677006123121828,
        "inverse_harmonic_mean_rank": 0.027648181152343753,
        "inverse_median_rank": 9.78665120783262e-05,
        "median_absolute_deviation": 14536.173451338174,
        "median_rank": 10218.0,
        "standard_deviation": 13115.02734375,
        "variance": 172003952.0,
        "z_arithmetic_mean_rank": 55.395370952098816,
        "z_geometric_mean_rank": 75.25938810769976,
        "z_hits_at_k": 306.823868162061,
        "z_inverse_harmonic_mean_rank": 432.19294392566024
      }
    },
    "head": {
      "optimistic": {
        "adjusted_arithmetic_mean_rank": 0.7005482046785227,
        "adjusted_arithmetic_mean_rank_index": 0.2994664300262051,
        "adjusted_geometric_mean_rank_index": 0.7317236995864804,
        "adjusted_hits_at_k": 0.0445665370044485,
        "adjusted_inverse_harmonic_mean_rank": 0.025789613592086494,
        "arithmetic_mean_rank": 14335.1488,
        "count": 5000.0,
        "geometric_mean_rank": 4040.7214584881763,
        "harmonic_mean_rank": 38.37865153940608,
        "hits_at_1": 0.0154,
        "hits_at_10": 0.0448,
        "hits_at_3": 0.0266,
        "hits_at_5": 0.0326,
        "inverse_arithmetic_mean_rank": 6.975860620295759e-05,
        "inverse_geometric_mean_rank": 0.0002474805576858908,
        "inverse_harmonic_mean_rank": 0.026056152571520892,
        "inverse_median_rank": 9.11410864017499e-05,
        "median_absolute_deviation": 15384.963221432632,
        "median_rank": 10972.0,
        "standard_deviation": 13176.422049504126,
        "variance": 173618098.02665854,
        "z_arithmetic_mean_rank": 36.676052233641556,
        "z_geometric_mean_rank": 51.78636032286495,
        "z_hits_at_k": 201.57284309986937,
        "z_inverse_harmonic_mean_rank": 287.82993064793305
      },
      "pessimistic": {
        "adjusted_arithmetic_mean_rank": 0.7005485956326534,
        "adjusted_arithmetic_mean_rank_index": 0.29946603905296787,
        "adjusted_geometric_mean_rank_index": 0.7317235641683568,
        "adjusted_hits_at_k": 0.0445665370044485,
        "adjusted_inverse_harmonic_mean_rank": 0.0257896135490425,
        "arithmetic_mean_rank": 14335.1568,
        "count": 5000.0,
        "geometric_mean_rank": 4040.723497622826,
        "harmonic_mean_rank": 38.378651602789134,
        "hits_at_1": 0.0154,
        "hits_at_10": 0.0448,
        "hits_at_3": 0.0266,
        "hits_at_5": 0.0326,
        "inverse_arithmetic_mean_rank": 6.975856727287419e-05,
        "inverse_geometric_mean_rank": 0.0002474804327958357,
        "inverse_harmonic_mean_rank": 0.026056152528488676,
        "inverse_median_rank": 9.11410864017499e-05,
        "median_absolute_deviation": 15384.963221432632,
        "median_rank": 10972.0,
        "standard_deviation": 13176.425496128066,
        "variance": 173618188.85501376,
        "z_arithmetic_mean_rank": 36.67600435062886,
        "z_geometric_mean_rank": 51.78635073890348,
        "z_hits_at_k": 201.57284309986937,
        "z_inverse_harmonic_mean_rank": 287.8299301675323
      },
      "realistic": {
        "adjusted_arithmetic_mean_rank": 0.7005483778589853,
        "adjusted_arithmetic_mean_rank_index": 0.2994662568372789,
        "adjusted_geometric_mean_rank_index": 0.7317235227638998,
        "adjusted_hits_at_k": 0.0445665370044485,
        "adjusted_inverse_harmonic_mean_rank": 0.02578961336425327,
        "arithmetic_mean_rank": 14335.15234375,
        "count": 5000.0,
        "geometric_mean_rank": 4040.72412109375,
        "harmonic_mean_rank": 38.37865187489459,
        "hits_at_1": 0.0154,
        "hits_at_10": 0.0448,
        "hits_at_3": 0.0266,
        "hits_at_5": 0.0326,
        "inverse_arithmetic_mean_rank": 6.975858559599146e-05,
        "inverse_geometric_mean_rank": 0.000247480405960232,
        "inverse_harmonic_mean_rank": 0.026056152343750003,
        "inverse_median_rank": 9.114108979701996e-05,
        "median_absolute_deviation": 15384.963221432632,
        "median_rank": 10972.0,
        "standard_deviation": 13176.423828125,
        "variance": 173618144.0,
        "z_arithmetic_mean_rank": 36.676031022963286,
        "z_geometric_mean_rank": 51.78634780858139,
        "z_hits_at_k": 201.57284309986937,
        "z_inverse_harmonic_mean_rank": 287.8299281051567
      }
    },
    "tail": {
      "optimistic": {
        "adjusted_arithmetic_mean_rank": 0.6598165394018486,
        "adjusted_arithmetic_mean_rank_index": 0.34020008515588696,