{
  "evaluator_metadata": {
    "batch_size": 256,
    "slice_size": null
  },
  "losses": [
    0.019261958489676396,
    0.019163661997862045,
    0.019064278557845992,
    0.018965127136297243,
    0.018866502912631956
  ],
  "metrics": {
    "both": {
      "optimistic": {
        "adjusted_arithmetic_mean_rank": 0.8828598120598528,
        "adjusted_arithmetic_mean_rank_index": 0.11714596649184639,
        "adjusted_geometric_mean_rank_index": 0.2923689706295878,
        "adjusted_hits_at_k": 0.007450130412883449,
        "adjusted_inverse_harmonic_mean_rank": 0.003932262355982899,
        "arithmetic_mean_rank": 17897.81788645691,
        "count": 5848.0,
        "geometric_mean_rank": 10557.359337940927,
        "harmonic_mean_rank": 237.69292302092035,
        "hits_at_1": 0.002051983584131327,
        "hits_at_10": 0.007694938440492476,
        "hits_at_3": 0.004103967168262654,
        "hits_at_5": 0.005129958960328317,
        "inverse_arithmetic_mean_rank": 5.5872732997059354e-05,
        "inverse_geometric_mean_rank": 9.472065579942994e-05,
        "inverse_harmonic_mean_rank": 0.004207108849900364,
        "inverse_median_rank": 5.940182363598562e-05,
        "median_absolute_deviation": 15698.533590646566,
        "median_rank": 16834.5,
        "standard_deviation": 12192.032467473826,
        "variance": 148645655.6879359,
        "z_arithmetic_mean_rank": 15.516025046938196,
        "z_geometric_mean_rank": 22.377492200661884,
        "z_hits_at_k": 36.27248694079143,
        "z_inverse_harmonic_mean_rank": 47.241813608270604
      },
      "pessimistic": {
        "adjusted_arithmetic_mean_rank": 0.8828636752828475,
        "adjusted_arithmetic_mean_rank_index": 0.11714210307827799,
        "adjusted_geometric_mean_rank_index": 0.2923638535782205,
        "adjusted_hits_at_k": 0.007450130412883449,
        "adjusted_inverse_harmonic_mean_rank": 0.003932259472704943,
        "arithmetic_mean_rank": 17897.89620383037,
        "count": 5848.0,
        "geometric_mean_rank": 10557.435673532134,
        "harmonic_mean_rank": 237.69308587530654,
        "hits_at_1": 0.002051983584131327,
        "hits_at_10": 0.007694938440492476,
        "hits_at_3": 0.004103967168262654,
        "hits_at_5": 0.005129958960328317,
        "inverse_arithmetic_mean_rank": 5.587248850990586e-05,
        "inverse_geometric_mean_rank": 9.471997092125652e-05,
        "inverse_harmonic_mean_rank": 0.004207105967417995,
        "inverse_median_rank": 5.940182363598562e-05,
        "median_absolute_deviation": 15698.533590646566,
        "median_rank": 16834.5,
        "standard_deviation": 12192.040678461748,
        "variance": 148645855.90526602,
        "z_arithmetic_mean_rank": 15.515513336433017,
        "z_geometric_mean_rank": 22.3771005490553,
        "z_hits_at_k": 36.27248694079143,
        "z_inverse_harmonic_mean_rank": 47.24177896885251
      },
      "realistic": {
        "adjusted_arithmetic_mean_rank": 0.8828617622546758,
        "adjusted_arithmetic_mean_rank_index": 0.11714401620081982,
        "adjusted_geometric_mean_rank_index": 0.2923660223318012,
        "adjusted_hits_at_k": 0.007450130412883449,
        "adjusted_inverse_harmonic_mean_rank": 0.00393226100790816,
        "arithmetic_mean_rank": 17897.857421875,
        "count": 5848.0,
        "geometric_mean_rank": 10557.4033203125,
        "harmonic_mean_rank": 237.69299916335532,
        "hits_at_1": 0.002051983584131327,
        "hits_at_10": 0.007694938440492476,
        "hits_at_3": 0.004103967168262654,
        "hits_at_5": 0.005129958960328317,
        "inverse_arithmetic_mean_rank": 5.587260966422036e-05,
        "inverse_geometric_mean_rank": 9.472026431467384e-05,
        "inverse_harmonic_mean_rank": 0.0042071075021976,
        "inverse_median_rank": 5.9401823818916455e-05,
        "median_absolute_deviation": 15698.533590646566,
        "median_rank": 16834.5,
        "standard_deviation": 12192.037109375,
        "variance": 148645760.0,
        "z_arithmetic_mean_rank": 15.515766730196077,
        "z_geometric_mean_rank": 22.377266542273503,
        "z_hits_at_k": 36.27248694079143,
        "z_inverse_harmonic_mean_rank": 47.24179741263312
      }
    },
    "head": {
      "optimistic": {
        "adjusted_arithmetic_mean_rank": 0.9376485514225431,
        "adjusted_arithmetic_mean_rank_index": 0.062354525070938194,
        "adjusted_geometric_mean_rank_index": 0.16130982596183663,
        "adjusted_hits_at_k": 0.005568626686370119,
        "adjusted_inverse_harmonic_mean_rank": 0.0026470319205615617,
        "arithmetic_mean_rank": 19004.308139534885,
        "count": 2924.0,
        "geometric_mean_rank": 12510.769545520707,
        "harmonic_mean_rank": 342.19751112357585,
        "hits_at_1": 0.0013679890560875513,
        "hits_at_10": 0.005813953488372093,
        "hits_at_3": 0.0027359781121751026,
        "hits_at_5": 0.004103967168262654,
        "inverse_arithmetic_mean_rank": 5.26196477481697e-05,
        "inverse_geometric_mean_rank": 7.993113424090167e-05,
        "inverse_harmonic_mean_rank": 0.0029222889340036013,
        "inverse_median_rank": 5.450779461462989e-05,
        "median_absolute_deviation": 15325.659132692408,
        "median_rank": 18346.0,
        "standard_deviation": 11991.670556534038,
        "variance": 143800162.73644537,
        "z_arithmetic_mean_rank": 5.8399060402006455,
        "z_geometric_mean_rank": 8.731342208322275,
        "z_hits_at_k": 19.168941041029797,
        "z_inverse_harmonic_mean_rank": 22.484326194166155
      },
      "pessimistic": {
        "adjusted_arithmetic_mean_rank": 0.9376525842399235,
        "adjusted_arithmetic_mean_rank_index": 0.06235049205457388,
        "adjusted_geometric_mean_rank_index": 0.16130319319545638,
        "adjusted_hits_at_k": 0.005568626686370119,
        "adjusted_inverse_harmonic_mean_rank": 0.002647027911227845,
        "arithmetic_mean_rank": 19004.389876880985,
        "count": 2924.0,
        "geometric_mean_rank": 12510.868478811492,
        "harmonic_mean_rank": 342.197980484163,
        "hits_at_1": 0.0013679890560875513,
        "hits_at_10": 0.005813953488372093,
        "hits_at_3": 0.0027359781121751026,
        "hits_at_5": 0.004103967168262654,
        "inverse_arithmetic_mean_rank": 5.2619421432545395e-05,
        "inverse_geometric_mean_rank": 7.993050216246843e-05,
        "inverse_harmonic_mean_rank": 0.002922284925776411,
        "inverse_median_rank": 5.450779461462989e-05,
        "median_absolute_deviation": 15325.659132692408,
        "median_rank": 18346.0,
        "standard_deviation": 11991.672594145404,
        "variance": 143800211.60517797,
        "z_arithmetic_mean_rank": 5.839528322038262,
        "z_geometric_mean_rank": 8.730983191426013,
        "z_hits_at_k": 19.168941041029797,
        "z_inverse_harmonic_mean_rank": 22.484292138223573
      },
      "realistic": {
        "adjusted_arithmetic_mean_rank": 0.9376505974920567,
        "adjusted_arithmetic_mean_rank_index": 0.06235247890046913,
        "adjusted_geometric_mean_rank_index": 0.16130733900159622,
        "adjusted_hits_at_k": 0.005568626686370119,
        "adjusted_inverse_harmonic_mean_rank": 0.0026470297253797593,
        "arithmetic_mean_rank": 19004.349609375,
        "count": 2924.0,
        "geometric_mean_rank": 12510.806640625,
        "harmonic_mean_rank": 342.1977681067189,
        "hits_at_1": 0.0013679890560875513,
        "hits_at_10": 0.005813953488372093,
        "hits_at_3": 0.0027359781121751026,
        "hits_at_5": 0.004103967168262654,
        "inverse_arithmetic_mean_rank": 5.261953265289776e-05,
        "inverse_geometric_mean_rank": 7.993089820956811e-05,
        "inverse_harmonic_mean_rank": 0.002922286739427642,
        "inverse_median_rank": 5.450779281090945e-05,
        "median_absolute_deviation": 15325.659132692408,
        "median_rank": 18346.0,
        "standard_deviation": 11991.6708984375,
        "variance": 143800176.0,