{
  "evaluator_metadata": {
    "batch_size": 1024,
    "slice_size": null
  },
  "losses": [
    0.0001694744666249087,
    3.830565566938213e-06,
    3.4759809618280278e-06,
    3.3146416847170494e-06,
    3.0465402742851043e-06
  ],
  "metrics": {
    "both": {
      "optimistic": {
        "adjusted_arithmetic_mean_rank": 0.5378326165937043,
        "adjusted_arithmetic_mean_rank_index": 0.4621901822268002,
        "adjusted_geometric_mean_rank_index": 0.8390557160671878,
        "adjusted_hits_at_k": 0.05773613104335256,
        "adjusted_inverse_harmonic_mean_rank": 0.030193480446228313,
        "arithmetic_mean_rank": 10903.237517099864,
        "count": 5848.0,
        "geometric_mean_rank": 2401.9485509616025,
        "harmonic_mean_rank": 32.828776225964894,
        "hits_at_1": 0.01573187414500684,
        "hits_at_10": 0.05796853625170999,
        "hits_at_3": 0.03317373461012312,
        "hits_at_5": 0.04155266757865937,
        "inverse_arithmetic_mean_rank": 9.17158778235979e-05,
        "inverse_geometric_mean_rank": 0.0004163286510028108,
        "inverse_harmonic_mean_rank": 0.03046108064208258,
        "inverse_median_rank": 0.00018400956849756188,
        "median_absolute_deviation": 7957.1261067195655,
        "median_rank": 5434.5,
        "standard_deviation": 12133.028938908961,
        "variance": 147210391.23240232,
        "z_arithmetic_mean_rank": 61.21725449573289,
        "z_geometric_mean_rank": 64.22009388267874,
        "z_hits_at_k": 281.10018794574233,
        "z_inverse_harmonic_mean_rank": 362.7415076350221
      },
      "pessimistic": {
        "adjusted_arithmetic_mean_rank": 0.5378330383429395,
        "adjusted_arithmetic_mean_rank_index": 0.4621897604567601,
        "adjusted_geometric_mean_rank_index": 0.839055594586586,
        "adjusted_hits_at_k": 0.05773613104335256,
        "adjusted_inverse_harmonic_mean_rank": 0.03019348032372203,
        "arithmetic_mean_rank": 10903.246067031463,
        "count": 5848.0,
        "geometric_mean_rank": 2401.950363195425,
        "harmonic_mean_rank": 32.82877635795698,
        "hits_at_1": 0.01573187414500684,
        "hits_at_10": 0.05796853625170999,
        "hits_at_3": 0.03317373461012312,
        "hits_at_5": 0.04155266757865937,
        "inverse_arithmetic_mean_rank": 9.171580590332048e-05,
        "inverse_geometric_mean_rank": 0.0004163283368893827,
        "inverse_harmonic_mean_rank": 0.0304610805196101,
        "inverse_median_rank": 0.00018400956849756188,
        "median_absolute_deviation": 7957.1261067195655,
        "median_rank": 5434.5,
        "standard_deviation": 12133.034735989933,
        "variance": 147210531.9047383,
        "z_arithmetic_mean_rank": 61.21719863214062,
        "z_geometric_mean_rank": 64.22008458473165,
        "z_hits_at_k": 281.10018794574233,
        "z_inverse_harmonic_mean_rank": 362.7415061632436
      },
      "realistic": {
        "adjusted_arithmetic_mean_rank": 0.5378328469742241,
        "adjusted_arithmetic_mean_rank_index": 0.46218995183491574,
        "adjusted_geometric_mean_rank_index": 0.8390555403778629,
        "adjusted_hits_at_k": 0.05773613104335256,
        "adjusted_inverse_harmonic_mean_rank": 0.030193482837332662,
        "arithmetic_mean_rank": 10903.2421875,
        "count": 5848.0,
        "geometric_mean_rank": 2401.951171875,
        "harmonic_mean_rank": 32.82877364971474,
        "hits_at_1": 0.01573187414500684,
        "hits_at_10": 0.05796853625170999,
        "hits_at_3": 0.03317373461012312,
        "hits_at_5": 0.04155266757865937,
        "inverse_arithmetic_mean_rank": 9.171583951683715e-05,
        "inverse_geometric_mean_rank": 0.00041632819920778275,
        "inverse_harmonic_mean_rank": 0.030461083032527148,
        "inverse_median_rank": 0.0001840095646912232,
        "median_absolute_deviation": 7957.1261067195655,
        "median_rank": 5434.5,
        "standard_deviation": 12133.0322265625,
        "variance": 147210464.0,
        "z_arithmetic_mean_rank": 61.21722398024562,
        "z_geometric_mean_rank": 64.2200804356755,
        "z_hits_at_k": 281.10018794574233,
        "z_inverse_harmonic_mean_rank": 362.7415363615148
      }
    },
    "head": {
      "optimistic": {
        "adjusted_arithmetic_mean_rank": 0.6233709073515975,
        "adjusted_arithmetic_mean_rank_index": 0.37664767596883575,
        "adjusted_geometric_mean_rank_index": 0.7944891931289548,
        "adjusted_hits_at_k": 0.047644670345667155,
        "adjusted_inverse_harmonic_mean_rank": 0.027085656497426752,
        "arithmetic_mean_rank": 12634.512995896033,
        "count": 2924.0,
        "geometric_mean_rank": 3066.366583099857,
        "harmonic_mean_rank": 36.5574991137905,
        "hits_at_1": 0.016073871409028728,
        "hits_at_10": 0.047879616963064295,
        "hits_at_3": 0.029069767441860465,
        "hits_at_5": 0.03488372093023256,
        "inverse_arithmetic_mean_rank": 7.914828219535031e-05,
        "inverse_geometric_mean_rank": 0.000326118868341266,
        "inverse_harmonic_mean_rank": 0.02735416875446965,
        "inverse_median_rank": 0.00013421917992081068,
        "median_absolute_deviation": 10865.250358318304,
        "median_rank": 7450.5,
        "standard_deviation": 13004.701758352729,
        "variance": 169122267.82370254,
        "z_arithmetic_mean_rank": 35.27549982003005,
        "z_geometric_mean_rank": 43.003933484274725,
        "z_hits_at_k": 164.00773982763116,
        "z_inverse_harmonic_mean_rank": 230.07003849884842
      },
      "pessimistic": {
        "adjusted_arithmetic_mean_rank": 0.6233713798155583,
        "adjusted_arithmetic_mean_rank_index": 0.3766472034815629,
        "adjusted_geometric_mean_rank_index": 0.7944890418337018,
        "adjusted_hits_at_k": 0.047644670345667155,
        "adjusted_inverse_harmonic_mean_rank": 0.027085656396564593,
        "arithmetic_mean_rank": 12634.522571819425,
        "count": 2924.0,
        "geometric_mean_rank": 3066.368839795842,
        "harmonic_mean_rank": 36.557499248550606,
        "hits_at_1": 0.016073871409028728,
        "hits_at_10": 0.047879616963064295,
        "hits_at_3": 0.029069767441860465,
        "hits_at_5": 0.03488372093023256,
        "inverse_arithmetic_mean_rank": 7.914822220749697e-05,
        "inverse_geometric_mean_rank": 0.00032611862833388945,
        "inverse_harmonic_mean_rank": 0.027354168653635328,
        "inverse_median_rank": 0.00013421917992081068,
        "median_absolute_deviation": 10865.250358318304,
        "median_rank": 7450.5,
        "standard_deviation": 13004.707744755677,
        "variance": 169122423.5265083,
        "z_arithmetic_mean_rank": 35.27545556852986,
        "z_geometric_mean_rank": 43.00392529499908,
        "z_hits_at_k": 164.00773982763116,
        "z_inverse_harmonic_mean_rank": 230.07003764210856
      },
      "realistic": {
        "adjusted_arithmetic_mean_rank": 0.6233711816153448,
        "adjusted_arithmetic_mean_rank_index": 0.37664740169155586,
        "adjusted_geometric_mean_rank_index": 0.7944889725616432,
        "adjusted_hits_at_k": 0.047644670345667155,
        "adjusted_inverse_harmonic_mean_rank": 0.02708565640653095,
        "arithmetic_mean_rank": 12634.5185546875,
        "count": 2924.0,
        "geometric_mean_rank": 3066.369873046875,
        "harmonic_mean_rank": 36.55749923523474,
        "hits_at_1": 0.016073871409028728,
        "hits_at_10": 0.047879616963064295,
        "hits_at_3": 0.029069767441860465,
        "hits_at_5": 0.03488372093023256,
        "inverse_arithmetic_mean_rank": 7.914824527688324e-05,
        "inverse_geometric_mean_rank": 0.00032611851929686964,
        "inverse_harmonic_mean_rank": 0.027354168663598934,
        "inverse_median_rank": 0.00013421918265521526,
        "median_absolute_deviation": 10865.250358318304,
        "median_rank": 7450.5,
        "standard_deviation": 13004.7041015625,
        "variance": 169122336.0,
        "z_arithmetic_mean_rank": 35.275474132182346,