{
  "losses": [
    0.013367026912761475,
    0.013179833175412171,
    0.012994235904604514,
    0.012810520019806017,
    0.012628654588765545
  ],
  "metrics": {
    "both": {
      "optimistic": {
        "adjusted_arithmetic_mean_rank": 0.5276142010546685,
        "adjusted_arithmetic_mean_rank_index": 0.4724520088567171,
        "adjusted_hits_at_k": 0.11342906334421032,
        "adjusted_inverse_harmonic_mean_rank": 0.07283633819545277,
        "arithmetic_mean_rank": 3764.880272042274,
        "count": 40876.0,
        "geometric_mean_rank": 793.899945390293,
        "harmonic_mean_rank": 13.605983362668397,
        "hits_at_1": 0.05210881690967805,
        "hits_at_10": 0.11405225560230943,
        "hits_at_3": 0.07735590566591644,
        "hits_at_5": 0.0932087288384382,
        "inverse_arithmetic_mean_rank": 0.00026561269621929996,
        "inverse_geometric_mean_rank": 0.0012596045708359194,
        "inverse_harmonic_mean_rank": 0.07349707649531335,
        "inverse_median_rank": 0.0004452359750667854,
        "median_absolute_deviation": 3295.8247317379532,
        "median_rank": 2246.0,
        "standard_deviation": 4007.336655248859,
        "variance": 16058747.068501113,
        "z_arithmetic_mean_rank": 165.23229525867953,
        "z_hits_at_k": 864.6735475572135,
        "z_inverse_harmonic_mean_rank": 1371.5523220323657
      },
      "pessimistic": {
        "adjusted_arithmetic_mean_rank": 0.5276190317306638,
        "adjusted_arithmetic_mean_rank_index": 0.47244717750365106,
        "adjusted_hits_at_k": 0.11342906334421032,
        "adjusted_inverse_harmonic_mean_rank": 0.072836276435286,
        "arithmetic_mean_rank": 3764.914742146981,
        "count": 40876.0,
        "geometric_mean_rank": 793.912000370915,
        "harmonic_mean_rank": 13.605994787744137,
        "hits_at_1": 0.05210881690967805,
        "hits_at_10": 0.11405225560230943,
        "hits_at_3": 0.07735590566591644,
        "hits_at_5": 0.0932087288384382,
        "inverse_arithmetic_mean_rank": 0.00026561026437207973,
        "inverse_geometric_mean_rank": 0.0012595854446497859,
        "inverse_harmonic_mean_rank": 0.07349701477915965,
        "inverse_median_rank": 0.0004452359750667854,
        "median_absolute_deviation": 3295.8247317379532,
        "median_rank": 2246.0,
        "standard_deviation": 4007.35491441866,
        "variance": 16058893.410115385,
        "z_arithmetic_mean_rank": 165.23060557265566,
        "z_hits_at_k": 864.6735475572135,
        "z_inverse_harmonic_mean_rank": 1371.5511590510541
      },
      "realistic": {
        "adjusted_arithmetic_mean_rank": 0.5276166099241587,
        "adjusted_arithmetic_mean_rank_index": 0.4724495996495982,
        "adjusted_hits_at_k": 0.11342906334421032,
        "adjusted_inverse_harmonic_mean_rank": 0.07283630710675247,
        "arithmetic_mean_rank": 3764.8974609375,
        "count": 40876.0,
        "geometric_mean_rank": 793.9061279296875,
        "harmonic_mean_rank": 13.605989531484779,
        "hits_at_1": 0.05210881690967805,
        "hits_at_10": 0.11405225560230943,
        "hits_at_3": 0.07735590566591644,
        "hits_at_5": 0.0932087288384382,
        "inverse_arithmetic_mean_rank": 0.0002656114811543375,
        "inverse_geometric_mean_rank": 0.001259594806469977,
        "inverse_harmonic_mean_rank": 0.07349704542876827,
        "inverse_median_rank": 0.0004452359862625599,
        "median_absolute_deviation": 3295.8247317379532,
        "median_rank": 2246.0,
        "standard_deviation": 4007.345703125,
        "variance": 16058820.0,
        "z_arithmetic_mean_rank": 165.23145267823844,
        "z_hits_at_k": 864.6735475572135,
        "z_inverse_harmonic_mean_rank": 1371.5517366133274
      }
    },
    "head": {
      "optimistic": {
        "adjusted_arithmetic_mean_rank": 0.6411589651715538,
        "adjusted_arithmetic_mean_rank_index": 0.35889203816598525,
        "adjusted_hits_at_k": 0.02347277804766899,
        "adjusted_inverse_harmonic_mean_rank": 0.010873180036128378,
        "arithmetic_mean_rank": 4511.603728349153,
        "count": 20438.0,
        "geometric_mean_rank": 1934.0093597003513,
        "harmonic_mean_rank": 86.29191849008801,
        "hits_at_1": 0.004061062726294158,
        "hits_at_10": 0.024170662491437518,
        "hits_at_3": 0.00949212251688032,
        "hits_at_5": 0.015510323906448771,
        "inverse_arithmetic_mean_rank": 0.00022165067240200888,
        "inverse_geometric_mean_rank": 0.0005170605793525924,
        "inverse_harmonic_mean_rank": 0.011588570720152269,
        "inverse_median_rank": 0.0002860411899313501,
        "median_absolute_deviation": 4356.626619078711,
        "median_rank": 3496.0,
        "standard_deviation": 3972.2526904656297,
        "variance": 15778791.436911434,
        "z_arithmetic_mean_rank": 88.65932890858505,
        "z_hits_at_k": 125.4815755749462,
        "z_inverse_harmonic_mean_rank": 143.58897920591045
      },
      "pessimistic": {
        "adjusted_arithmetic_mean_rank": 0.6411647017155157,
        "adjusted_arithmetic_mean_rank_index": 0.35888630080666817,
        "adjusted_hits_at_k": 0.02347277804766899,
        "adjusted_inverse_harmonic_mean_rank": 0.010873108507002505,
        "arithmetic_mean_rank": 4511.644094334084,
        "count": 20438.0,
        "geometric_mean_rank": 1934.0403711432396,
        "harmonic_mean_rank": 86.29245073513225,
        "hits_at_1": 0.004061062726294158,
        "hits_at_10": 0.024170662491437518,
        "hits_at_3": 0.00949212251688032,
        "hits_at_5": 0.015510323906448771,
        "inverse_arithmetic_mean_rank": 0.00022164868927844792,
        "inverse_geometric_mean_rank": 0.0005170522885253349,
        "inverse_harmonic_mean_rank": 0.011588499242760177,
        "inverse_median_rank": 0.0002860411899313501,
        "median_absolute_deviation": 4356.626619078711,
        "median_rank": 3496.0,
        "standard_deviation": 3972.267678960659,
        "variance": 15778910.5133155,
        "z_arithmetic_mean_rank": 88.65791157308394,
        "z_hits_at_k": 125.4815755749462,
        "z_inverse_harmonic_mean_rank": 143.58803460698596
      },
      "realistic": {
        "adjusted_arithmetic_mean_rank": 0.6411618493738521,
        "adjusted_arithmetic_mean_rank_index": 0.35888915355374507,
        "adjusted_hits_at_k": 0.02347277804766899,
        "adjusted_inverse_harmonic_mean_rank": 0.010873143966700935,
        "arithmetic_mean_rank": 4511.6240234375,
        "count": 20438.0,
        "geometric_mean_rank": 1934.02490234375,
        "harmonic_mean_rank": 86.29218338315411,
        "hits_at_1": 0.004061062726294158,
        "hits_at_10": 0.024170662491437518,
        "hits_at_3": 0.00949212251688032,
        "hits_at_5": 0.015510323906448771,
        "inverse_arithmetic_mean_rank": 0.00022164967958815396,
        "inverse_geometric_mean_rank": 0.0005170564400032163,
        "inverse_harmonic_mean_rank": 0.01158853467681221,
        "inverse_median_rank": 0.00028604117687791586,
        "median_absolute_deviation": 4356.626619078711,
        "median_rank": 3496.0,
        "standard_deviation": 3972.260009765625,
        "variance": 15778850.0,
        "z_arithmetic_mean_rank": 88.65861630490991,
        "z_hits_at_k": 125.4815755749462,
        "z_inverse_harmonic_mean_rank": 143.58850288047023
      }
    },
    "tail": {
      "optimistic": {
        "adjusted_arithmetic_mean_rank": 0.417177903862162,
        "adjusted_arithmetic_mean_rank_index": 0.5829026665413757,
        "adjusted_hits_at_k": 0.20338323587333643,
        "adjusted_inverse_harmonic_mean_rank": 0.1347981805690344,
        "arithmetic_mean_rank": 3018.156815735395,
        "count": 20438.0,
        "geometric_mean_rank": 325.8914545213797,
        "harmonic_mean_rank": 7.385219894424195,
        "hits_at_1": 0.10015657109306195,
        "hits_at_10": 0.20393384871318132,
        "hits_at_3": 0.14521968881495254,
        "hits_at_5": 0.17090713377042763,