{
  "losses": [
    20.45071284740388,
    14.57502553498077,
    10.225484043371134,
    7.005688575639661,
    4.622200210598691
  ],
  "metrics": {
    "both": {
      "optimistic": {
        "adjusted_arithmetic_mean_rank": 1.0126994693360527,
        "adjusted_arithmetic_mean_rank_index": -0.012700089965743233,
        "adjusted_hits_at_k": -4.435809332781619e-05,
        "adjusted_inverse_harmonic_mean_rank": 5.241758676361911e-05,
        "arithmetic_mean_rank": 20723.1052,
        "count": 10000.0,
        "geometric_mean_rank": 15394.675497871895,
        "harmonic_mean_rank": 3067.5569736687403,
        "hits_at_1": 0.0001,
        "hits_at_10": 0.0002,
        "hits_at_3": 0.0001,
        "hits_at_5": 0.0002,
        "inverse_arithmetic_mean_rank": 4.8255316486064065e-05,
        "inverse_geometric_mean_rank": 6.495752379699309e-05,
        "inverse_harmonic_mean_rank": 0.00032599231524753683,
        "inverse_median_rank": 4.8173037550882774e-05,
        "median_absolute_deviation": 15022.466979008012,
        "median_rank": 20758.5,
        "standard_deviation": 11763.285208500767,
        "variance": 138374878.89653295,
        "z_arithmetic_mean_rank": -2.1996636049485403,
        "z_hits_at_k": -0.28373706548148925,
        "z_inverse_harmonic_mean_rank": 0.8273479671066601
      },
      "pessimistic": {
        "adjusted_arithmetic_mean_rank": 1.0127007105866408,
        "adjusted_arithmetic_mean_rank_index": -0.012701331276992134,
        "adjusted_hits_at_k": -4.435809332781619e-05,
        "adjusted_inverse_harmonic_mean_rank": 5.241714190367465e-05,
        "arithmetic_mean_rank": 20723.1306,
        "count": 10000.0,
        "geometric_mean_rank": 15394.705594314819,
        "harmonic_mean_rank": 3067.5611586193463,
        "hits_at_1": 0.0001,
        "hits_at_10": 0.0002,
        "hits_at_3": 0.0001,
        "hits_at_5": 0.0002,
        "inverse_arithmetic_mean_rank": 4.8255257340317104e-05,
        "inverse_geometric_mean_rank": 6.495739680590544e-05,
        "inverse_harmonic_mean_rank": 0.00032599187050930123,
        "inverse_median_rank": 4.8173037550882774e-05,
        "median_absolute_deviation": 15022.466979008012,
        "median_rank": 20758.5,
        "standard_deviation": 11763.28695570858,
        "variance": 138374920.00234362,
        "z_arithmetic_mean_rank": -2.1998786008410036,
        "z_hits_at_k": -0.28373706548148925,
        "z_inverse_harmonic_mean_rank": 0.8273409455325398
      },
      "realistic": {
        "adjusted_arithmetic_mean_rank": 1.0127001505883748,
        "adjusted_arithmetic_mean_rank_index": -0.01270077125135849,
        "adjusted_hits_at_k": -4.435809332781619e-05,
        "adjusted_inverse_harmonic_mean_rank": 5.2417364271439425e-05,
        "arithmetic_mean_rank": 20723.119140625,
        "count": 10000.0,
        "geometric_mean_rank": 15394.67578125,
        "harmonic_mean_rank": 3067.559378276964,
        "hits_at_1": 0.0001,
        "hits_at_10": 0.0002,
        "hits_at_3": 0.0001,
        "hits_at_5": 0.0002,
        "inverse_arithmetic_mean_rank": 4.8255282308673486e-05,
        "inverse_geometric_mean_rank": 6.495752313639969e-05,
        "inverse_harmonic_mean_rank": 0.0003259920928162286,
        "inverse_median_rank": 4.8173038521781564e-05,
        "median_absolute_deviation": 15022.466979008012,
        "median_rank": 20758.5,
        "standard_deviation": 11763.2861328125,
        "variance": 138374896.0,
        "z_arithmetic_mean_rank": -2.199781604047473,
        "z_hits_at_k": -0.28373706548148925,
        "z_inverse_harmonic_mean_rank": 0.8273444553377312
      }
    },
    "head": {
      "optimistic": {
        "adjusted_arithmetic_mean_rank": 1.0164361612514943,
        "adjusted_arithmetic_mean_rank_index": -0.016436964513890873,
        "adjusted_hits_at_k": -4.436380124831586e-05,
        "adjusted_inverse_harmonic_mean_rank": 0.00014457574579320083,
        "arithmetic_mean_rank": 20799.0878,
        "count": 5000.0,
        "geometric_mean_rank": 15386.013539591448,
        "harmonic_mean_rank": 2391.594541454187,
        "hits_at_1": 0.0002,
        "hits_at_10": 0.0002,
        "hits_at_3": 0.0002,
        "hits_at_5": 0.0002,
        "inverse_arithmetic_mean_rank": 4.8079031619838636e-05,
        "inverse_geometric_mean_rank": 6.499409333202456e-05,
        "inverse_harmonic_mean_rank": 0.0004181310764290168,
        "inverse_median_rank": 4.781257470714798e-05,
        "median_absolute_deviation": 15121.801327647887,
        "median_rank": 20915.0,
        "standard_deviation": 11779.276661378286,
        "variance": 138751358.66529116,
        "z_arithmetic_mean_rank": -2.013056919338908,
        "z_hits_at_k": -0.20065587657052963,
        "z_inverse_harmonic_mean_rank": 1.6135653501144027
      },
      "pessimistic": {
        "adjusted_arithmetic_mean_rank": 1.0164373341138861,
        "adjusted_arithmetic_mean_rank_index": -0.01643813743360245,
        "adjusted_hits_at_k": -4.436380124831586e-05,
        "adjusted_inverse_harmonic_mean_rank": 0.00014457539979149638,
        "arithmetic_mean_rank": 20799.1118,
        "count": 5000.0,
        "geometric_mean_rank": 15386.042101334648,
        "harmonic_mean_rank": 2391.596519948779,
        "hits_at_1": 0.0002,
        "hits_at_10": 0.0002,
        "hits_at_3": 0.0002,
        "hits_at_5": 0.0002,
        "inverse_arithmetic_mean_rank": 4.80789761416639e-05,
        "inverse_geometric_mean_rank": 6.499397268081413e-05,
        "inverse_harmonic_mean_rank": 0.00041813073052197663,
        "inverse_median_rank": 4.781257470714798e-05,
        "median_absolute_deviation": 15121.801327647887,
        "median_rank": 20915.0,
        "standard_deviation": 11779.275458639244,
        "variance": 138751330.33050075,
        "z_arithmetic_mean_rank": -2.013200568377002,
        "z_hits_at_k": -0.20065587657052963,
        "z_inverse_harmonic_mean_rank": 1.6135614884959946
      },
      "realistic": {
        "adjusted_arithmetic_mean_rank": 1.0164368338147722,
        "adjusted_arithmetic_mean_rank_index": -0.016437637110037873,
        "adjusted_hits_at_k": -4.436380124831586e-05,
        "adjusted_inverse_harmonic_mean_rank": 0.00014457557275534118,
        "arithmetic_mean_rank": 20799.1015625,
        "count": 5000.0,
        "geometric_mean_rank": 15386.03125,
        "harmonic_mean_rank": 2391.5954229298945,
        "hits_at_1": 0.0002,
        "hits_at_10": 0.0002,
        "hits_at_3": 0.0002,
        "hits_at_5": 0.0002,
        "inverse_arithmetic_mean_rank": 4.807900040759705e-05,
        "inverse_geometric_mean_rank": 6.499401933979243e-05,
        "inverse_harmonic_mean_rank": 0.0004181309034384994,
        "inverse_median_rank": 4.781257302965969e-05,
        "median_absolute_deviation": 15121.801327647887,
        "median_rank": 20915.0,
        "standard_deviation": 11779.2763671875,
        "variance": 138751344.0,
        "z_arithmetic_mean_rank": -2.013139293084194,
        "z_hits_at_k": -0.20065587657052963,
        "z_inverse_harmonic_mean_rank": 1.61356341889217
      }
    },
    "tail": {
      "optimistic": {
        "adjusted_arithmetic_mean_rank": 1.0089629506723694,
        "adjusted_arithmetic_mean_rank_index": -0.008963388686288987,
        "adjusted_hits_at_k": -4.4352385407381626e-05,
        "adjusted_inverse_harmonic_mean_rank": -3.974057119360112e-05,
        "arithmetic_mean_rank": 20647.1226,
        "count": 5000.0,
        "geometric_mean_rank": 15403.342332628104,
        "harmonic_mean_rank": 4276.180466846908,
        "hits_at_1": 0.0,
        "hits_at_10": 0.0002,
        "hits_at_3": 0.0,
        "hits_at_5": 0.0002,
        "inverse_arithmetic_mean_rank": 4.843289882920539e-05,
        "inverse_geometric_mean_rank": 6.49209748381526e-05,
        "inverse_harmonic_mean_rank": 0.00023385355406605694,
        "inverse_median_rank": 4.848602390360979e-05,
        "median_absolute_deviation": 14937.21735144394,
        "median_rank": 20624.5,